Order_ID,Order_Date,Customer,Region,Product_ID,Product_Name,Category,Plant,Sales_Channel,Quantity,Unit_Price,Revenue,COGS,Gross_Profit,Margin_Pct,Order_Status,Order_Date_year,Order_Date_month,Order_Date_day_of_week,Quantity_group,Unit_Price_group,Revenue_group,COGS_group,Gross_Profit_group,Margin_Pct_group
SO00001,2025-10-15,Bharat Engineering,South,P001,Industrial Pump,Pumps,Plant B,Online,443,689.42,305413.06,186060,119353.06,39.08,Delivered,2025,2025-10,Wednesday,High,Medium-Low,High,High,High,High
SO00002,2025-09-19,Horizon Infra,East,P001,Industrial Pump,Pumps,Plant D,Distributor,186,574.73,106899.78,78120,28779.78,26.92,Delivered,2025,2025-09,Friday,Medium-Low,Medium-Low,Medium-Low,Medium-High,Medium-Low,Low
SO00003,2025-12-16,Horizon Infra,North,P006,Bearing Unit,Components,Plant D,Distributor,124,204.74,25387.76,15500,9887.76,38.95,Delivered,2025,2025-12,Tuesday,Medium-Low,Low,Low,Low,Low,High
SO00004,2025-10-09,Evergreen Systems,North,P001,Industrial Pump,Pumps,Plant A,Direct,158,693.05,109501.9,66360,43141.9,39.4,Delivered,2025,2025-10,Thursday,Medium-Low,Medium-High,Medium-Low,Medium-Low,Medium-High,High
SO00005,2025-10-20,Global Machines,South,P006,Bearing Unit,Components,Plant A,Distributor,250,201.38,50345.0,31250,19095.0,37.93,Delivered,2025,2025-10,Monday,Medium-High,Low,Low,Low,Medium-Low,High
SO00006,2025-09-26,Evergreen Systems,West,P004,Gear Assembly,Assemblies,Plant A,OEM,132,782.16,103245.12,71280,31965.12,30.96,Delivered,2025,2025-09,Friday,Medium-Low,Medium-High,Medium-Low,Medium-Low,Medium-Low,Medium-Low
SO00007,2025-12-15,Bharat Engineering,East,P004,Gear Assembly,Assemblies,Plant A,OEM,301,806.53,242765.53,162540,80225.53,33.05,Cancelled,2025,2025-12,Monday,Medium-High,Medium-High,High,High,High,Medium-Low
SO00008,2025-07-16,Delta Auto,East,P005,Control Panel,Electrical,Plant D,Direct,336,953.14,320255.04,228480,91775.04,28.66,Delivered,2025,2025-07,Wednesday,Medium-High,Medium-High,High,High,High,Low
SO00009,2025-01-25,Bharat Engineering,South,P006,Bearing Unit,Components,Plant A,Distributor,78,191.88,14966.64,9750,5216.64,34.86,Delivered,2025,2025-01,Saturday,Low,Low,Low,Low,Low,Medium-High
SO00010,2025-05-21,Global Machines,South,P004,Gear Assembly,Assemblies,Plant A,Distributor,323,715.81,231206.63,174420,56786.63,24.56,Delivered,2025,2025-05,Wednesday,Medium-High,Medium-High,Medium-High,High,Medium-High,Low
SO00011,2025-08-11,Alpha Industries,East,P006,Bearing Unit,Components,Plant D,OEM,72,210.41,15149.52,9000,6149.52,40.59,Delivered,2025,2025-08,Monday,Low,Low,Low,Low,Low,High
SO00012,2025-01-20,Bharat Engineering,West,P001,Industrial Pump,Pumps,Plant B,OEM,230,691.7,159091.0,96600,62491.0,39.28,Delivered,2025,2025-01,Monday,Medium-High,Medium-High,Medium-High,Medium-High,Medium-High,High
SO00013,2025-09-04,Alpha Industries,South,P005,Control Panel,Electrical,Plant B,OEM,25,883.25,22081.25,17000,5081.25,23.01,Delivered,2025,2025-09,Thursday,Low,Medium-High,Low,Low,Low,Low
SO00014,2025-11-24,Horizon Infra,North,P003,Electric Motor,Motors,Plant C,OEM,399,1032.85,412107.15,303240,108867.15,26.42,Delivered,2025,2025-11,Monday,High,High,High,High,High,Low
SO00015,2025-07-20,Bharat Engineering,East,P002,Hydraulic Valve,Valves,Plant D,Direct,87,281.44,24485.28,16095,8390.28,34.27,Delivered,2025,2025-07,Sunday,Low,Low,Low,Low,Low,Medium-High
SO00016,2025-04-25,Global Machines,South,P002,Hydraulic Valve,Valves,Plant A,Online,131,307.32,40258.92,24235,16023.92,39.8,Delivered,2025,2025-04,Friday,Medium-Low,Medium-Low,Low,Low,Low,High
SO00017,2025-07-08,Alpha Industries,South,P005,Control Panel,Electrical,Plant C,Distributor,445,915.18,407255.1,302600,104655.1,25.7,Delivered,2025,2025-07,Tuesday,High,Medium-High,High,High,High,Low
SO00018,2025-01-26,Alpha Industries,South,P006,Bearing Unit,Components,Plant B,Direct,267,221.85,59233.95,33375,25858.95,43.66,Processing,2025,2025-01,Sunday,Medium-High,Low,Medium-Low,Medium-Low,Medium-Low,High
SO00019,2025-02-23,Global Machines,East,P006,Bearing Unit,Components,Plant B,Direct,226,187.11,42286.86,28250,14036.86,33.19,Delivered,2025,2025-02,Sunday,Medium-High,Low,Low,Low,Low,Medium-Low
SO00020,2025-06-19,Bharat Engineering,North,P006,Bearing Unit,Components,Plant D,Direct,123,224.32,27591.36,15375,12216.36,44.28,Delivered,2025,2025-06,Thursday,Medium-Low,Low,Low,Low,Low,High
SO00021,2025-01-11,Fusion Tech,North,P003,Electric Motor,Motors,Plant A,OEM,379,1111.21,421148.59,288040,133108.59,31.61,Delivered,2025,2025-01,Saturday,High,High,High,High,High,Medium-Low
SO00022,2025-01-27,Evergreen Systems,East,P002,Hydraulic Valve,Valves,Plant A,Direct,389,298.47,116104.83,71965,44139.83,38.02,Cancelled,2025,2025-01,Monday,High,Medium-Low,Medium-High,Medium-Low,Medium-High,High
SO00023,2025-12-16,Crown Manufacturing,South,P005,Control Panel,Electrical,Plant C,OEM,155,934.47,144842.85,105400,39442.85,27.23,Processing,2025,2025-12,Tuesday,Medium-Low,Medium-High,Medium-High,Medium-High,Medium-High,Low
SO00024,2025-03-24,Evergreen Systems,East,P006,Bearing Unit,Components,Plant B,Distributor,246,217.64,53539.44,30750,22789.44,42.57,Delivered,2025,2025-03,Monday,Medium-High,Low,Medium-Low,Low,Medium-Low,High
SO00025,2025-10-17,Alpha Industries,East,P004,Gear Assembly,Assemblies,Plant C,Online,428,739.78,316625.84,231120,85505.84,27.01,Delayed,2025,2025-10,Friday,High,Medium-High,High,High,High,Low
SO00026,2025-02-07,Horizon Infra,South,P001,Industrial Pump,Pumps,Plant C,Direct,95,578.36,54944.2,39900,15044.2,27.38,Delivered,2025,2025-02,Friday,Low,Medium-Low,Medium-Low,Medium-Low,Low,Low
SO00027,2025-03-28,Bharat Engineering,East,P003,Electric Motor,Motors,Plant C,Distributor,176,1074.2,189059.2,133760,55299.2,29.25,Cancelled,2025,2025-03,Friday,Medium-Low,High,Medium-High,Medium-High,Medium-High,Low
SO00028,2025-11-17,Bharat Engineering,West,P006,Bearing Unit,Components,Plant A,Distributor,138,220.66,30451.08,17250,13201.08,43.35,Delivered,2025,2025-11,Monday,Medium-Low,Low,Low,Low,Low,High
SO00029,2025-06-05,Horizon Infra,North,P002,Hydraulic Valve,Valves,Plant B,Direct,174,304.14,52920.36,32190,20730.36,39.17,Delivered,2025,2025-06,Thursday,Medium-Low,Medium-Low,Medium-Low,Low,Medium-Low,High
SO00030,2025-11-04,Bharat Engineering,West,P001,Industrial Pump,Pumps,Plant C,OEM,286,639.23,182819.78,120120,62699.78,34.3,Delivered,2025,2025-11,Tuesday,Medium-High,Medium-Low,Medium-High,Medium-High,Medium-High,Medium-High
SO00031,2025-10-13,Bharat Engineering,West,P005,Control Panel,Electrical,Plant B,Distributor,266,974.54,259227.64,180880,78347.64,30.22,Delivered,2025,2025-10,Monday,Medium-High,High,High,High,High,Medium-Low
SO00032,2025-07-05,Fusion Tech,West,P006,Bearing Unit,Components,Plant B,Direct,141,190.26,26826.66,17625,9201.66,34.3,Delivered,2025,2025-07,Saturday,Medium-Low,Low,Low,Low,Low,Medium-High
SO00033,2025-07-01,Crown Manufacturing,East,P002,Hydraulic Valve,Valves,Plant C,OEM,67,309.2,20716.4,12395,8321.4,40.17,Delivered,2025,2025-07,Tuesday,Low,Medium-Low,Low,Low,Low,High
SO00034,2025-05-23,Delta Auto,South,P001,Industrial Pump,Pumps,Plant C,Direct,266,674.3,179363.8,111720,67643.8,37.71,Delivered,2025,2025-05,Friday,Medium-High,Medium-Low,Medium-High,Medium-High,Medium-High,High
SO00035,2025-07-25,Alpha Industries,East,P004,Gear Assembly,Assemblies,Plant D,Distributor,150,819.15,122872.5,81000,41872.5,34.08,Delivered,2025,2025-07,Friday,Medium-Low,Medium-High,Medium-High,Medium-High,Medium-High,Medium-High
SO00036,2025-05-22,Crown Manufacturing,North,P003,Electric Motor,Motors,Plant A,Distributor,183,1090.03,199475.49,139080,60395.49,30.28,Delivered,2025,2025-05,Thursday,Medium-Low,High,Medium-High,Medium-High,Medium-High,Medium-Low
SO00037,2025-07-04,Evergreen Systems,East,P005,Control Panel,Electrical,Plant B,Direct,184,1051.43,193463.12,125120,68343.12,35.33,Delayed,2025,2025-07,Friday,Medium-Low,High,Medium-High,Medium-High,Medium-High,Medium-High
SO00038,2025-08-29,Delta Auto,East,P002,Hydraulic Valve,Valves,Plant C,Online,218,311.46,67898.28,40330,27568.28,40.6,Processing,2025,2025-08,Friday,Medium-Low,Medium-Low,Medium-Low,Medium-Low,Medium-Low,High
SO00039,2025-01-08,Delta Auto,East,P004,Gear Assembly,Assemblies,Plant C,Online,213,817.2,174063.6,115020,59043.6,33.92,Cancelled,2025,2025-01,Wednesday,Medium-Low,Medium-High,Medium-High,Medium-High,Medium-High,Medium-High
SO00040,2025-03-13,Horizon Infra,East,P003,Electric Motor,Motors,Plant B,Online,16,1068.88,17102.08,12160,4942.08,28.9,Delivered,2025,2025-03,Thursday,Low,High,Low,Low,Low,Low
SO00041,2025-10-15,Bharat Engineering,West,P003,Electric Motor,Motors,Plant C,Direct,60,1124.04,67442.4,45600,21842.4,32.39,Delivered,2025,2025-10,Wednesday,Low,High,Medium-Low,Medium-Low,Medium-Low,Medium-Low
SO00042,2025-04-05,Crown Manufacturing,South,P004,Gear Assembly,Assemblies,Plant D,Direct,268,806.02,216013.36,144720,71293.36,33.0,Delivered,2025,2025-04,Saturday,Medium-High,Medium-High,Medium-High,Medium-High,Medium-High,Medium-Low
SO00043,2025-06-06,Horizon Infra,North,P002,Hydraulic Valve,Valves,Plant B,Direct,187,282.86,52894.82,34595,18299.82,34.6,Delivered,2025,2025-06,Friday,Medium-Low,Low,Medium-Low,Medium-Low,Low,Medium-High
SO00044,2025-02-10,Evergreen Systems,North,P003,Electric Motor,Motors,Plant C,OEM,419,1054.29,441747.51,318440,123307.51,27.91,Delivered,2025,2025-02,Monday,High,High,High,High,High,Low
SO00045,2025-11-27,Bharat Engineering,North,P005,Control Panel,Electrical,Plant B,Direct,40,942.17,37686.8,27200,10486.8,27.83,Delivered,2025,2025-11,Thursday,Low,Medium-High,Low,Low,Low,Low
SO00046,2025-10-28,Bharat Engineering,East,P001,Industrial Pump,Pumps,Plant C,Distributor,365,646.61,236012.65,153300,82712.65,35.05,Delayed,2025,2025-10,Tuesday,High,Medium-Low,Medium-High,Medium-High,High,Medium-High
SO00047,2025-09-26,Global Machines,North,P005,Control Panel,Electrical,Plant C,OEM,327,946.31,309443.37,222360,87083.37,28.14,Delivered,2025,2025-09,Friday,Medium-High,Medium-High,High,High,High,Low
SO00048,2025-06-04,Global Machines,West,P006,Bearing Unit,Components,Plant A,OEM,163,195.87,31926.81,20375,11551.81,36.18,Delayed,2025,2025-06,Wednesday,Medium-Low,Low,Low,Low,Low,Medium-High
SO00049,2025-10-02,Global Machines,South,P003,Electric Motor,Motors,Plant B,OEM,373,1156.06,431210.38,283480,147730.38,34.26,Delivered,2025,2025-10,Thursday,High,High,High,High,High,Medium-High
SO00050,2025-06-03,Fusion Tech,East,P001,Industrial Pump,Pumps,Plant A,OEM,64,641.09,41029.76,26880,14149.76,34.49,Delivered,2025,2025-06,Tuesday,Low,Medium-Low,Low,Low,Low,Medium-High
SO00051,2025-02-22,Horizon Infra,East,P004,Gear Assembly,Assemblies,Plant C,Direct,165,723.76,119420.4,89100,30320.4,25.39,Delivered,2025,2025-02,Saturday,Medium-Low,Medium-High,Medium-High,Medium-High,Medium-Low,Low
SO00052,2025-06-28,Alpha Industries,West,P001,Industrial Pump,Pumps,Plant B,Direct,53,619.88,32853.64,22260,10593.64,32.24,Delivered,2025,2025-06,Saturday,Low,Medium-Low,Low,Low,Low,Medium-Low
SO00053,2025-08-28,Delta Auto,North,P001,Industrial Pump,Pumps,Plant B,Direct,90,687.04,61833.6,37800,24033.6,38.87,Delayed,2025,2025-08,Thursday,Low,Medium-Low,Medium-Low,Medium-Low,Medium-Low,High
SO00054,2025-05-17,Evergreen Systems,East,P001,Industrial Pump,Pumps,Plant D,Direct,175,670.18,117281.5,73500,43781.5,37.33,Delivered,2025,2025-05,Saturday,Medium-Low,Medium-Low,Medium-High,Medium-Low,Medium-High,High
SO00055,2025-09-12,Delta Auto,East,P003,Electric Motor,Motors,Plant D,Distributor,39,1058.01,41262.39,29640,11622.39,28.17,Delivered,2025,2025-09,Friday,Low,High,Low,Low,Low,Low
SO00056,2025-08-12,Crown Manufacturing,West,P006,Bearing Unit,Components,Plant C,Direct,331,224.2,74210.2,41375,32835.2,44.25,Delivered,2025,2025-08,Tuesday,Medium-High,Low,Medium-Low,Medium-Low,Medium-Low,High
SO00057,2025-06-29,Alpha Industries,West,P006,Bearing Unit,Components,Plant C,Online,145,188.02,27262.9,18125,9137.9,33.52,Delivered,2025,2025-06,Sunday,Medium-Low,Low,Low,Low,Low,Medium-Low
SO00058,2025-07-01,Bharat Engineering,North,P002,Hydraulic Valve,Valves,Plant C,Direct,23,316.31,7275.13,4255,3020.13,41.51,Delivered,2025,2025-07,Tuesday,Low,Medium-Low,Low,Low,Low,High
SO00059,2025-09-16,Alpha Industries,South,P006,Bearing Unit,Components,Plant C,Direct,366,195.12,71413.92,45750,25663.92,35.94,Delivered,2025,2025-09,Tuesday,High,Low,Medium-Low,Medium-Low,Medium-Low,Medium-High
SO00060,2025-08-31,Bharat Engineering,South,P003,Electric Motor,Motors,Plant D,Online,115,987.64,113578.6,87400,26178.6,23.05,Delivered,2025,2025-08,Sunday,Low,High,Medium-High,Medium-High,Medium-Low,Low
SO00061,2025-04-06,Horizon Infra,North,P002,Hydraulic Valve,Valves,Plant B,Direct,368,285.19,104949.92,68080,36869.92,35.13,Delivered,2025,2025-04,Sunday,High,Medium-Low,Medium-Low,Medium-Low,Medium-Low,Medium-High
SO00062,2025-07-16,Global Machines,South,P004,Gear Assembly,Assemblies,Plant A,Online,327,770.95,252100.65,176580,75520.65,29.96,Delivered,2025,2025-07,Wednesday,Medium-High,Medium-High,High,High,High,Low
SO00063,2025-01-14,Alpha Industries,West,P004,Gear Assembly,Assemblies,Plant B,OEM,84,800.13,67210.92,45360,21850.92,32.51,Processing,2025,2025-01,Tuesday,Low,Medium-High,Medium-Low,Medium-Low,Medium-Low,Medium-Low
SO00064,2025-04-30,Bharat Engineering,West,P004,Gear Assembly,Assemblies,Plant B,OEM,88,841.88,74085.44,47520,26565.44,35.86,Processing,2025,2025-04,Wednesday,Low,Medium-High,Medium-Low,Medium-Low,Medium-Low,Medium-High
SO00065,2025-09-26,Delta Auto,West,P004,Gear Assembly,Assemblies,Plant D,Direct,203,849.27,172401.81,109620,62781.81,36.42,Delivered,2025,2025-09,Friday,Medium-Low,Medium-High,Medium-High,Medium-High,Medium-High,Medium-High
SO00066,2025-06-20,Global Machines,South,P004,Gear Assembly,Assemblies,Plant B,OEM,372,777.8,289341.6,200880,88461.6,30.57,Delivered,2025,2025-06,Friday,High,Medium-High,High,High,High,Medium-Low
SO00067,2025-03-13,Global Machines,South,P005,Control Panel,Electrical,Plant B,Direct,105,946.65,99398.25,71400,27998.25,28.17,Delivered,2025,2025-03,Thursday,Low,Medium-High,Medium-Low,Medium-Low,Medium-Low,Low
SO00068,2025-06-28,Global Machines,East,P003,Electric Motor,Motors,Plant C,Online,49,1018.79,49920.71,37240,12680.71,25.4,Processing,2025,2025-06,Saturday,Low,High,Low,Medium-Low,Low,Low
SO00069,2025-06-19,Delta Auto,East,P002,Hydraulic Valve,Valves,Plant A,Direct,265,262.41,69538.65,49025,20513.65,29.5,Processing,2025,2025-06,Thursday,Medium-High,Low,Medium-Low,Medium-Low,Medium-Low,Low
SO00070,2025-06-08,Delta Auto,East,P004,Gear Assembly,Assemblies,Plant B,Direct,406,816.68,331572.08,219240,112332.08,33.88,Delayed,2025,2025-06,Sunday,High,Medium-High,High,High,High,Medium-High
SO00071,2025-06-03,Delta Auto,South,P005,Control Panel,Electrical,Plant B,OEM,116,875.03,101503.48,78880,22623.48,22.29,Delivered,2025,2025-06,Tuesday,Medium-Low,Medium-High,Medium-Low,Medium-High,Medium-Low,Low
SO00072,2025-03-23,Global Machines,East,P006,Bearing Unit,Components,Plant A,Direct,26,215.62,5606.12,3250,2356.12,42.03,Delivered,2025,2025-03,Sunday,Low,Low,Low,Low,Low,High
SO00073,2025-02-26,Alpha Industries,West,P005,Control Panel,Electrical,Plant C,OEM,24,968.06,23233.44,16320,6913.44,29.76,Delivered,2025,2025-02,Wednesday,Low,High,Low,Low,Low,Low
SO00074,2025-01-07,Bharat Engineering,South,P005,Control Panel,Electrical,Plant D,Direct,426,901.32,383962.32,289680,94282.32,24.56,Delivered,2025,2025-01,Tuesday,High,Medium-High,High,High,High,Low
SO00075,2025-04-22,Delta Auto,North,P003,Electric Motor,Motors,Plant D,OEM,281,1106.45,310912.45,213560,97352.45,31.31,Delivered,2025,2025-04,Tuesday,Medium-High,High,High,High,High,Medium-Low
SO00076,2025-02-17,Alpha Industries,South,P004,Gear Assembly,Assemblies,Plant B,OEM,22,742.45,16333.9,11880,4453.9,27.27,Delivered,2025,2025-02,Monday,Low,Medium-High,Low,Low,Low,Low
SO00077,2025-03-21,Bharat Engineering,East,P005,Control Panel,Electrical,Plant C,Distributor,256,948.39,242787.84,174080,68707.84,28.3,Delivered,2025,2025-03,Friday,Medium-High,Medium-High,High,High,Medium-High,Low
SO00078,2025-11-12,Global Machines,South,P005,Control Panel,Electrical,Plant D,Distributor,223,1019.11,227261.53,151640,75621.53,33.28,Delivered,2025,2025-11,Wednesday,Medium-Low,High,Medium-High,Medium-High,High,Medium-Low
SO00079,2025-02-02,Alpha Industries,East,P004,Gear Assembly,Assemblies,Plant D,Distributor,160,787.63,126020.8,86400,39620.8,31.44,Processing,2025,2025-02,Sunday,Medium-Low,Medium-High,Medium-High,Medium-High,Medium-High,Medium-Low
SO00080,2025-04-25,Global Machines,East,P003,Electric Motor,Motors,Plant D,OEM,301,1018.91,306691.91,228760,77931.91,25.41,Delivered,2025,2025-04,Friday,Medium-High,High,High,High,High,Low
SO00081,2025-01-03,Fusion Tech,North,P005,Control Panel,Electrical,Plant D,Direct,52,1004.27,52222.04,35360,16862.04,32.29,Delayed,2025,2025-01,Friday,Low,High,Low,Medium-Low,Low,Medium-Low
SO00082,2025-01-04,Delta Auto,North,P002,Hydraulic Valve,Valves,Plant D,Distributor,443,270.62,119884.66,81955,37929.66,31.64,Cancelled,2025,2025-01,Saturday,High,Low,Medium-High,Medium-High,Medium-High,Medium-Low
SO00083,2025-12-22,Crown Manufacturing,West,P001,Industrial Pump,Pumps,Plant B,Direct,123,668.01,82165.23,51660,30505.23,37.13,Delayed,2025,2025-12,Monday,Medium-Low,Medium-Low,Medium-Low,Medium-Low,Medium-Low,Medium-High
SO00084,2025-09-17,Alpha Industries,East,P006,Bearing Unit,Components,Plant D,Direct,339,204.93,69471.27,42375,27096.27,39.0,Processing,2025,2025-09,Wednesday,High,Low,Medium-Low,Medium-Low,Medium-Low,High
SO00085,2025-02-11,Delta Auto,South,P001,Industrial Pump,Pumps,Plant B,Direct,90,630.99,56789.1,37800,18989.1,33.44,Processing,2025,2025-02,Tuesday,Low,Medium-Low,Medium-Low,Medium-Low,Medium-Low,Medium-Low
SO00086,2025-01-09,Evergreen Systems,North,P001,Industrial Pump,Pumps,Plant A,Distributor,359,682.69,245085.71,150780,94305.71,38.48,Delivered,2025,2025-01,Thursday,High,Medium-Low,High,Medium-High,High,High
SO00087,2025-11-03,Bharat Engineering,North,P003,Electric Motor,Motors,Plant A,OEM,150,1144.33,171649.5,114000,57649.5,33.59,Delivered,2025,2025-11,Monday,Medium-Low,High,Medium-High,Medium-High,Medium-High,Medium-Low
SO00088,2025-05-25,Fusion Tech,East,P005,Control Panel,Electrical,Plant C,Direct,39,868.85,33885.15,26520,7365.15,21.74,Delivered,2025,2025-05,Sunday,Low,Medium-High,Low,Low,Low,Low
SO00089,2025-04-07,Delta Auto,South,P001,Industrial Pump,Pumps,Plant B,Distributor,39,610.5,23809.5,16380,7429.5,31.2,Delivered,2025,2025-04,Monday,Low,Medium-Low,Low,Low,Low,Medium-Low
SO00090,2025-10-03,Evergreen Systems,North,P001,Industrial Pump,Pumps,Plant C,Distributor,275,685.22,188435.5,115500,72935.5,38.71,Cancelled,2025,2025-10,Friday,Medium-High,Medium-Low,Medium-High,Medium-High,Medium-High,High
SO00091,2025-05-22,Alpha Industries,North,P006,Bearing Unit,Components,Plant A,Distributor,108,185.57,20041.56,13500,6541.56,32.64,Delivered,2025,2025-05,Thursday,Low,Low,Low,Low,Low,Medium-Low
SO00092,2025-10-05,Alpha Industries,South,P004,Gear Assembly,Assemblies,Plant A,OEM,103,801.13,82516.39,55620,26896.39,32.6,Delivered,2025,2025-10,Sunday,Low,Medium-High,Medium-Low,Medium-Low,Medium-Low,Medium-Low
SO00093,2025-01-27,Evergreen Systems,North,P005,Control Panel,Electrical,Plant A,Direct,220,1005.05,221111.0,149600,71511.0,32.34,Delivered,2025,2025-01,Monday,Medium-Low,High,Medium-High,Medium-High,Medium-High,Medium-Low
SO00094,2025-02-12,Fusion Tech,South,P005,Control Panel,Electrical,Plant A,Direct,304,984.28,299221.12,206720,92501.12,30.91,Cancelled,2025,2025-02,Wednesday,Medium-High,High,High,High,High,Medium-Low
SO00095,2025-05-11,Evergreen Systems,East,P006,Bearing Unit,Components,Plant D,Direct,46,216.74,9970.04,5750,4220.04,42.33,Delivered,2025,2025-05,Sunday,Low,Low,Low,Low,Low,High
SO00096,2025-08-04,Bharat Engineering,North,P004,Gear Assembly,Assemblies,Plant A,OEM,396,830.36,328822.56,213840,114982.56,34.97,Delivered,2025,2025-08,Monday,High,Medium-High,High,High,High,Medium-High
SO00097,2025-04-04,Alpha Industries,East,P005,Control Panel,Electrical,Plant D,OEM,98,998.04,97807.92,66640,31167.92,31.87,Delivered,2025,2025-04,Friday,Low,High,Medium-Low,Medium-Low,Medium-Low,Medium-Low
SO00098,2025-01-08,Evergreen Systems,South,P002,Hydraulic Valve,Valves,Plant D,Direct,427,308.07,131545.89,78995,52550.89,39.95,Delivered,2025,2025-01,Wednesday,High,Medium-Low,Medium-High,Medium-High,Medium-High,High
SO00099,2025-03-27,Crown Manufacturing,East,P006,Bearing Unit,Components,Plant C,Direct,264,211.92,55946.88,33000,22946.88,41.02,Delivered,2025,2025-03,Thursday,Medium-High,Low,Medium-Low,Low,Medium-Low,High
SO00100,2025-12-11,Crown Manufacturing,East,P003,Electric Motor,Motors,Plant D,Distributor,223,1075.74,239890.02,169480,70410.02,29.35,Delivered,2025,2025-12,Thursday,Medium-Low,High,High,High,Medium-High,Low
SO00101,2025-05-18,Evergreen Systems,East,P004,Gear Assembly,Assemblies,Plant C,Online,431,789.25,340166.75,232740,107426.75,31.58,Processing,2025,2025-05,Sunday,High,Medium-High,High,High,High,Medium-Low
SO00102,2025-09-03,Bharat Engineering,West,P006,Bearing Unit,Components,Plant D,Distributor,23,214.9,4942.7,2875,2067.7,41.83,Delivered,2025,2025-09,Wednesday,Low,Low,Low,Low,Low,High
SO00103,2025-01-21,Alpha Industries,South,P001,Industrial Pump,Pumps,Plant D,OEM,201,685.92,137869.92,84420,53449.92,38.77,Delivered,2025,2025-01,Tuesday,Medium-Low,Medium-Low,Medium-High,Medium-High,Medium-High,High
SO00104,2025-09-22,Crown Manufacturing,South,P005,Control Panel,Electrical,Plant A,OEM,304,915.75,278388.0,206720,71668.0,25.74,Processing,2025,2025-09,Monday,Medium-High,Medium-High,High,High,Medium-High,Low
SO00105,2025-05-28,Evergreen Systems,South,P002,Hydraulic Valve,Valves,Plant B,OEM,191,279.78,53437.98,35335,18102.98,33.88,Delayed,2025,2025-05,Wednesday,Medium-Low,Low,Medium-Low,Medium-Low,Low,Medium-High
SO00106,2025-07-03,Global Machines,South,P002,Hydraulic Valve,Valves,Plant D,Distributor,139,314.51,43716.89,25715,18001.89,41.18,Cancelled,2025,2025-07,Thursday,Medium-Low,Medium-Low,Low,Low,Low,High
SO00107,2025-08-15,Evergreen Systems,South,P003,Electric Motor,Motors,Plant B,Direct,233,1115.19,259839.27,177080,82759.27,31.85,Delivered,2025,2025-08,Friday,Medium-High,High,High,High,High,Medium-Low
SO00108,2025-10-19,Delta Auto,North,P006,Bearing Unit,Components,Plant B,Online,52,192.32,10000.64,6500,3500.64,35.0,Delayed,2025,2025-10,Sunday,Low,Low,Low,Low,Low,Medium-High
SO00109,2025-02-05,Evergreen Systems,North,P002,Hydraulic Valve,Valves,Plant B,Distributor,190,298.76,56764.4,35150,21614.4,38.08,Delivered,2025,2025-02,Wednesday,Medium-Low,Medium-Low,Medium-Low,Medium-Low,Medium-Low,High
SO00110,2025-09-03,Bharat Engineering,North,P006,Bearing Unit,Components,Plant D,Direct,396,226.41,89658.36,49500,40158.36,44.79,Processing,2025,2025-09,Wednesday,High,Low,Medium-Low,Medium-Low,Medium-High,High
SO00111,2025-03-14,Crown Manufacturing,East,P005,Control Panel,Electrical,Plant B,Direct,178,1023.8,182236.4,121040,61196.4,33.58,Delivered,2025,2025-03,Friday,Medium-Low,High,Medium-High,Medium-High,Medium-High,Medium-Low
SO00112,2025-05-30,Delta Auto,East,P005,Control Panel,Electrical,Plant D,Distributor,273,1008.57,275339.61,185640,89699.61,32.58,Delivered,2025,2025-05,Friday,Medium-High,High,High,High,High,Medium-Low
SO00113,2025-01-01,Crown Manufacturing,South,P002,Hydraulic Valve,Valves,Plant A,Distributor,105,271.87,28546.35,19425,9121.35,31.95,Delivered,2025,2025-01,Wednesday,Low,Low,Low,Low,Low,Medium-Low
SO00114,2025-03-10,Crown Manufacturing,West,P005,Control Panel,Electrical,Plant D,Distributor,212,1034.12,219233.44,144160,75073.44,34.24,Delivered,2025,2025-03,Monday,Medium-Low,High,Medium-High,Medium-High,High,Medium-High
SO00115,2025-10-20,Bharat Engineering,South,P006,Bearing Unit,Components,Plant C,Direct,330,206.88,68270.4,41250,27020.4,39.58,Processing,2025,2025-10,Monday,Medium-High,Low,Medium-Low,Medium-Low,Medium-Low,High
SO00116,2025-08-18,Evergreen Systems,North,P005,Control Panel,Electrical,Plant A,Distributor,344,1036.7,356624.8,233920,122704.8,34.41,Delivered,2025,2025-08,Monday,High,High,High,High,High,Medium-High
SO00117,2025-07-30,Bharat Engineering,South,P001,Industrial Pump,Pumps,Plant B,Direct,397,614.88,244107.36,166740,77367.36,31.69,Delivered,2025,2025-07,Wednesday,High,Medium-Low,High,High,High,Medium-Low
SO00118,2025-03-13,Evergreen Systems,East,P006,Bearing Unit,Components,Plant B,Online,77,187.41,14430.57,9625,4805.57,33.3,Delivered,2025,2025-03,Thursday,Low,Low,Low,Low,Low,Medium-Low
SO00119,2025-12-29,Delta Auto,South,P004,Gear Assembly,Assemblies,Plant C,Distributor,101,789.91,79780.91,54540,25240.91,31.64,Delivered,2025,2025-12,Monday,Low,Medium-High,Medium-Low,Medium-Low,Medium-Low,Medium-Low
SO00120,2025-04-06,Bharat Engineering,North,P005,Control Panel,Electrical,Plant A,OEM,275,915.29,251704.75,187000,64704.75,25.71,Cancelled,2025,2025-04,Sunday,Medium-High,Medium-High,High,High,Medium-High,Low
SO00121,2025-03-25,Bharat Engineering,South,P005,Control Panel,Electrical,Plant C,OEM,340,1002.58,340877.2,231200,109677.2,32.17,Processing,2025,2025-03,Tuesday,High,High,High,High,High,Medium-Low
SO00122,2025-08-16,Global Machines,East,P006,Bearing Unit,Components,Plant B,Online,187,225.0,42075.0,23375,18700.0,44.44,Cancelled,2025,2025-08,Saturday,Medium-Low,Low,Low,Low,Medium-Low,High
SO00123,2025-10-26,Fusion Tech,West,P003,Electric Motor,Motors,Plant D,Online,160,1140.38,182460.8,121600,60860.8,33.36,Delivered,2025,2025-10,Sunday,Medium-Low,High,Medium-High,Medium-High,Medium-High,Medium-Low
SO00124,2025-08-24,Alpha Industries,North,P004,Gear Assembly,Assemblies,Plant B,Distributor,326,856.48,279212.48,176040,103172.48,36.95,Delivered,2025,2025-08,Sunday,Medium-High,Medium-High,High,High,High,Medium-High
SO00125,2025-10-20,Bharat Engineering,South,P004,Gear Assembly,Assemblies,Plant C,Direct,56,786.19,44026.64,30240,13786.64,31.31,Delivered,2025,2025-10,Monday,Low,Medium-High,Low,Low,Low,Medium-Low
SO00126,2025-08-10,Fusion Tech,East,P004,Gear Assembly,Assemblies,Plant D,Online,12,837.81,10053.72,6480,3573.72,35.55,Delivered,2025,2025-08,Sunday,Low,Medium-High,Low,Low,Low,Medium-High
SO00127,2025-08-11,Horizon Infra,North,P002,Hydraulic Valve,Valves,Plant D,Distributor,112,309.34,34646.08,20720,13926.08,40.2,Delivered,2025,2025-08,Monday,Low,Medium-Low,Low,Low,Low,High
SO00128,2025-10-08,Alpha Industries,North,P001,Industrial Pump,Pumps,Plant B,Distributor,282,664.41,187363.62,118440,68923.62,36.79,Processing,2025,2025-10,Wednesday,Medium-High,Medium-Low,Medium-High,Medium-High,Medium-High,Medium-High
SO00129,2025-08-09,Global Machines,East,P001,Industrial Pump,Pumps,Plant D,Direct,31,638.01,19778.31,13020,6758.31,34.17,Delivered,2025,2025-08,Saturday,Low,Medium-Low,Low,Low,Low,Medium-High
SO00130,2025-08-04,Evergreen Systems,South,P003,Electric Motor,Motors,Plant A,OEM,125,1125.79,140723.75,95000,45723.75,32.49,Delivered,2025,2025-08,Monday,Medium-Low,High,Medium-High,Medium-High,Medium-High,Medium-Low
SO00131,2025-08-19,Horizon Infra,South,P004,Gear Assembly,Assemblies,Plant B,Direct,356,826.28,294155.68,192240,101915.68,34.65,Delivered,2025,2025-08,Tuesday,High,Medium-High,High,High,High,Medium-High
SO00132,2025-06-18,Evergreen Systems,South,P004,Gear Assembly,Assemblies,Plant B,Direct,409,753.8,308304.2,220860,87444.2,28.36,Delivered,2025,2025-06,Wednesday,High,Medium-High,High,High,High,Low
SO00133,2025-11-25,Evergreen Systems,North,P005,Control Panel,Electrical,Plant A,OEM,113,1021.08,115382.04,76840,38542.04,33.4,Processing,2025,2025-11,Tuesday,Low,High,Medium-High,Medium-High,Medium-High,Medium-Low
SO00134,2025-02-11,Fusion Tech,West,P006,Bearing Unit,Components,Plant B,OEM,268,224.71,60222.28,33500,26722.28,44.37,Delivered,2025,2025-02,Tuesday,Medium-High,Low,Medium-Low,Medium-Low,Medium-Low,High
SO00135,2025-09-15,Fusion Tech,North,P002,Hydraulic Valve,Valves,Plant C,Direct,317,287.05,90994.85,58645,32349.85,35.55,Delivered,2025,2025-09,Monday,Medium-High,Medium-Low,Medium-Low,Medium-Low,Medium-Low,Medium-High
SO00136,2025-07-15,Alpha Industries,South,P002,Hydraulic Valve,Valves,Plant C,OEM,376,300.96,113160.96,69560,43600.96,38.53,Delivered,2025,2025-07,Tuesday,High,Medium-Low,Medium-High,Medium-Low,Medium-High,High
SO00137,2025-04-06,Evergreen Systems,North,P003,Electric Motor,Motors,Plant B,Direct,426,1150.69,490193.94,323760,166433.94,33.95,Delayed,2025,2025-04,Sunday,High,High,High,High,High,Medium-High
SO00138,2025-11-13,Crown Manufacturing,West,P001,Industrial Pump,Pumps,Plant A,Online,307,658.09,202033.63,128940,73093.63,36.18,Delayed,2025,2025-11,Thursday,Medium-High,Medium-Low,Medium-High,Medium-High,Medium-High,Medium-High
SO00139,2025-01-14,Horizon Infra,North,P004,Gear Assembly,Assemblies,Plant D,Distributor,139,801.43,111398.77,75060,36338.77,32.62,Delivered,2025,2025-01,Tuesday,Medium-Low,Medium-High,Medium-High,Medium-High,Medium-Low,Medium-Low
SO00140,2025-04-23,Bharat Engineering,East,P006,Bearing Unit,Components,Plant A,Distributor,304,221.83,67436.32,38000,29436.32,43.65,Delivered,2025,2025-04,Wednesday,Medium-High,Low,Medium-Low,Medium-Low,Medium-Low,High
SO00141,2025-03-18,Fusion Tech,South,P003,Electric Motor,Motors,Plant C,Online,311,1086.16,337795.76,236360,101435.76,30.03,Delivered,2025,2025-03,Tuesday,Medium-High,High,High,High,High,Medium-Low
SO00142,2025-10-04,Fusion Tech,South,P002,Hydraulic Valve,Valves,Plant B,Direct,57,263.21,15002.97,10545,4457.97,29.71,Delivered,2025,2025-10,Saturday,Low,Low,Low,Low,Low,Low
SO00143,2025-11-16,Fusion Tech,South,P002,Hydraulic Valve,Valves,Plant A,Direct,36,309.43,11139.48,6660,4479.48,40.21,Cancelled,2025,2025-11,Sunday,Low,Medium-Low,Low,Low,Low,High
SO00144,2025-06-09,Alpha Industries,North,P002,Hydraulic Valve,Valves,Plant D,Online,24,299.36,7184.64,4440,2744.64,38.2,Cancelled,2025,2025-06,Monday,Low,Medium-Low,Low,Low,Low,High
SO00145,2025-11-09,Evergreen Systems,North,P004,Gear Assembly,Assemblies,Plant D,Direct,272,850.38,231303.36,146880,84423.36,36.5,Processing,2025,2025-11,Sunday,Medium-High,Medium-High,Medium-High,Medium-High,High,Medium-High
SO00146,2025-04-29,Crown Manufacturing,North,P004,Gear Assembly,Assemblies,Plant D,OEM,374,735.24,274979.76,201960,73019.76,26.55,Delivered,2025,2025-04,Tuesday,High,Medium-High,High,High,Medium-High,Low
SO00147,2025-06-10,Bharat Engineering,South,P004,Gear Assembly,Assemblies,Plant D,Distributor,307,717.78,220358.46,165780,54578.46,24.77,Delayed,2025,2025-06,Tuesday,Medium-High,Medium-High,Medium-High,High,Medium-High,Low
SO00148,2025-11-04,Bharat Engineering,North,P005,Control Panel,Electrical,Plant A,Direct,274,1045.54,286477.96,186320,100157.96,34.96,Delivered,2025,2025-11,Tuesday,Medium-High,High,High,High,High,Medium-High
SO00149,2025-12-17,Evergreen Systems,South,P001,Industrial Pump,Pumps,Plant D,Online,370,591.2,218744.0,155400,63344.0,28.96,Processing,2025,2025-12,Wednesday,High,Medium-Low,Medium-High,Medium-High,Medium-High,Low
SO00150,2025-05-26,Crown Manufacturing,North,P002,Hydraulic Valve,Valves,Plant C,Direct,143,307.37,43953.91,26455,17498.91,39.81,Delivered,2025,2025-05,Monday,Medium-Low,Medium-Low,Low,Low,Low,High
SO00151,2025-06-12,Alpha Industries,South,P002,Hydraulic Valve,Valves,Plant D,Direct,85,308.17,26194.45,15725,10469.45,39.97,Delivered,2025,2025-06,Thursday,Low,Medium-Low,Low,Low,Low,High
SO00152,2025-06-28,Fusion Tech,East,P005,Control Panel,Electrical,Plant C,Distributor,39,1001.31,39051.09,26520,12531.09,32.09,Delivered,2025,2025-06,Saturday,Low,High,Low,Low,Low,Medium-Low
SO00153,2025-03-30,Fusion Tech,North,P002,Hydraulic Valve,Valves,Plant A,OEM,448,267.34,119768.32,82880,36888.32,30.8,Delivered,2025,2025-03,Sunday,High,Low,Medium-High,Medium-High,Medium-Low,Medium-Low
SO00154,2025-08-11,Horizon Infra,South,P002,Hydraulic Valve,Valves,Plant C,Distributor,349,298.98,104344.02,64565,39779.02,38.12,Delivered,2025,2025-08,Monday,High,Medium-Low,Medium-Low,Medium-Low,Medium-High,High
SO00155,2025-09-23,Horizon Infra,East,P004,Gear Assembly,Assemblies,Plant A,Direct,135,856.83,115672.05,72900,42772.05,36.98,Processing,2025,2025-09,Tuesday,Medium-Low,Medium-High,Medium-High,Medium-Low,Medium-High,Medium-High
SO00156,2025-08-27,Horizon Infra,East,P004,Gear Assembly,Assemblies,Plant D,Distributor,93,781.74,72701.82,50220,22481.82,30.92,Delivered,2025,2025-08,Wednesday,Low,Medium-High,Medium-Low,Medium-Low,Medium-Low,Medium-Low
SO00157,2025-11-04,Global Machines,West,P001,Industrial Pump,Pumps,Plant B,Direct,63,625.76,39422.88,26460,12962.88,32.88,Delivered,2025,2025-11,Tuesday,Low,Medium-Low,Low,Low,Low,Medium-Low
SO00158,2025-02-03,Evergreen Systems,North,P002,Hydraulic Valve,Valves,Plant C,Direct,375,285.73,107148.75,69375,37773.75,35.25,Delivered,2025,2025-02,Monday,High,Medium-Low,Medium-Low,Medium-Low,Medium-High,Medium-High
SO00159,2025-06-16,Bharat Engineering,South,P003,Electric Motor,Motors,Plant C,OEM,292,1004.03,293176.76,221920,71256.76,24.31,Delivered,2025,2025-06,Monday,Medium-High,High,High,High,Medium-High,Low
SO00160,2025-05-05,Fusion Tech,West,P002,Hydraulic Valve,Valves,Plant B,OEM,349,312.23,108968.27,64565,44403.27,40.75,Cancelled,2025,2025-05,Monday,High,Medium-Low,Medium-Low,Medium-Low,Medium-High,High
SO00161,2025-08-12,Global Machines,North,P002,Hydraulic Valve,Valves,Plant A,Direct,272,310.88,84559.36,50320,34239.36,40.49,Delivered,2025,2025-08,Tuesday,Medium-High,Medium-Low,Medium-Low,Medium-Low,Medium-Low,High
SO00162,2025-05-30,Bharat Engineering,East,P001,Industrial Pump,Pumps,Plant A,Distributor,433,701.73,303849.09,181860,121989.09,40.15,Delivered,2025,2025-05,Friday,High,Medium-High,High,High,High,High
SO00163,2025-07-08,Bharat Engineering,North,P003,Electric Motor,Motors,Plant D,OEM,369,1116.68,412054.92,280440,131614.92,31.94,Delayed,2025,2025-07,Tuesday,High,High,High,High,High,Medium-Low
SO00164,2025-02-12,Evergreen Systems,South,P002,Hydraulic Valve,Valves,Plant C,Direct,231,303.92,70205.52,42735,27470.52,39.13,Processing,2025,2025-02,Wednesday,Medium-High,Medium-Low,Medium-Low,Medium-Low,Medium-Low,High
SO00165,2025-01-29,Delta Auto,East,P006,Bearing Unit,Components,Plant A,Direct,337,193.31,65145.47,42125,23020.47,35.34,Delivered,2025,2025-01,Wednesday,Medium-High,Low,Medium-Low,Medium-Low,Medium-Low,Medium-High
SO00166,2025-12-28,Horizon Infra,West,P006,Bearing Unit,Components,Plant D,OEM,11,212.84,2341.24,1375,966.24,41.27,Processing,2025,2025-12,Sunday,Low,Low,Low,Low,Low,High
SO00167,2025-04-30,Global Machines,North,P003,Electric Motor,Motors,Plant A,Online,407,1131.14,460373.98,309320,151053.98,32.81,Delivered,2025,2025-04,Wednesday,High,High,High,High,High,Medium-Low
SO00168,2025-12-03,Delta Auto,North,P006,Bearing Unit,Components,Plant B,Direct,403,222.65,89727.95,50375,39352.95,43.86,Processing,2025,2025-12,Wednesday,High,Low,Medium-Low,Medium-Low,Medium-High,High
SO00169,2025-01-31,Delta Auto,West,P004,Gear Assembly,Assemblies,Plant B,Direct,315,847.39,266927.85,170100,96827.85,36.27,Delivered,2025,2025-01,Friday,Medium-High,Medium-High,High,High,High,Medium-High
SO00170,2025-06-30,Global Machines,North,P004,Gear Assembly,Assemblies,Plant B,Direct,155,864.83,134048.65,83700,50348.65,37.56,Cancelled,2025,2025-06,Monday,Medium-Low,Medium-High,Medium-High,Medium-High,Medium-High,High
SO00171,2025-06-11,Crown Manufacturing,North,P003,Electric Motor,Motors,Plant D,Distributor,27,1180.22,31865.94,20520,11345.94,35.61,Delivered,2025,2025-06,Wednesday,Low,High,Low,Low,Low,Medium-High
SO00172,2025-05-08,Horizon Infra,North,P002,Hydraulic Valve,Valves,Plant C,OEM,25,310.85,7771.25,4625,3146.25,40.49,Delivered,2025,2025-05,Thursday,Low,Medium-Low,Low,Low,Low,High
SO00173,2025-09-12,Evergreen Systems,East,P003,Electric Motor,Motors,Plant B,Distributor,317,999.87,316958.79,240920,76038.79,23.99,Delivered,2025,2025-09,Friday,Medium-High,High,High,High,High,Low
SO00174,2025-10-21,Global Machines,East,P006,Bearing Unit,Components,Plant B,Distributor,445,220.33,98046.85,55625,42421.85,43.27,Delivered,2025,2025-10,Tuesday,High,Low,Medium-Low,Medium-Low,Medium-High,High
SO00175,2025-12-23,Bharat Engineering,South,P003,Electric Motor,Motors,Plant A,Direct,168,1121.68,188442.24,127680,60762.24,32.24,Delayed,2025,2025-12,Tuesday,Medium-Low,High,Medium-High,Medium-High,Medium-High,Medium-Low
SO00176,2025-09-11,Global Machines,North,P006,Bearing Unit,Components,Plant B,Direct,349,200.78,70072.22,43625,26447.22,37.74,Delivered,2025,2025-09,Thursday,High,Low,Medium-Low,Medium-Low,Medium-Low,High
SO00177,2025-05-10,Fusion Tech,South,P004,Gear Assembly,Assemblies,Plant C,Direct,416,721.96,300335.36,224640,75695.36,25.2,Delivered,2025,2025-05,Saturday,High,Medium-High,High,High,High,Low
SO00178,2025-01-12,Global Machines,East,P003,Electric Motor,Motors,Plant D,OEM,361,1137.4,410601.4,274360,136241.4,33.18,Delivered,2025,2025-01,Sunday,High,High,High,High,High,Medium-Low
SO00179,2025-02-04,Crown Manufacturing,North,P005,Control Panel,Electrical,Plant B,Distributor,307,926.73,284506.11,208760,75746.11,26.62,Delivered,2025,2025-02,Tuesday,Medium-High,Medium-High,High,High,High,Low
SO00180,2025-07-17,Horizon Infra,South,P006,Bearing Unit,Components,Plant D,Direct,218,204.45,44570.1,27250,17320.1,38.86,Cancelled,2025,2025-07,Thursday,Medium-Low,Low,Low,Low,Low,High
SO00181,2025-09-05,Horizon Infra,North,P005,Control Panel,Electrical,Plant D,Distributor,214,996.02,213148.28,145520,67628.28,31.73,Delivered,2025,2025-09,Friday,Medium-Low,High,Medium-High,Medium-High,Medium-High,Medium-Low
SO00182,2025-04-20,Delta Auto,North,P004,Gear Assembly,Assemblies,Plant C,OEM,122,860.51,104982.22,65880,39102.22,37.25,Delivered,2025,2025-04,Sunday,Medium-Low,Medium-High,Medium-Low,Medium-Low,Medium-High,High
SO00183,2025-11-24,Alpha Industries,West,P002,Hydraulic Valve,Valves,Plant A,Distributor,187,308.3,57652.1,34595,23057.1,39.99,Delivered,2025,2025-11,Monday,Medium-Low,Medium-Low,Medium-Low,Medium-Low,Medium-Low,High
SO00184,2025-09-02,Horizon Infra,South,P006,Bearing Unit,Components,Plant A,Direct,218,203.73,44413.14,27250,17163.14,38.64,Processing,2025,2025-09,Tuesday,Medium-Low,Low,Low,Low,Low,High
SO00185,2025-09-07,Horizon Infra,East,P002,Hydraulic Valve,Valves,Plant D,Direct,133,282.48,37569.84,24605,12964.84,34.51,Delivered,2025,2025-09,Sunday,Medium-Low,Low,Low,Low,Low,Medium-High
SO00186,2025-11-13,Crown Manufacturing,South,P004,Gear Assembly,Assemblies,Plant B,Direct,24,751.64,18039.36,12960,5079.36,28.16,Delivered,2025,2025-11,Thursday,Low,Medium-High,Low,Low,Low,Low
SO00187,2025-06-12,Crown Manufacturing,South,P002,Hydraulic Valve,Valves,Plant D,OEM,355,281.57,99957.35,65675,34282.35,34.3,Processing,2025,2025-06,Thursday,High,Low,Medium-Low,Medium-Low,Medium-Low,Medium-High
SO00188,2025-02-17,Evergreen Systems,South,P006,Bearing Unit,Components,Plant A,Distributor,437,189.46,82794.02,54625,28169.02,34.02,Processing,2025,2025-02,Monday,High,Low,Medium-Low,Medium-Low,Medium-Low,Medium-High
SO00189,2025-03-12,Fusion Tech,West,P001,Industrial Pump,Pumps,Plant B,Online,307,698.24,214359.68,128940,85419.68,39.85,Processing,2025,2025-03,Wednesday,Medium-High,Medium-High,Medium-High,Medium-High,High,High
SO00190,2025-05-14,Crown Manufacturing,North,P006,Bearing Unit,Components,Plant A,OEM,54,208.9,11280.6,6750,4530.6,40.16,Cancelled,2025,2025-05,Wednesday,Low,Low,Low,Low,Low,High
SO00191,2025-08-27,Global Machines,East,P006,Bearing Unit,Components,Plant C,OEM,103,190.17,19587.51,12875,6712.51,34.27,Processing,2025,2025-08,Wednesday,Low,Low,Low,Low,Low,Medium-High
SO00192,2025-03-09,Fusion Tech,West,P005,Control Panel,Electrical,Plant A,Direct,116,931.55,108059.8,78880,29179.8,27.0,Processing,2025,2025-03,Sunday,Medium-Low,Medium-High,Medium-Low,Medium-High,Medium-Low,Low
SO00193,2025-10-05,Evergreen Systems,East,P001,Industrial Pump,Pumps,Plant B,Direct,428,643.12,275255.36,179760,95495.36,34.69,Delayed,2025,2025-10,Sunday,High,Medium-Low,High,High,High,Medium-High
SO00194,2025-02-01,Global Machines,West,P001,Industrial Pump,Pumps,Plant B,Distributor,287,641.28,184047.36,120540,63507.36,34.51,Delivered,2025,2025-02,Saturday,Medium-High,Medium-Low,Medium-High,Medium-High,Medium-High,Medium-High
SO00195,2025-05-03,Horizon Infra,North,P001,Industrial Pump,Pumps,Plant D,Direct,137,576.62,78996.94,57540,21456.94,27.16,Delivered,2025,2025-05,Saturday,Medium-Low,Medium-Low,Medium-Low,Medium-Low,Medium-Low,Low
SO00196,2025-01-22,Alpha Industries,East,P006,Bearing Unit,Components,Plant B,OEM,47,224.74,10562.78,5875,4687.78,44.38,Delivered,2025,2025-01,Wednesday,Low,Low,Low,Low,Low,High
SO00197,2025-06-04,Bharat Engineering,South,P004,Gear Assembly,Assemblies,Plant C,OEM,106,757.41,80285.46,57240,23045.46,28.7,Delivered,2025,2025-06,Wednesday,Low,Medium-High,Medium-Low,Medium-Low,Medium-Low,Low
SO00198,2025-04-20,Bharat Engineering,West,P001,Industrial Pump,Pumps,Plant A,Online,207,574.1,118838.7,86940,31898.7,26.84,Processing,2025,2025-04,Sunday,Medium-Low,Medium-Low,Medium-High,Medium-High,Medium-Low,Low
SO00199,2025-09-28,Delta Auto,East,P003,Electric Motor,Motors,Plant D,Direct,201,1002.72,201546.72,152760,48786.72,24.21,Processing,2025,2025-09,Sunday,Medium-Low,High,Medium-High,Medium-High,Medium-High,Low
SO00200,2025-10-27,Horizon Infra,North,P002,Hydraulic Valve,Valves,Plant D,Direct,366,293.83,107541.78,67710,39831.78,37.04,Processing,2025,2025-10,Monday,High,Medium-Low,Medium-Low,Medium-Low,Medium-High,Medium-High
SO00201,2025-04-25,Delta Auto,East,P004,Gear Assembly,Assemblies,Plant B,Direct,16,735.12,11761.92,8640,3121.92,26.54,Cancelled,2025,2025-04,Friday,Low,Medium-High,Low,Low,Low,Low
SO00202,2025-08-08,Alpha Industries,West,P003,Electric Motor,Motors,Plant C,OEM,53,994.95,52732.35,40280,12452.35,23.61,Delivered,2025,2025-08,Friday,Low,High,Medium-Low,Medium-Low,Low,Low
SO00203,2025-08-18,Bharat Engineering,North,P006,Bearing Unit,Components,Plant D,Direct,341,200.74,68452.34,42625,25827.34,37.73,Processing,2025,2025-08,Monday,High,Low,Medium-Low,Medium-Low,Medium-Low,High
SO00204,2025-09-09,Delta Auto,South,P006,Bearing Unit,Components,Plant C,Direct,16,210.96,3375.36,2000,1375.36,40.75,Delivered,2025,2025-09,Tuesday,Low,Low,Low,Low,Low,High
SO00205,2025-09-06,Horizon Infra,West,P003,Electric Motor,Motors,Plant C,Direct,203,1010.65,205161.95,154280,50881.95,24.8,Delivered,2025,2025-09,Saturday,Medium-Low,High,Medium-High,Medium-High,Medium-High,Low
SO00206,2025-01-09,Fusion Tech,West,P005,Control Panel,Electrical,Plant A,OEM,325,923.81,300238.25,221000,79238.25,26.39,Delivered,2025,2025-01,Thursday,Medium-High,Medium-High,High,High,High,Low
SO00207,2025-02-03,Crown Manufacturing,North,P005,Control Panel,Electrical,Plant A,Online,10,944.28,9442.8,6800,2642.8,27.99,Delayed,2025,2025-02,Monday,Low,Medium-High,Low,Low,Low,Low
SO00208,2025-08-16,Evergreen Systems,West,P003,Electric Motor,Motors,Plant A,OEM,71,1021.32,72513.72,53960,18553.72,25.59,Delivered,2025,2025-08,Saturday,Low,High,Medium-Low,Medium-Low,Medium-Low,Low
SO00209,2025-03-14,Global Machines,East,P005,Control Panel,Electrical,Plant C,OEM,352,961.59,338479.68,239360,99119.68,29.28,Processing,2025,2025-03,Friday,High,High,High,High,High,Low
SO00210,2025-10-28,Delta Auto,South,P002,Hydraulic Valve,Valves,Plant A,Distributor,98,264.63,25933.74,18130,7803.74,30.09,Delivered,2025,2025-10,Tuesday,Low,Low,Low,Low,Low,Medium-Low
SO00211,2025-07-31,Alpha Industries,East,P002,Hydraulic Valve,Valves,Plant D,Direct,27,262.34,7083.18,4995,2088.18,29.48,Delivered,2025,2025-07,Thursday,Low,Low,Low,Low,Low,Low
SO00212,2025-03-13,Global Machines,North,P006,Bearing Unit,Components,Plant D,Direct,117,206.63,24175.71,14625,9550.71,39.51,Delivered,2025,2025-03,Thursday,Medium-Low,Low,Low,Low,Low,High
SO00213,2025-02-27,Bharat Engineering,West,P005,Control Panel,Electrical,Plant B,Distributor,144,910.99,131182.56,97920,33262.56,25.36,Delivered,2025,2025-02,Thursday,Medium-Low,Medium-High,Medium-High,Medium-High,Medium-Low,Low
SO00214,2025-08-08,Horizon Infra,South,P001,Industrial Pump,Pumps,Plant C,OEM,380,584.4,222072.0,159600,62472.0,28.13,Cancelled,2025,2025-08,Friday,High,Medium-Low,Medium-High,Medium-High,Medium-High,Low
SO00215,2025-10-02,Alpha Industries,North,P003,Electric Motor,Motors,Plant A,Direct,319,1080.56,344698.64,242440,102258.64,29.67,Delivered,2025,2025-10,Thursday,Medium-High,High,High,High,High,Low
SO00216,2025-09-06,Evergreen Systems,East,P002,Hydraulic Valve,Valves,Plant D,Direct,76,313.59,23832.84,14060,9772.84,41.01,Cancelled,2025,2025-09,Saturday,Low,Medium-Low,Low,Low,Low,High
SO00217,2025-01-16,Evergreen Systems,West,P005,Control Panel,Electrical,Plant C,Distributor,102,1004.34,102442.68,69360,33082.68,32.29,Cancelled,2025,2025-01,Thursday,Low,High,Medium-Low,Medium-Low,Medium-Low,Medium-Low
SO00218,2025-03-16,Alpha Industries,West,P005,Control Panel,Electrical,Plant C,Direct,147,1022.26,150272.22,99960,50312.22,33.48,Cancelled,2025,2025-03,Sunday,Medium-Low,High,Medium-High,Medium-High,Medium-High,Medium-Low
SO00219,2025-04-16,Delta Auto,North,P002,Hydraulic Valve,Valves,Plant A,Distributor,198,311.04,61585.92,36630,24955.92,40.52,Delivered,2025,2025-04,Wednesday,Medium-Low,Medium-Low,Medium-Low,Medium-Low,Medium-Low,High
SO00220,2025-05-16,Delta Auto,East,P002,Hydraulic Valve,Valves,Plant C,Direct,68,316.99,21555.32,12580,8975.32,41.64,Cancelled,2025,2025-05,Friday,Low,Medium-Low,Low,Low,Low,High
SO00221,2025-03-15,Bharat Engineering,West,P001,Industrial Pump,Pumps,Plant A,Direct,196,671.22,131559.12,82320,49239.12,37.43,Delivered,2025,2025-03,Saturday,Medium-Low,Medium-Low,Medium-High,Medium-High,Medium-High,High
SO00222,2025-09-11,Fusion Tech,East,P005,Control Panel,Electrical,Plant A,Direct,244,981.65,239522.6,165920,73602.6,30.73,Delivered,2025,2025-09,Thursday,Medium-High,High,High,High,High,Medium-Low
SO00223,2025-01-18,Bharat Engineering,South,P005,Control Panel,Electrical,Plant A,Distributor,78,934.02,72853.56,53040,19813.56,27.2,Delivered,2025,2025-01,Saturday,Low,Medium-High,Medium-Low,Medium-Low,Medium-Low,Low
SO00224,2025-02-12,Crown Manufacturing,West,P004,Gear Assembly,Assemblies,Plant C,Distributor,107,742.23,79418.61,57780,21638.61,27.25,Delayed,2025,2025-02,Wednesday,Low,Medium-High,Medium-Low,Medium-Low,Medium-Low,Low
SO00225,2025-02-19,Fusion Tech,South,P006,Bearing Unit,Components,Plant C,Direct,17,213.64,3631.88,2125,1506.88,41.49,Delivered,2025,2025-02,Wednesday,Low,Low,Low,Low,Low,High
SO00226,2025-01-03,Horizon Infra,West,P001,Industrial Pump,Pumps,Plant A,OEM,320,701.34,224428.8,134400,90028.8,40.11,Delivered,2025,2025-01,Friday,Medium-High,Medium-High,Medium-High,Medium-High,High,High
SO00227,2025-08-20,Global Machines,North,P002,Hydraulic Valve,Valves,Plant C,Direct,143,287.17,41065.31,26455,14610.31,35.58,Delivered,2025,2025-08,Wednesday,Medium-Low,Medium-Low,Low,Low,Low,Medium-High
SO00228,2025-08-07,Horizon Infra,West,P002,Hydraulic Valve,Valves,Plant A,Direct,394,302.3,119106.2,72890,46216.2,38.8,Delivered,2025,2025-08,Thursday,High,Medium-Low,Medium-High,Medium-Low,Medium-High,High
SO00229,2025-02-28,Crown Manufacturing,West,P003,Electric Motor,Motors,Plant B,Distributor,65,1096.5,71272.5,49400,21872.5,30.69,Delivered,2025,2025-02,Friday,Low,High,Medium-Low,Medium-Low,Medium-Low,Medium-Low
SO00230,2025-10-11,Bharat Engineering,East,P006,Bearing Unit,Components,Plant C,Direct,369,202.94,74884.86,46125,28759.86,38.41,Processing,2025,2025-10,Saturday,High,Low,Medium-Low,Medium-Low,Medium-Low,High
SO00231,2025-10-29,Fusion Tech,East,P002,Hydraulic Valve,Valves,Plant C,Distributor,123,283.81,34908.63,22755,12153.63,34.82,Delivered,2025,2025-10,Wednesday,Medium-Low,Low,Low,Low,Low,Medium-High
SO00232,2025-03-05,Fusion Tech,South,P005,Control Panel,Electrical,Plant B,OEM,97,961.31,93247.07,65960,27287.07,29.26,Delayed,2025,2025-03,Wednesday,Low,Medium-High,Medium-Low,Medium-Low,Medium-Low,Low
SO00233,2025-03-11,Crown Manufacturing,South,P002,Hydraulic Valve,Valves,Plant B,Online,147,281.25,41343.75,27195,14148.75,34.22,Delivered,2025,2025-03,Tuesday,Medium-Low,Low,Low,Low,Low,Medium-High
SO00234,2025-10-30,Horizon Infra,South,P005,Control Panel,Electrical,Plant B,Distributor,117,1009.16,118071.72,79560,38511.72,32.62,Cancelled,2025,2025-10,Thursday,Medium-Low,High,Medium-High,Medium-High,Medium-High,Medium-Low
SO00235,2025-05-22,Alpha Industries,West,P005,Control Panel,Electrical,Plant A,Distributor,32,1033.76,33080.32,21760,11320.32,34.22,Delivered,2025,2025-05,Thursday,Low,High,Low,Low,Low,Medium-High
SO00236,2025-07-21,Delta Auto,West,P001,Industrial Pump,Pumps,Plant A,Direct,153,686.78,105077.34,64260,40817.34,38.85,Delivered,2025,2025-07,Monday,Medium-Low,Medium-Low,Medium-Low,Medium-Low,Medium-High,High
SO00237,2025-07-26,Fusion Tech,South,P002,Hydraulic Valve,Valves,Plant D,Distributor,366,273.03,99928.98,67710,32218.98,32.24,Delivered,2025,2025-07,Saturday,High,Low,Medium-Low,Medium-Low,Medium-Low,Medium-Low
SO00238,2025-08-09,Global Machines,North,P001,Industrial Pump,Pumps,Plant B,Direct,153,688.47,105335.91,64260,41075.91,39.0,Delivered,2025,2025-08,Saturday,Medium-Low,Medium-Low,Medium-Low,Medium-Low,Medium-High,High
SO00239,2025-12-28,Global Machines,North,P006,Bearing Unit,Components,Plant D,OEM,65,199.15,12944.75,8125,4819.75,37.23,Processing,2025,2025-12,Sunday,Low,Low,Low,Low,Low,High
SO00240,2025-09-03,Fusion Tech,West,P005,Control Panel,Electrical,Plant A,Direct,117,923.02,107993.34,79560,28433.34,26.33,Delivered,2025,2025-09,Wednesday,Medium-Low,Medium-High,Medium-Low,Medium-High,Medium-Low,Low
SO00241,2025-03-22,Crown Manufacturing,North,P006,Bearing Unit,Components,Plant C,Distributor,360,215.32,77515.2,45000,32515.2,41.95,Processing,2025,2025-03,Saturday,High,Low,Medium-Low,Medium-Low,Medium-Low,High
SO00242,2025-09-08,Fusion Tech,North,P002,Hydraulic Valve,Valves,Plant B,OEM,15,277.58,4163.7,2775,1388.7,33.35,Processing,2025,2025-09,Monday,Low,Low,Low,Low,Low,Medium-Low
SO00243,2025-02-20,Horizon Infra,South,P006,Bearing Unit,Components,Plant C,OEM,39,187.02,7293.78,4875,2418.78,33.16,Delivered,2025,2025-02,Thursday,Low,Low,Low,Low,Low,Medium-Low
SO00244,2025-10-12,Crown Manufacturing,North,P006,Bearing Unit,Components,Plant A,OEM,394,200.49,78993.06,49250,29743.06,37.65,Delivered,2025,2025-10,Sunday,High,Low,Medium-Low,Medium-Low,Medium-Low,High
SO00245,2025-12-12,Alpha Industries,North,P002,Hydraulic Valve,Valves,Plant B,Distributor,316,302.17,95485.72,58460,37025.72,38.78,Delivered,2025,2025-12,Friday,Medium-High,Medium-Low,Medium-Low,Medium-Low,Medium-Low,High
SO00246,2025-07-23,Global Machines,West,P001,Industrial Pump,Pumps,Plant D,Direct,371,614.5,227979.5,155820,72159.5,31.65,Delivered,2025,2025-07,Wednesday,High,Medium-Low,Medium-High,Medium-High,Medium-High,Medium-Low
SO00247,2025-01-25,Fusion Tech,West,P001,Industrial Pump,Pumps,Plant D,OEM,354,653.84,231459.36,148680,82779.36,35.76,Delivered,2025,2025-01,Saturday,High,Medium-Low,Medium-High,Medium-High,High,Medium-High
SO00248,2025-02-10,Evergreen Systems,West,P005,Control Panel,Electrical,Plant A,Direct,136,991.78,134882.08,92480,42402.08,31.44,Cancelled,2025,2025-02,Monday,Medium-Low,High,Medium-High,Medium-High,Medium-High,Medium-Low
SO00249,2025-03-10,Bharat Engineering,North,P005,Control Panel,Electrical,Plant C,Direct,311,1006.21,312931.31,211480,101451.31,32.42,Delivered,2025,2025-03,Monday,Medium-High,High,High,High,High,Medium-Low
SO00250,2025-01-04,Global Machines,South,P002,Hydraulic Valve,Valves,Plant A,Online,130,312.53,40628.9,24050,16578.9,40.81,Delivered,2025,2025-01,Saturday,Medium-Low,Medium-Low,Low,Low,Low,High
SO00251,2025-08-28,Alpha Industries,East,P002,Hydraulic Valve,Valves,Plant C,Distributor,414,285.12,118039.68,76590,41449.68,35.12,Delivered,2025,2025-08,Thursday,High,Medium-Low,Medium-High,Medium-High,Medium-High,Medium-High
SO00252,2025-12-27,Evergreen Systems,West,P004,Gear Assembly,Assemblies,Plant A,OEM,108,739.76,79894.08,58320,21574.08,27.0,Delivered,2025,2025-12,Saturday,Low,Medium-High,Medium-Low,Medium-Low,Medium-Low,Low
SO00253,2025-01-31,Global Machines,West,P004,Gear Assembly,Assemblies,Plant D,OEM,175,764.47,133782.25,94500,39282.25,29.36,Processing,2025,2025-01,Friday,Medium-Low,Medium-High,Medium-High,Medium-High,Medium-High,Low
SO00254,2025-04-27,Alpha Industries,West,P003,Electric Motor,Motors,Plant C,OEM,334,1082.41,361524.94,253840,107684.94,29.79,Processing,2025,2025-04,Sunday,Medium-High,High,High,High,High,Low
SO00255,2025-07-14,Delta Auto,South,P005,Control Panel,Electrical,Plant A,Direct,328,1002.32,328760.96,223040,105720.96,32.16,Processing,2025,2025-07,Monday,Medium-High,High,High,High,High,Medium-Low
SO00256,2025-03-31,Alpha Industries,East,P006,Bearing Unit,Components,Plant B,Online,250,185.35,46337.5,31250,15087.5,32.56,Delayed,2025,2025-03,Monday,Medium-High,Low,Low,Low,Low,Medium-Low
SO00257,2025-06-27,Alpha Industries,East,P003,Electric Motor,Motors,Plant D,OEM,59,1056.34,62324.06,44840,17484.06,28.05,Delivered,2025,2025-06,Friday,Low,High,Medium-Low,Medium-Low,Low,Low
SO00258,2025-05-25,Delta Auto,West,P003,Electric Motor,Motors,Plant D,OEM,277,1160.28,321397.56,210520,110877.56,34.5,Delivered,2025,2025-05,Sunday,Medium-High,High,High,High,High,Medium-High
SO00259,2025-07-21,Fusion Tech,North,P001,Industrial Pump,Pumps,Plant B,Direct,334,659.21,220176.14,140280,79896.14,36.29,Delivered,2025,2025-07,Monday,Medium-High,Medium-Low,Medium-High,Medium-High,High,Medium-High
SO00260,2025-11-18,Bharat Engineering,West,P006,Bearing Unit,Components,Plant A,Direct,82,215.53,17673.46,10250,7423.46,42.0,Processing,2025,2025-11,Tuesday,Low,Low,Low,Low,Low,High
SO00261,2025-12-10,Horizon Infra,West,P001,Industrial Pump,Pumps,Plant C,OEM,309,677.54,209359.86,129780,79579.86,38.01,Processing,2025,2025-12,Wednesday,Medium-High,Medium-Low,Medium-High,Medium-High,High,High
SO00262,2025-07-22,Evergreen Systems,North,P004,Gear Assembly,Assemblies,Plant D,Direct,61,839.68,51220.48,32940,18280.48,35.69,Delivered,2025,2025-07,Tuesday,Low,Medium-High,Low,Low,Low,Medium-High
SO00263,2025-01-24,Global Machines,North,P003,Electric Motor,Motors,Plant A,Distributor,274,1138.41,311924.34,208240,103684.34,33.24,Delivered,2025,2025-01,Friday,Medium-High,High,High,High,High,Medium-Low
SO00264,2025-12-21,Horizon Infra,West,P004,Gear Assembly,Assemblies,Plant B,Direct,236,784.03,185031.08,127440,57591.08,31.13,Delivered,2025,2025-12,Sunday,Medium-High,Medium-High,Medium-High,Medium-High,Medium-High,Medium-Low
SO00265,2025-04-15,Crown Manufacturing,South,P006,Bearing Unit,Components,Plant C,Distributor,202,226.11,45674.22,25250,20424.22,44.72,Delayed,2025,2025-04,Tuesday,Medium-Low,Low,Low,Low,Medium-Low,High
SO00266,2025-10-02,Bharat Engineering,South,P006,Bearing Unit,Components,Plant A,Online,383,208.7,79932.1,47875,32057.1,40.11,Delivered,2025,2025-10,Thursday,High,Low,Medium-Low,Medium-Low,Medium-Low,High
SO00267,2025-11-18,Horizon Infra,North,P005,Control Panel,Electrical,Plant A,Direct,248,902.14,223730.72,168640,55090.72,24.62,Processing,2025,2025-11,Tuesday,Medium-High,Medium-High,Medium-High,High,Medium-High,Low
SO00268,2025-03-01,Global Machines,West,P002,Hydraulic Valve,Valves,Plant D,Online,19,276.88,5260.72,3515,1745.72,33.18,Delivered,2025,2025-03,Saturday,Low,Low,Low,Low,Low,Medium-Low
SO00269,2025-01-15,Alpha Industries,South,P001,Industrial Pump,Pumps,Plant D,Direct,311,662.16,205931.76,130620,75311.76,36.57,Delivered,2025,2025-01,Wednesday,Medium-High,Medium-Low,Medium-High,Medium-High,High,Medium-High
SO00270,2025-03-26,Horizon Infra,West,P005,Control Panel,Electrical,Plant C,Direct,368,1043.65,384063.2,250240,133823.2,34.84,Processing,2025,2025-03,Wednesday,High,High,High,High,High,Medium-High
SO00271,2025-07-16,Crown Manufacturing,West,P005,Control Panel,Electrical,Plant A,Direct,237,897.43,212690.91,161160,51530.91,24.23,Delivered,2025,2025-07,Wednesday,Medium-High,Medium-High,Medium-High,Medium-High,Medium-High,Low
SO00272,2025-08-23,Delta Auto,West,P001,Industrial Pump,Pumps,Plant B,Online,302,582.71,175978.42,126840,49138.42,27.92,Processing,2025,2025-08,Saturday,Medium-High,Medium-Low,Medium-High,Medium-High,Medium-High,Low
SO00273,2025-12-10,Horizon Infra,South,P001,Industrial Pump,Pumps,Plant B,Direct,61,686.6,41882.6,25620,16262.6,38.83,Delivered,2025,2025-12,Wednesday,Low,Medium-Low,Low,Low,Low,High
SO00274,2025-09-20,Bharat Engineering,East,P006,Bearing Unit,Components,Plant C,Distributor,249,223.24,55586.76,31125,24461.76,44.01,Delivered,2025,2025-09,Saturday,Medium-High,Low,Medium-Low,Low,Medium-Low,High
SO00275,2025-01-06,Fusion Tech,West,P006,Bearing Unit,Components,Plant A,Online,108,196.41,21212.28,13500,7712.28,36.36,Processing,2025,2025-01,Monday,Low,Low,Low,Low,Low,Medium-High
SO00276,2025-10-16,Evergreen Systems,South,P003,Electric Motor,Motors,Plant D,Online,90,1070.11,96309.9,68400,27909.9,28.98,Delivered,2025,2025-10,Thursday,Low,High,Medium-Low,Medium-Low,Medium-Low,Low
SO00277,2025-02-27,Bharat Engineering,East,P004,Gear Assembly,Assemblies,Plant A,Distributor,22,819.75,18034.5,11880,6154.5,34.13,Delivered,2025,2025-02,Thursday,Low,Medium-High,Low,Low,Low,Medium-High
SO00278,2025-05-25,Bharat Engineering,North,P006,Bearing Unit,Components,Plant D,Distributor,399,198.66,79265.34,49875,29390.34,37.08,Processing,2025,2025-05,Sunday,High,Low,Medium-Low,Medium-Low,Medium-Low,Medium-High
SO00279,2025-02-11,Fusion Tech,South,P005,Control Panel,Electrical,Plant B,Direct,366,1034.32,378561.12,248880,129681.12,34.26,Delivered,2025,2025-02,Tuesday,High,High,High,High,High,Medium-High
SO00280,2025-12-16,Crown Manufacturing,East,P003,Electric Motor,Motors,Plant C,Distributor,137,1009.7,138328.9,104120,34208.9,24.73,Delivered,2025,2025-12,Tuesday,Medium-Low,High,Medium-High,Medium-High,Medium-Low,Low
SO00281,2025-07-19,Delta Auto,South,P003,Electric Motor,Motors,Plant C,Direct,313,994.11,311156.43,237880,73276.43,23.55,Delayed,2025,2025-07,Saturday,Medium-High,High,High,High,Medium-High,Low
SO00282,2025-06-23,Fusion Tech,East,P005,Control Panel,Electrical,Plant C,OEM,425,903.26,383885.5,289000,94885.5,24.72,Delivered,2025,2025-06,Monday,High,Medium-High,High,High,High,Low
SO00283,2025-12-01,Global Machines,East,P006,Bearing Unit,Components,Plant D,OEM,20,196.82,3936.4,2500,1436.4,36.49,Processing,2025,2025-12,Monday,Low,Low,Low,Low,Low,Medium-High
SO00284,2025-04-05,Delta Auto,South,P005,Control Panel,Electrical,Plant B,Direct,90,884.53,79607.7,61200,18407.7,23.12,Processing,2025,2025-04,Saturday,Low,Medium-High,Medium-Low,Medium-Low,Medium-Low,Low
SO00285,2025-08-05,Fusion Tech,North,P002,Hydraulic Valve,Valves,Plant B,Distributor,270,263.48,71139.6,49950,21189.6,29.79,Delivered,2025,2025-08,Tuesday,Medium-High,Low,Medium-Low,Medium-Low,Medium-Low,Low
SO00286,2025-04-21,Bharat Engineering,West,P006,Bearing Unit,Components,Plant C,OEM,15,216.54,3248.1,1875,1373.1,42.27,Delivered,2025,2025-04,Monday,Low,Low,Low,Low,Low,High
SO00287,2025-12-19,Delta Auto,East,P004,Gear Assembly,Assemblies,Plant C,Direct,382,739.41,282454.62,206280,76174.62,26.97,Delivered,2025,2025-12,Friday,High,Medium-High,High,High,High,Low
SO00288,2025-06-29,Crown Manufacturing,West,P005,Control Panel,Electrical,Plant D,Online,231,1041.53,240593.43,157080,83513.43,34.71,Delivered,2025,2025-06,Sunday,Medium-High,High,High,Medium-High,High,Medium-High
SO00289,2025-06-12,Crown Manufacturing,North,P006,Bearing Unit,Components,Plant D,Direct,414,200.26,82907.64,51750,31157.64,37.58,Delayed,2025,2025-06,Thursday,High,Low,Medium-Low,Medium-Low,Medium-Low,High
SO00290,2025-04-29,Evergreen Systems,West,P001,Industrial Pump,Pumps,Plant A,Distributor,307,659.18,202368.26,128940,73428.26,36.28,Processing,2025,2025-04,Tuesday,Medium-High,Medium-Low,Medium-High,Medium-High,High,Medium-High
SO00291,2025-11-21,Delta Auto,West,P002,Hydraulic Valve,Valves,Plant D,OEM,90,272.9,24561.0,16650,7911.0,32.21,Delivered,2025,2025-11,Friday,Low,Low,Low,Low,Low,Medium-Low
SO00292,2025-08-16,Evergreen Systems,South,P004,Gear Assembly,Assemblies,Plant A,Distributor,420,751.73,315726.6,226800,88926.6,28.17,Delivered,2025,2025-08,Saturday,High,Medium-High,High,High,High,Low
SO00293,2025-05-25,Global Machines,South,P006,Bearing Unit,Components,Plant C,Distributor,12,208.94,2507.28,1500,1007.28,40.17,Cancelled,2025,2025-05,Sunday,Low,Low,Low,Low,Low,High
SO00294,2025-11-04,Fusion Tech,North,P001,Industrial Pump,Pumps,Plant B,OEM,69,644.88,44496.72,28980,15516.72,34.87,Delivered,2025,2025-11,Tuesday,Low,Medium-Low,Low,Low,Low,Medium-High
SO00295,2025-05-22,Alpha Industries,South,P006,Bearing Unit,Components,Plant D,Online,230,217.09,49930.7,28750,21180.7,42.42,Processing,2025,2025-05,Thursday,Medium-High,Low,Low,Low,Medium-Low,High
SO00296,2025-05-02,Global Machines,East,P001,Industrial Pump,Pumps,Plant B,Online,358,670.52,240046.16,150360,89686.16,37.36,Processing,2025,2025-05,Friday,High,Medium-Low,High,Medium-High,High,High
SO00297,2025-10-12,Crown Manufacturing,North,P004,Gear Assembly,Assemblies,Plant D,Distributor,58,821.45,47644.1,31320,16324.1,34.26,Delivered,2025,2025-10,Sunday,Low,Medium-High,Low,Low,Low,Medium-High
SO00298,2025-08-14,Bharat Engineering,South,P002,Hydraulic Valve,Valves,Plant D,Distributor,237,286.1,67805.7,43845,23960.7,35.34,Delivered,2025,2025-08,Thursday,Medium-High,Medium-Low,Medium-Low,Medium-Low,Medium-Low,Medium-High
SO00299,2025-12-26,Horizon Infra,South,P001,Industrial Pump,Pumps,Plant A,OEM,299,687.78,205646.22,125580,80066.22,38.93,Processing,2025,2025-12,Friday,Medium-High,Medium-Low,Medium-High,Medium-High,High,High
SO00300,2025-09-14,Crown Manufacturing,North,P003,Electric Motor,Motors,Plant D,OEM,302,1125.06,339768.12,229520,110248.12,32.45,Delivered,2025,2025-09,Sunday,Medium-High,High,High,High,High,Medium-Low
SO00301,2025-10-12,Alpha Industries,East,P004,Gear Assembly,Assemblies,Plant C,OEM,307,873.21,268075.47,165780,102295.47,38.16,Delivered,2025,2025-10,Sunday,Medium-High,Medium-High,High,High,High,High
SO00302,2025-06-14,Bharat Engineering,North,P004,Gear Assembly,Assemblies,Plant B,Online,202,845.54,170799.08,109080,61719.08,36.14,Delivered,2025,2025-06,Saturday,Medium-Low,Medium-High,Medium-High,Medium-High,Medium-High,Medium-High
SO00303,2025-08-09,Delta Auto,South,P005,Control Panel,Electrical,Plant D,Direct,266,871.08,231707.28,180880,50827.28,21.94,Processing,2025,2025-08,Saturday,Medium-High,Medium-High,Medium-High,High,Medium-High,Low
SO00304,2025-03-10,Horizon Infra,South,P002,Hydraulic Valve,Valves,Plant B,OEM,397,278.52,110572.44,73445,37127.44,33.58,Delivered,2025,2025-03,Monday,High,Low,Medium-High,Medium-Low,Medium-High,Medium-Low
SO00305,2025-11-05,Delta Auto,North,P003,Electric Motor,Motors,Plant B,Online,112,1113.7,124734.4,85120,39614.4,31.76,Delivered,2025,2025-11,Wednesday,Low,High,Medium-High,Medium-High,Medium-High,Medium-Low
SO00306,2025-08-12,Global Machines,East,P003,Electric Motor,Motors,Plant B,OEM,407,1147.21,466914.47,309320,157594.47,33.75,Delivered,2025,2025-08,Tuesday,High,High,High,High,High,Medium-Low
SO00307,2025-05-04,Horizon Infra,East,P005,Control Panel,Electrical,Plant D,Direct,375,970.27,363851.25,255000,108851.25,29.92,Delivered,2025,2025-05,Sunday,High,High,High,High,High,Low
SO00308,2025-12-10,Crown Manufacturing,West,P001,Industrial Pump,Pumps,Plant A,OEM,155,674.2,104501.0,65100,39401.0,37.7,Delivered,2025,2025-12,Wednesday,Medium-Low,Medium-Low,Medium-Low,Medium-Low,Medium-High,High
SO00309,2025-12-05,Bharat Engineering,East,P001,Industrial Pump,Pumps,Plant B,Direct,299,608.75,182016.25,125580,56436.25,31.01,Delivered,2025,2025-12,Friday,Medium-High,Medium-Low,Medium-High,Medium-High,Medium-High,Medium-Low
SO00310,2025-01-12,Fusion Tech,North,P003,Electric Motor,Motors,Plant B,Direct,266,1026.8,273128.8,202160,70968.8,25.98,Delivered,2025,2025-01,Sunday,Medium-High,High,High,High,Medium-High,Low
SO00311,2025-02-21,Horizon Infra,East,P002,Hydraulic Valve,Valves,Plant D,Online,318,262.78,83564.04,58830,24734.04,29.6,Delivered,2025,2025-02,Friday,Medium-High,Low,Medium-Low,Medium-Low,Medium-Low,Low
SO00312,2025-05-09,Bharat Engineering,East,P001,Industrial Pump,Pumps,Plant D,Online,287,646.53,185554.11,120540,65014.11,35.04,Delivered,2025,2025-05,Friday,Medium-High,Medium-Low,Medium-High,Medium-High,Medium-High,Medium-High
SO00313,2025-05-15,Evergreen Systems,West,P004,Gear Assembly,Assemblies,Plant C,Direct,198,824.35,163221.3,106920,56301.3,34.49,Delivered,2025,2025-05,Thursday,Medium-Low,Medium-High,Medium-High,Medium-High,Medium-High,Medium-High
SO00314,2025-05-25,Alpha Industries,East,P006,Bearing Unit,Components,Plant C,Online,415,198.5,82377.5,51875,30502.5,37.03,Delivered,2025,2025-05,Sunday,High,Low,Medium-Low,Medium-Low,Medium-Low,Medium-High
SO00315,2025-05-07,Global Machines,West,P005,Control Panel,Electrical,Plant A,Direct,187,982.66,183757.42,127160,56597.42,30.8,Delivered,2025,2025-05,Wednesday,Medium-Low,High,Medium-High,Medium-High,Medium-High,Medium-Low
SO00316,2025-08-14,Delta Auto,West,P002,Hydraulic Valve,Valves,Plant A,Direct,25,262.68,6567.0,4625,1942.0,29.57,Delayed,2025,2025-08,Thursday,Low,Low,Low,Low,Low,Low
SO00317,2025-03-12,Crown Manufacturing,East,P001,Industrial Pump,Pumps,Plant A,Direct,421,584.91,246247.11,176820,69427.11,28.19,Delivered,2025,2025-03,Wednesday,High,Medium-Low,High,High,Medium-High,Low
SO00318,2025-09-30,Bharat Engineering,South,P006,Bearing Unit,Components,Plant A,OEM,384,214.27,82279.68,48000,34279.68,41.66,Delivered,2025,2025-09,Tuesday,High,Low,Medium-Low,Medium-Low,Medium-Low,High
SO00319,2025-07-06,Delta Auto,North,P003,Electric Motor,Motors,Plant B,Direct,95,1068.05,101464.75,72200,29264.75,28.84,Delayed,2025,2025-07,Sunday,Low,High,Medium-Low,Medium-Low,Medium-Low,Low
SO00320,2025-01-03,Crown Manufacturing,North,P005,Control Panel,Electrical,Plant D,Direct,257,993.98,255452.86,174760,80692.86,31.59,Delivered,2025,2025-01,Friday,Medium-High,High,High,High,High,Medium-Low
SO00321,2025-10-12,Horizon Infra,East,P001,Industrial Pump,Pumps,Plant C,Online,226,680.12,153707.12,94920,58787.12,38.25,Processing,2025,2025-10,Sunday,Medium-High,Medium-Low,Medium-High,Medium-High,Medium-High,High
SO00322,2025-01-22,Delta Auto,North,P003,Electric Motor,Motors,Plant B,Distributor,51,1176.59,60006.09,38760,21246.09,35.41,Delivered,2025,2025-01,Wednesday,Low,High,Medium-Low,Medium-Low,Medium-Low,Medium-High
SO00323,2025-06-15,Crown Manufacturing,North,P001,Industrial Pump,Pumps,Plant D,OEM,203,594.38,120659.14,85260,35399.14,29.34,Delivered,2025,2025-06,Sunday,Medium-Low,Medium-Low,Medium-High,Medium-High,Medium-Low,Low
SO00324,2025-11-06,Delta Auto,West,P005,Control Panel,Electrical,Plant D,OEM,336,957.71,321790.56,228480,93310.56,29.0,Delivered,2025,2025-11,Thursday,Medium-High,Medium-High,High,High,High,Low
SO00325,2025-12-29,Fusion Tech,South,P004,Gear Assembly,Assemblies,Plant B,OEM,382,831.7,317709.4,206280,111429.4,35.07,Delivered,2025,2025-12,Monday,High,Medium-High,High,High,High,Medium-High
SO00326,2025-09-03,Evergreen Systems,North,P004,Gear Assembly,Assemblies,Plant B,Direct,172,838.18,144166.96,92880,51286.96,35.57,Delivered,2025,2025-09,Wednesday,Medium-Low,Medium-High,Medium-High,Medium-High,Medium-High,Medium-High
SO00327,2025-08-22,Alpha Industries,South,P006,Bearing Unit,Components,Plant C,Distributor,285,217.76,62061.6,35625,26436.6,42.6,Delivered,2025,2025-08,Friday,Medium-High,Low,Medium-Low,Medium-Low,Medium-Low,High
SO00328,2025-11-21,Delta Auto,North,P003,Electric Motor,Motors,Plant A,Online,373,1036.71,386692.83,283480,103212.83,26.69,Delivered,2025,2025-11,Friday,High,High,High,High,High,Low
SO00329,2025-06-07,Alpha Industries,South,P004,Gear Assembly,Assemblies,Plant A,Direct,139,743.99,103414.61,75060,28354.61,27.42,Delayed,2025,2025-06,Saturday,Medium-Low,Medium-High,Medium-Low,Medium-High,Medium-Low,Low
SO00330,2025-05-31,Delta Auto,South,P005,Control Panel,Electrical,Plant C,Direct,272,978.04,266026.88,184960,81066.88,30.47,Delivered,2025,2025-05,Saturday,Medium-High,High,High,High,High,Medium-Low
SO00331,2025-08-01,Global Machines,North,P003,Electric Motor,Motors,Plant C,Distributor,186,1151.6,214197.6,141360,72837.6,34.0,Delivered,2025,2025-08,Friday,Medium-Low,High,Medium-High,Medium-High,Medium-High,Medium-High
SO00332,2025-08-06,Bharat Engineering,West,P001,Industrial Pump,Pumps,Plant A,Direct,274,613.49,168096.26,115080,53016.26,31.54,Delivered,2025,2025-08,Wednesday,Medium-High,Medium-Low,Medium-High,Medium-High,Medium-High,Medium-Low
SO00333,2025-09-03,Evergreen Systems,South,P002,Hydraulic Valve,Valves,Plant B,OEM,36,265.78,9568.08,6660,2908.08,30.39,Delivered,2025,2025-09,Wednesday,Low,Low,Low,Low,Low,Medium-Low
SO00334,2025-10-30,Global Machines,South,P001,Industrial Pump,Pumps,Plant A,OEM,395,665.18,262746.1,165900,96846.1,36.86,Processing,2025,2025-10,Thursday,High,Medium-Low,High,High,High,Medium-High
SO00335,2025-10-03,Fusion Tech,North,P005,Control Panel,Electrical,Plant D,Direct,94,921.14,86587.16,63920,22667.16,26.18,Delivered,2025,2025-10,Friday,Low,Medium-High,Medium-Low,Medium-Low,Medium-Low,Low
SO00336,2025-05-31,Evergreen Systems,South,P006,Bearing Unit,Components,Plant D,Direct,205,191.79,39316.95,25625,13691.95,34.82,Delivered,2025,2025-05,Saturday,Medium-Low,Low,Low,Low,Low,Medium-High
SO00337,2025-07-15,Alpha Industries,South,P003,Electric Motor,Motors,Plant C,OEM,325,1018.69,331074.25,247000,84074.25,25.39,Delivered,2025,2025-07,Tuesday,Medium-High,High,High,High,High,Low
SO00338,2025-01-21,Bharat Engineering,West,P001,Industrial Pump,Pumps,Plant A,Direct,252,612.94,154460.88,105840,48620.88,31.48,Processing,2025,2025-01,Tuesday,Medium-High,Medium-Low,Medium-High,Medium-High,Medium-High,Medium-Low
SO00339,2025-09-14,Crown Manufacturing,South,P003,Electric Motor,Motors,Plant A,OEM,377,1118.36,421621.72,286520,135101.72,32.04,Delivered,2025,2025-09,Sunday,High,High,High,High,High,Medium-Low
SO00340,2025-01-17,Global Machines,West,P004,Gear Assembly,Assemblies,Plant D,Distributor,351,770.86,270571.86,189540,81031.86,29.95,Delivered,2025,2025-01,Friday,High,Medium-High,High,High,High,Low
SO00341,2025-02-20,Evergreen Systems,South,P002,Hydraulic Valve,Valves,Plant A,OEM,186,260.82,48512.52,34410,14102.52,29.07,Delivered,2025,2025-02,Thursday,Medium-Low,Low,Low,Medium-Low,Low,Low
SO00342,2025-09-27,Fusion Tech,South,P005,Control Panel,Electrical,Plant C,Online,139,881.39,122513.21,94520,27993.21,22.85,Delivered,2025,2025-09,Saturday,Medium-Low,Medium-High,Medium-High,Medium-High,Medium-Low,Low
SO00343,2025-11-11,Global Machines,West,P001,Industrial Pump,Pumps,Plant C,Direct,154,609.77,93904.58,64680,29224.58,31.12,Delivered,2025,2025-11,Tuesday,Medium-Low,Medium-Low,Medium-Low,Medium-Low,Medium-Low,Medium-Low
SO00344,2025-03-24,Bharat Engineering,West,P002,Hydraulic Valve,Valves,Plant D,Direct,92,298.52,27463.84,17020,10443.84,38.03,Delivered,2025,2025-03,Monday,Low,Medium-Low,Low,Low,Low,High
SO00345,2025-11-02,Bharat Engineering,East,P005,Control Panel,Electrical,Plant A,Distributor,369,881.71,325350.99,250920,74430.99,22.88,Delayed,2025,2025-11,Sunday,High,Medium-High,High,High,High,Low
SO00346,2025-05-04,Alpha Industries,South,P005,Control Panel,Electrical,Plant A,OEM,97,972.29,94312.13,65960,28352.13,30.06,Delivered,2025,2025-05,Sunday,Low,High,Medium-Low,Medium-Low,Medium-Low,Medium-Low
SO00347,2025-10-17,Fusion Tech,West,P006,Bearing Unit,Components,Plant D,Direct,29,189.84,5505.36,3625,1880.36,34.16,Delivered,2025,2025-10,Friday,Low,Low,Low,Low,Low,Medium-High
SO00348,2025-09-19,Bharat Engineering,South,P004,Gear Assembly,Assemblies,Plant B,Distributor,239,747.08,178552.12,129060,49492.12,27.72,Delivered,2025,2025-09,Friday,Medium-High,Medium-High,Medium-High,Medium-High,Medium-High,Low
SO00349,2025-12-31,Horizon Infra,South,P006,Bearing Unit,Components,Plant B,Direct,135,192.03,25924.05,16875,9049.05,34.91,Delivered,2025,2025-12,Wednesday,Medium-Low,Low,Low,Low,Low,Medium-High
SO00350,2025-02-18,Bharat Engineering,South,P006,Bearing Unit,Components,Plant A,OEM,363,187.62,68106.06,45375,22731.06,33.38,Delivered,2025,2025-02,Tuesday,High,Low,Medium-Low,Medium-Low,Medium-Low,Medium-Low
SO00351,2025-01-06,Crown Manufacturing,North,P003,Electric Motor,Motors,Plant C,OEM,425,1135.98,482791.5,323000,159791.5,33.1,Delivered,2025,2025-01,Monday,High,High,High,High,High,Medium-Low
SO00352,2025-04-27,Alpha Industries,East,P003,Electric Motor,Motors,Plant B,Direct,60,1089.4,65364.0,45600,19764.0,30.24,Delivered,2025,2025-04,Sunday,Low,High,Medium-Low,Medium-Low,Medium-Low,Medium-Low
SO00353,2025-04-28,Alpha Industries,North,P002,Hydraulic Valve,Valves,Plant A,Direct,97,308.63,29937.11,17945,11992.11,40.06,Delivered,2025,2025-04,Monday,Low,Medium-Low,Low,Low,Low,High
SO00354,2025-09-20,Fusion Tech,East,P004,Gear Assembly,Assemblies,Plant B,Direct,179,728.82,130458.78,96660,33798.78,25.91,Delivered,2025,2025-09,Saturday,Medium-Low,Medium-High,Medium-High,Medium-High,Medium-Low,Low
SO00355,2025-12-19,Bharat Engineering,South,P005,Control Panel,Electrical,Plant D,Distributor,72,890.77,64135.44,48960,15175.44,23.66,Delivered,2025,2025-12,Friday,Low,Medium-High,Medium-Low,Medium-Low,Low,Low
SO00356,2025-05-09,Crown Manufacturing,South,P004,Gear Assembly,Assemblies,Plant B,Distributor,98,762.45,74720.1,52920,21800.1,29.18,Delivered,2025,2025-05,Friday,Low,Medium-High,Medium-Low,Medium-Low,Medium-Low,Low
SO00357,2025-06-20,Delta Auto,West,P004,Gear Assembly,Assemblies,Plant B,Direct,198,836.87,165700.26,106920,58780.26,35.47,Delivered,2025,2025-06,Friday,Medium-Low,Medium-High,Medium-High,Medium-High,Medium-High,Medium-High
SO00358,2025-01-27,Evergreen Systems,East,P002,Hydraulic Valve,Valves,Plant D,OEM,199,277.64,55250.36,36815,18435.36,33.37,Delivered,2025,2025-01,Monday,Medium-Low,Low,Medium-Low,Medium-Low,Medium-Low,Medium-Low
SO00359,2025-07-18,Horizon Infra,East,P003,Electric Motor,Motors,Plant C,Distributor,396,1077.09,426527.64,300960,125567.64,29.44,Delivered,2025,2025-07,Friday,High,High,High,High,High,Low
SO00360,2025-11-10,Global Machines,North,P004,Gear Assembly,Assemblies,Plant A,Online,98,761.66,74642.68,52920,21722.68,29.1,Processing,2025,2025-11,Monday,Low,Medium-High,Medium-Low,Medium-Low,Medium-Low,Low
SO00361,2025-12-11,Alpha Industries,East,P004,Gear Assembly,Assemblies,Plant C,Direct,357,725.8,259110.6,192780,66330.6,25.6,Delivered,2025,2025-12,Thursday,High,Medium-High,High,High,Medium-High,Low
SO00362,2025-04-07,Crown Manufacturing,South,P004,Gear Assembly,Assemblies,Plant C,Direct,341,864.99,294961.59,184140,110821.59,37.57,Delivered,2025,2025-04,Monday,High,Medium-High,High,High,High,High
SO00363,2025-01-17,Fusion Tech,West,P001,Industrial Pump,Pumps,Plant B,Distributor,35,643.31,22515.85,14700,7815.85,34.71,Processing,2025,2025-01,Friday,Low,Medium-Low,Low,Low,Low,Medium-High
SO00364,2025-06-22,Crown Manufacturing,North,P004,Gear Assembly,Assemblies,Plant A,Online,185,840.43,155479.55,99900,55579.55,35.75,Delivered,2025,2025-06,Sunday,Medium-Low,Medium-High,Medium-High,Medium-High,Medium-High,Medium-High
SO00365,2025-04-11,Bharat Engineering,West,P004,Gear Assembly,Assemblies,Plant B,Distributor,373,819.45,305654.85,201420,104234.85,34.1,Processing,2025,2025-04,Friday,High,Medium-High,High,High,High,Medium-High
SO00366,2025-07-05,Horizon Infra,East,P005,Control Panel,Electrical,Plant D,OEM,273,963.19,262950.87,185640,77310.87,29.4,Delivered,2025,2025-07,Saturday,Medium-High,High,High,High,High,Low
SO00367,2025-07-03,Evergreen Systems,East,P006,Bearing Unit,Components,Plant C,Distributor,398,188.57,75050.86,49750,25300.86,33.71,Delivered,2025,2025-07,Thursday,High,Low,Medium-Low,Medium-Low,Medium-Low,Medium-Low
SO00368,2025-08-03,Alpha Industries,North,P001,Industrial Pump,Pumps,Plant C,Direct,404,655.56,264846.24,169680,95166.24,35.93,Delivered,2025,2025-08,Sunday,High,Medium-Low,High,High,High,Medium-High
SO00369,2025-09-08,Delta Auto,East,P004,Gear Assembly,Assemblies,Plant D,OEM,51,737.97,37636.47,27540,10096.47,26.83,Delivered,2025,2025-09,Monday,Low,Medium-High,Low,Low,Low,Low
SO00370,2025-08-04,Bharat Engineering,West,P006,Bearing Unit,Components,Plant A,Distributor,128,202.2,25881.6,16000,9881.6,38.18,Cancelled,2025,2025-08,Monday,Medium-Low,Low,Low,Low,Low,High
SO00371,2025-01-29,Alpha Industries,South,P004,Gear Assembly,Assemblies,Plant C,Direct,178,814.72,145020.16,96120,48900.16,33.72,Delivered,2025,2025-01,Wednesday,Medium-Low,Medium-High,Medium-High,Medium-High,Medium-High,Medium-Low
SO00372,2025-04-12,Global Machines,North,P002,Hydraulic Valve,Valves,Plant C,Direct,117,305.75,35772.75,21645,14127.75,39.49,Delivered,2025,2025-04,Saturday,Medium-Low,Medium-Low,Low,Low,Low,High
SO00373,2025-05-03,Fusion Tech,East,P002,Hydraulic Valve,Valves,Plant A,OEM,156,300.02,46803.12,28860,17943.12,38.34,Delivered,2025,2025-05,Saturday,Medium-Low,Medium-Low,Low,Low,Low,High
SO00374,2025-02-23,Alpha Industries,West,P006,Bearing Unit,Components,Plant B,OEM,185,213.0,39405.0,23125,16280.0,41.31,Delivered,2025,2025-02,Sunday,Medium-Low,Low,Low,Low,Low,High
SO00375,2025-10-10,Crown Manufacturing,South,P001,Industrial Pump,Pumps,Plant D,Direct,446,591.38,263755.48,187320,76435.48,28.98,Delivered,2025,2025-10,Friday,High,Medium-Low,High,High,High,Low
SO00376,2025-04-12,Global Machines,East,P005,Control Panel,Electrical,Plant A,Direct,448,930.24,416747.52,304640,112107.52,26.9,Delivered,2025,2025-04,Saturday,High,Medium-High,High,High,High,Low
SO00377,2025-04-27,Evergreen Systems,North,P001,Industrial Pump,Pumps,Plant D,Online,385,577.58,222368.3,161700,60668.3,27.28,Delivered,2025,2025-04,Sunday,High,Medium-Low,Medium-High,High,Medium-High,Low
SO00378,2025-04-14,Horizon Infra,East,P001,Industrial Pump,Pumps,Plant D,OEM,198,665.53,131774.94,83160,48614.94,36.89,Processing,2025,2025-04,Monday,Medium-Low,Medium-Low,Medium-High,Medium-High,Medium-High,Medium-High
SO00379,2025-02-14,Delta Auto,East,P002,Hydraulic Valve,Valves,Plant C,Direct,169,315.8,53370.2,31265,22105.2,41.42,Delivered,2025,2025-02,Friday,Medium-Low,Medium-Low,Medium-Low,Low,Medium-Low,High
SO00380,2025-04-24,Evergreen Systems,East,P002,Hydraulic Valve,Valves,Plant A,OEM,311,275.18,85580.98,57535,28045.98,32.77,Delivered,2025,2025-04,Thursday,Medium-High,Low,Medium-Low,Medium-Low,Medium-Low,Medium-Low
SO00381,2025-12-09,Crown Manufacturing,South,P005,Control Panel,Electrical,Plant D,Direct,357,879.59,314013.63,242760,71253.63,22.69,Delivered,2025,2025-12,Tuesday,High,Medium-High,High,High,Medium-High,Low
SO00382,2025-01-31,Delta Auto,South,P004,Gear Assembly,Assemblies,Plant B,Direct,429,789.84,338841.36,231660,107181.36,31.63,Cancelled,2025,2025-01,Friday,High,Medium-High,High,High,High,Medium-Low
SO00383,2025-06-13,Delta Auto,East,P005,Control Panel,Electrical,Plant D,Direct,411,1030.31,423457.41,279480,143977.41,34.0,Delivered,2025,2025-06,Friday,High,High,High,High,High,Medium-High
SO00384,2025-07-08,Horizon Infra,East,P004,Gear Assembly,Assemblies,Plant C,Direct,83,802.22,66584.26,44820,21764.26,32.69,Delivered,2025,2025-07,Tuesday,Low,Medium-High,Medium-Low,Medium-Low,Medium-Low,Medium-Low
SO00385,2025-10-20,Bharat Engineering,North,P006,Bearing Unit,Components,Plant B,Direct,361,186.76,67420.36,45125,22295.36,33.07,Cancelled,2025,2025-10,Monday,High,Low,Medium-Low,Medium-Low,Medium-Low,Medium-Low
SO00386,2025-07-14,Delta Auto,East,P006,Bearing Unit,Components,Plant B,OEM,27,225.72,6094.44,3375,2719.44,44.62,Delivered,2025,2025-07,Monday,Low,Low,Low,Low,Low,High
SO00387,2025-10-19,Alpha Industries,West,P003,Electric Motor,Motors,Plant A,Direct,149,1171.22,174511.78,113240,61271.78,35.11,Delivered,2025,2025-10,Sunday,Medium-Low,High,Medium-High,Medium-High,Medium-High,Medium-High
SO00388,2025-09-18,Evergreen Systems,West,P002,Hydraulic Valve,Valves,Plant B,Direct,124,267.36,33152.64,22940,10212.64,30.8,Delivered,2025,2025-09,Thursday,Medium-Low,Low,Low,Low,Low,Medium-Low
SO00389,2025-07-26,Fusion Tech,North,P003,Electric Motor,Motors,Plant A,Direct,337,1192.08,401730.96,256120,145610.96,36.25,Delayed,2025,2025-07,Saturday,Medium-High,High,High,High,High,Medium-High
SO00390,2025-02-21,Fusion Tech,South,P003,Electric Motor,Motors,Plant A,OEM,234,1086.55,254252.7,177840,76412.7,30.05,Cancelled,2025,2025-02,Friday,Medium-High,High,High,High,High,Medium-Low
SO00391,2025-02-18,Evergreen Systems,East,P002,Hydraulic Valve,Valves,Plant B,OEM,55,281.54,15484.7,10175,5309.7,34.29,Processing,2025,2025-02,Tuesday,Low,Low,Low,Low,Low,Medium-High
SO00392,2025-01-06,Bharat Engineering,North,P003,Electric Motor,Motors,Plant A,Direct,448,1088.88,487818.24,340480,147338.24,30.2,Delivered,2025,2025-01,Monday,High,High,High,High,High,Medium-Low
SO00393,2025-08-12,Delta Auto,South,P001,Industrial Pump,Pumps,Plant A,Distributor,47,680.49,31983.03,19740,12243.03,38.28,Delivered,2025,2025-08,Tuesday,Low,Medium-Low,Low,Low,Low,High
SO00394,2025-01-23,Crown Manufacturing,North,P004,Gear Assembly,Assemblies,Plant B,Direct,215,819.64,176222.6,116100,60122.6,34.12,Delivered,2025,2025-01,Thursday,Medium-Low,Medium-High,Medium-High,Medium-High,Medium-High,Medium-High
SO00395,2025-05-25,Global Machines,South,P005,Control Panel,Electrical,Plant C,Distributor,395,874.01,345233.95,268600,76633.95,22.2,Delayed,2025,2025-05,Sunday,High,Medium-High,High,High,High,Low
SO00396,2025-04-20,Global Machines,East,P002,Hydraulic Valve,Valves,Plant D,Direct,18,316.1,5689.8,3330,2359.8,41.47,Delayed,2025,2025-04,Sunday,Low,Medium-Low,Low,Low,Low,High
SO00397,2025-07-31,Alpha Industries,North,P001,Industrial Pump,Pumps,Plant A,Distributor,262,591.21,154897.02,110040,44857.02,28.96,Delivered,2025,2025-07,Thursday,Medium-High,Medium-Low,Medium-High,Medium-High,Medium-High,Low
SO00398,2025-10-27,Bharat Engineering,East,P006,Bearing Unit,Components,Plant A,Online,117,216.11,25284.87,14625,10659.87,42.16,Delivered,2025,2025-10,Monday,Medium-Low,Low,Low,Low,Low,High
SO00399,2025-02-10,Global Machines,North,P005,Control Panel,Electrical,Plant B,Distributor,398,987.08,392857.84,270640,122217.84,31.11,Delivered,2025,2025-02,Monday,High,High,High,High,High,Medium-Low
SO00400,2025-06-21,Horizon Infra,South,P005,Control Panel,Electrical,Plant D,Direct,107,899.16,96210.12,72760,23450.12,24.37,Delivered,2025,2025-06,Saturday,Low,Medium-High,Medium-Low,Medium-Low,Medium-Low,Low
SO00401,2025-07-05,Horizon Infra,North,P005,Control Panel,Electrical,Plant D,Direct,284,895.86,254424.24,193120,61304.24,24.1,Delivered,2025,2025-07,Saturday,Medium-High,Medium-High,High,High,Medium-High,Low
SO00402,2025-08-02,Delta Auto,West,P003,Electric Motor,Motors,Plant A,Distributor,80,1180.55,94444.0,60800,33644.0,35.62,Delivered,2025,2025-08,Saturday,Low,High,Medium-Low,Medium-Low,Medium-Low,Medium-High
SO00403,2025-11-02,Fusion Tech,West,P003,Electric Motor,Motors,Plant B,Distributor,48,1079.61,51821.28,36480,15341.28,29.6,Delivered,2025,2025-11,Sunday,Low,High,Low,Medium-Low,Low,Low
SO00404,2025-02-21,Crown Manufacturing,North,P003,Electric Motor,Motors,Plant C,Direct,307,1132.23,347594.61,233320,114274.61,32.88,Delivered,2025,2025-02,Friday,Medium-High,High,High,High,High,Medium-Low
SO00405,2025-03-11,Delta Auto,West,P003,Electric Motor,Motors,Plant D,OEM,410,1098.51,450389.1,311600,138789.1,30.82,Processing,2025,2025-03,Tuesday,High,High,High,High,High,Medium-Low
SO00406,2025-07-15,Bharat Engineering,East,P001,Industrial Pump,Pumps,Plant C,Distributor,99,666.56,65989.44,41580,24409.44,36.99,Processing,2025,2025-07,Tuesday,Low,Medium-Low,Medium-Low,Medium-Low,Medium-Low,Medium-High
SO00407,2025-05-31,Horizon Infra,West,P003,Electric Motor,Motors,Plant B,Direct,439,1092.95,479805.05,333640,146165.05,30.46,Cancelled,2025,2025-05,Saturday,High,High,High,High,High,Medium-Low
SO00408,2025-04-19,Crown Manufacturing,West,P002,Hydraulic Valve,Valves,Plant C,Direct,228,276.56,63055.68,42180,20875.68,33.11,Delivered,2025,2025-04,Saturday,Medium-High,Low,Medium-Low,Medium-Low,Medium-Low,Medium-Low
SO00409,2025-04-28,Global Machines,East,P005,Control Panel,Electrical,Plant B,OEM,116,933.62,108299.92,78880,29419.92,27.17,Delivered,2025,2025-04,Monday,Medium-Low,Medium-High,Medium-Low,Medium-High,Medium-Low,Low
SO00410,2025-12-31,Crown Manufacturing,East,P001,Industrial Pump,Pumps,Plant A,Direct,413,683.68,282359.84,173460,108899.84,38.57,Delivered,2025,2025-12,Wednesday,High,Medium-Low,High,High,High,High
SO00411,2025-04-05,Crown Manufacturing,South,P006,Bearing Unit,Components,Plant C,OEM,401,204.46,81988.46,50125,31863.46,38.86,Cancelled,2025,2025-04,Saturday,High,Low,Medium-Low,Medium-Low,Medium-Low,High
SO00412,2025-09-13,Crown Manufacturing,East,P003,Electric Motor,Motors,Plant A,Distributor,105,1033.41,108508.05,79800,28708.05,26.46,Delivered,2025,2025-09,Saturday,Low,High,Medium-Low,Medium-High,Medium-Low,Low
SO00413,2025-02-13,Horizon Infra,North,P006,Bearing Unit,Components,Plant A,Direct,412,224.05,92308.6,51500,40808.6,44.21,Delivered,2025,2025-02,Thursday,High,Low,Medium-Low,Medium-Low,Medium-High,High
SO00414,2025-03-08,Global Machines,West,P005,Control Panel,Electrical,Plant B,Online,41,1018.53,41759.73,27880,13879.73,33.24,Delivered,2025,2025-03,Saturday,Low,High,Low,Low,Low,Medium-Low
SO00415,2025-06-05,Delta Auto,South,P001,Industrial Pump,Pumps,Plant C,Direct,135,579.24,78197.4,56700,21497.4,27.49,Processing,2025,2025-06,Thursday,Medium-Low,Medium-Low,Medium-Low,Medium-Low,Medium-Low,Low
SO00416,2025-11-19,Crown Manufacturing,East,P005,Control Panel,Electrical,Plant D,Direct,156,1058.19,165077.64,106080,58997.64,35.74,Delivered,2025,2025-11,Wednesday,Medium-Low,High,Medium-High,Medium-High,Medium-High,Medium-High
SO00417,2025-07-25,Delta Auto,West,P006,Bearing Unit,Components,Plant C,Direct,289,213.99,61843.11,36125,25718.11,41.59,Delivered,2025,2025-07,Friday,Medium-High,Low,Medium-Low,Medium-Low,Medium-Low,High
SO00418,2025-10-01,Crown Manufacturing,North,P001,Industrial Pump,Pumps,Plant D,OEM,33,592.83,19563.39,13860,5703.39,29.15,Delivered,2025,2025-10,Wednesday,Low,Medium-Low,Low,Low,Low,Low
SO00419,2025-06-04,Horizon Infra,North,P004,Gear Assembly,Assemblies,Plant A,Distributor,449,751.22,337297.78,242460,94837.78,28.12,Delayed,2025,2025-06,Wednesday,High,Medium-High,High,High,High,Low
SO00420,2025-06-28,Crown Manufacturing,South,P001,Industrial Pump,Pumps,Plant A,Direct,218,662.02,144320.36,91560,52760.36,36.56,Delivered,2025,2025-06,Saturday,Medium-Low,Medium-Low,Medium-High,Medium-High,Medium-High,Medium-High
SO00421,2025-03-01,Bharat Engineering,North,P003,Electric Motor,Motors,Plant B,Direct,129,1160.27,149674.83,98040,51634.83,34.5,Delivered,2025,2025-03,Saturday,Medium-Low,High,Medium-High,Medium-High,Medium-High,Medium-High
SO00422,2025-03-15,Delta Auto,West,P006,Bearing Unit,Components,Plant D,Distributor,283,194.84,55139.72,35375,19764.72,35.84,Delivered,2025,2025-03,Saturday,Medium-High,Low,Medium-Low,Medium-Low,Medium-Low,Medium-High
SO00423,2025-02-18,Fusion Tech,East,P005,Control Panel,Electrical,Plant C,Direct,149,912.77,136002.73,101320,34682.73,25.5,Processing,2025,2025-02,Tuesday,Medium-Low,Medium-High,Medium-High,Medium-High,Medium-Low,Low
SO00424,2025-09-28,Horizon Infra,North,P005,Control Panel,Electrical,Plant B,Direct,306,922.6,282315.6,208080,74235.6,26.3,Processing,2025,2025-09,Sunday,Medium-High,Medium-High,High,High,High,Low
SO00425,2025-03-14,Delta Auto,East,P005,Control Panel,Electrical,Plant B,Direct,352,979.61,344822.72,239360,105462.72,30.58,Delivered,2025,2025-03,Friday,High,High,High,High,High,Medium-Low
SO00426,2025-07-15,Horizon Infra,West,P002,Hydraulic Valve,Valves,Plant B,Distributor,441,269.74,118955.34,81585,37370.34,31.42,Delivered,2025,2025-07,Tuesday,High,Low,Medium-High,Medium-High,Medium-High,Medium-Low
SO00427,2025-06-28,Evergreen Systems,West,P002,Hydraulic Valve,Valves,Plant C,Direct,91,265.75,24183.25,16835,7348.25,30.39,Delayed,2025,2025-06,Saturday,Low,Low,Low,Low,Low,Medium-Low
SO00428,2025-02-17,Global Machines,East,P003,Electric Motor,Motors,Plant B,Distributor,409,1137.67,465307.03,310840,154467.03,33.2,Delivered,2025,2025-02,Monday,High,High,High,High,High,Medium-Low
SO00429,2025-03-13,Fusion Tech,West,P004,Gear Assembly,Assemblies,Plant C,Online,217,839.01,182065.17,117180,64885.17,35.64,Processing,2025,2025-03,Thursday,Medium-Low,Medium-High,Medium-High,Medium-High,Medium-High,Medium-High
SO00430,2025-04-23,Bharat Engineering,South,P002,Hydraulic Valve,Valves,Plant B,OEM,416,289.15,120286.4,76960,43326.4,36.02,Delivered,2025,2025-04,Wednesday,High,Medium-Low,Medium-High,Medium-High,Medium-High,Medium-High
SO00431,2025-09-02,Delta Auto,North,P001,Industrial Pump,Pumps,Plant D,OEM,432,619.3,267537.6,181440,86097.6,32.18,Delivered,2025,2025-09,Tuesday,High,Medium-Low,High,High,High,Medium-Low
SO00432,2025-11-05,Bharat Engineering,South,P006,Bearing Unit,Components,Plant A,Distributor,42,202.95,8523.9,5250,3273.9,38.41,Processing,2025,2025-11,Wednesday,Low,Low,Low,Low,Low,High
SO00433,2025-06-08,Fusion Tech,South,P003,Electric Motor,Motors,Plant D,Online,33,1072.6,35395.8,25080,10315.8,29.14,Delivered,2025,2025-06,Sunday,Low,High,Low,Low,Low,Low
SO00434,2025-10-01,Bharat Engineering,South,P004,Gear Assembly,Assemblies,Plant D,OEM,70,868.32,60782.4,37800,22982.4,37.81,Delivered,2025,2025-10,Wednesday,Low,Medium-High,Medium-Low,Medium-Low,Medium-Low,High
SO00435,2025-09-25,Bharat Engineering,East,P001,Industrial Pump,Pumps,Plant B,Distributor,320,671.85,214992.0,134400,80592.0,37.49,Delivered,2025,2025-09,Thursday,Medium-High,Medium-Low,Medium-High,Medium-High,High,High
SO00436,2025-10-31,Alpha Industries,East,P005,Control Panel,Electrical,Plant D,Distributor,198,903.19,178831.62,134640,44191.62,24.71,Processing,2025,2025-10,Friday,Medium-Low,Medium-High,Medium-High,Medium-High,Medium-High,Low
SO00437,2025-01-30,Delta Auto,West,P002,Hydraulic Valve,Valves,Plant D,Direct,93,282.27,26251.11,17205,9046.11,34.46,Delivered,2025,2025-01,Thursday,Low,Low,Low,Low,Low,Medium-High
SO00438,2025-04-07,Bharat Engineering,East,P001,Industrial Pump,Pumps,Plant D,OEM,234,642.72,150396.48,98280,52116.48,34.65,Delivered,2025,2025-04,Monday,Medium-High,Medium-Low,Medium-High,Medium-High,Medium-High,Medium-High
SO00439,2025-09-08,Alpha Industries,West,P004,Gear Assembly,Assemblies,Plant B,Direct,177,812.1,143741.7,95580,48161.7,33.51,Delayed,2025,2025-09,Monday,Medium-Low,Medium-High,Medium-High,Medium-High,Medium-High,Medium-Low
SO00440,2025-01-07,Alpha Industries,East,P003,Electric Motor,Motors,Plant C,Direct,195,1090.47,212641.65,148200,64441.65,30.31,Delivered,2025,2025-01,Tuesday,Medium-Low,High,Medium-High,Medium-High,Medium-High,Medium-Low
SO00441,2025-04-02,Horizon Infra,West,P001,Industrial Pump,Pumps,Plant A,Distributor,384,677.32,260090.88,161280,98810.88,37.99,Delivered,2025,2025-04,Wednesday,High,Medium-Low,High,High,High,High
SO00442,2025-04-23,Crown Manufacturing,North,P003,Electric Motor,Motors,Plant A,OEM,81,1157.54,93760.74,61560,32200.74,34.34,Delivered,2025,2025-04,Wednesday,Low,High,Medium-Low,Medium-Low,Medium-Low,Medium-High
SO00443,2025-09-16,Crown Manufacturing,West,P005,Control Panel,Electrical,Plant C,Distributor,83,961.41,79797.03,56440,23357.03,29.27,Cancelled,2025,2025-09,Tuesday,Low,High,Medium-Low,Medium-Low,Medium-Low,Low
SO00444,2025-04-17,Global Machines,North,P004,Gear Assembly,Assemblies,Plant C,OEM,394,851.22,335380.68,212760,122620.68,36.56,Delivered,2025,2025-04,Thursday,High,Medium-High,High,High,High,Medium-High
SO00445,2025-03-04,Fusion Tech,West,P004,Gear Assembly,Assemblies,Plant D,OEM,350,834.48,292068.0,189000,103068.0,35.29,Delivered,2025,2025-03,Tuesday,High,Medium-High,High,High,High,Medium-High
SO00446,2025-12-24,Delta Auto,East,P002,Hydraulic Valve,Valves,Plant A,Distributor,162,305.54,49497.48,29970,19527.48,39.45,Delivered,2025,2025-12,Wednesday,Medium-Low,Medium-Low,Low,Low,Medium-Low,High
SO00447,2025-09-28,Crown Manufacturing,East,P006,Bearing Unit,Components,Plant C,Distributor,105,224.97,23621.85,13125,10496.85,44.44,Processing,2025,2025-09,Sunday,Low,Low,Low,Low,Low,High
SO00448,2025-07-18,Fusion Tech,North,P004,Gear Assembly,Assemblies,Plant D,Distributor,62,755.97,46870.14,33480,13390.14,28.57,Processing,2025,2025-07,Friday,Low,Medium-High,Low,Medium-Low,Low,Low
SO00449,2025-12-13,Delta Auto,South,P001,Industrial Pump,Pumps,Plant A,OEM,183,606.79,111042.57,76860,34182.57,30.78,Delivered,2025,2025-12,Saturday,Medium-Low,Medium-Low,Medium-High,Medium-High,Medium-Low,Medium-Low
SO00450,2025-12-03,Fusion Tech,South,P001,Industrial Pump,Pumps,Plant B,Online,119,687.56,81819.64,49980,31839.64,38.91,Delivered,2025,2025-12,Wednesday,Medium-Low,Medium-Low,Medium-Low,Medium-Low,Medium-Low,High
SO00451,2025-05-26,Global Machines,West,P001,Industrial Pump,Pumps,Plant B,OEM,325,672.39,218526.75,136500,82026.75,37.54,Processing,2025,2025-05,Monday,Medium-High,Medium-Low,Medium-High,Medium-High,High,High
SO00452,2025-03-02,Global Machines,East,P005,Control Panel,Electrical,Plant A,Direct,60,1044.0,62640.0,40800,21840.0,34.87,Delivered,2025,2025-03,Sunday,Low,High,Medium-Low,Medium-Low,Medium-Low,Medium-High
SO00453,2025-04-30,Alpha Industries,South,P004,Gear Assembly,Assemblies,Plant A,Direct,386,723.03,279089.58,208440,70649.58,25.31,Delayed,2025,2025-04,Wednesday,High,Medium-High,High,High,Medium-High,Low
SO00454,2025-03-02,Alpha Industries,East,P004,Gear Assembly,Assemblies,Plant B,Direct,262,814.5,213399.0,141480,71919.0,33.7,Delivered,2025,2025-03,Sunday,Medium-High,Medium-High,Medium-High,Medium-High,Medium-High,Medium-Low
SO00455,2025-11-05,Delta Auto,East,P001,Industrial Pump,Pumps,Plant B,Distributor,82,590.8,48445.6,34440,14005.6,28.91,Delivered,2025,2025-11,Wednesday,Low,Medium-Low,Low,Medium-Low,Low,Low
SO00456,2025-01-26,Fusion Tech,East,P002,Hydraulic Valve,Valves,Plant A,OEM,221,289.33,63941.93,40885,23056.93,36.06,Delivered,2025,2025-01,Sunday,Medium-Low,Medium-Low,Medium-Low,Medium-Low,Medium-Low,Medium-High
SO00457,2025-04-25,Fusion Tech,West,P002,Hydraulic Valve,Valves,Plant D,Direct,441,268.79,118536.39,81585,36951.39,31.17,Processing,2025,2025-04,Friday,High,Low,Medium-High,Medium-High,Medium-Low,Medium-Low
SO00458,2025-02-09,Crown Manufacturing,North,P004,Gear Assembly,Assemblies,Plant C,Direct,221,733.55,162114.55,119340,42774.55,26.39,Delivered,2025,2025-02,Sunday,Medium-Low,Medium-High,Medium-High,Medium-High,Medium-High,Low
SO00459,2025-12-10,Crown Manufacturing,West,P004,Gear Assembly,Assemblies,Plant C,Direct,260,714.77,185840.2,140400,45440.2,24.45,Delivered,2025,2025-12,Wednesday,Medium-High,Medium-High,Medium-High,Medium-High,Medium-High,Low
SO00460,2025-04-26,Delta Auto,South,P003,Electric Motor,Motors,Plant A,Distributor,177,1126.77,199438.29,134520,64918.29,32.55,Delivered,2025,2025-04,Saturday,Medium-Low,High,Medium-High,Medium-High,Medium-High,Medium-Low
SO00461,2025-05-16,Evergreen Systems,North,P004,Gear Assembly,Assemblies,Plant C,Direct,272,770.96,209701.12,146880,62821.12,29.96,Delivered,2025,2025-05,Friday,Medium-High,Medium-High,Medium-High,Medium-High,Medium-High,Low
SO00462,2025-10-04,Crown Manufacturing,South,P001,Industrial Pump,Pumps,Plant B,Direct,340,585.67,199127.8,142800,56327.8,28.29,Delivered,2025,2025-10,Saturday,High,Medium-Low,Medium-High,Medium-High,Medium-High,Low
SO00463,2025-10-26,Bharat Engineering,North,P006,Bearing Unit,Components,Plant B,OEM,239,198.36,47408.04,29875,17533.04,36.98,Delivered,2025,2025-10,Sunday,Medium-High,Low,Low,Low,Low,Medium-High
SO00464,2025-01-21,Crown Manufacturing,North,P005,Control Panel,Electrical,Plant C,Direct,248,895.51,222086.48,168640,53446.48,24.07,Delayed,2025,2025-01,Tuesday,Medium-High,Medium-High,Medium-High,High,Medium-High,Low
SO00465,2025-01-31,Evergreen Systems,West,P004,Gear Assembly,Assemblies,Plant A,Distributor,284,865.35,245759.4,153360,92399.4,37.6,Delivered,2025,2025-01,Friday,Medium-High,Medium-High,High,Medium-High,High,High
SO00466,2025-09-04,Fusion Tech,East,P004,Gear Assembly,Assemblies,Plant B,Distributor,152,764.64,116225.28,82080,34145.28,29.38,Processing,2025,2025-09,Thursday,Medium-Low,Medium-High,Medium-High,Medium-High,Medium-Low,Low
SO00467,2025-01-27,Alpha Industries,East,P001,Industrial Pump,Pumps,Plant D,Online,79,615.41,48617.39,33180,15437.39,31.75,Delivered,2025,2025-01,Monday,Low,Medium-Low,Low,Medium-Low,Low,Medium-Low
SO00468,2025-03-14,Horizon Infra,North,P003,Electric Motor,Motors,Plant D,Direct,321,1173.73,376767.33,243960,132807.33,35.25,Delivered,2025,2025-03,Friday,Medium-High,High,High,High,High,Medium-High
SO00469,2025-04-07,Horizon Infra,West,P006,Bearing Unit,Components,Plant B,OEM,403,212.01,85440.03,50375,35065.03,41.04,Delivered,2025,2025-04,Monday,High,Low,Medium-Low,Medium-Low,Medium-Low,High
SO00470,2025-06-10,Alpha Industries,South,P004,Gear Assembly,Assemblies,Plant B,Distributor,183,827.85,151496.55,98820,52676.55,34.77,Cancelled,2025,2025-06,Tuesday,Medium-Low,Medium-High,Medium-High,Medium-High,Medium-High,Medium-High
SO00471,2025-12-12,Fusion Tech,South,P002,Hydraulic Valve,Valves,Plant C,Direct,345,297.12,102506.4,63825,38681.4,37.74,Processing,2025,2025-12,Friday,High,Medium-Low,Medium-Low,Medium-Low,Medium-High,High
SO00472,2025-10-27,Alpha Industries,East,P002,Hydraulic Valve,Valves,Plant A,Direct,118,315.43,37220.74,21830,15390.74,41.35,Delivered,2025,2025-10,Monday,Medium-Low,Medium-Low,Low,Low,Low,High
SO00473,2025-10-26,Crown Manufacturing,East,P002,Hydraulic Valve,Valves,Plant C,Direct,212,271.81,57623.72,39220,18403.72,31.94,Processing,2025,2025-10,Sunday,Medium-Low,Low,Medium-Low,Medium-Low,Medium-Low,Medium-Low
SO00474,2025-10-14,Global Machines,South,P005,Control Panel,Electrical,Plant A,OEM,194,1056.25,204912.5,131920,72992.5,35.62,Delivered,2025,2025-10,Tuesday,Medium-Low,High,Medium-High,Medium-High,Medium-High,Medium-High
SO00475,2025-07-31,Alpha Industries,South,P005,Control Panel,Electrical,Plant D,Distributor,300,1025.27,307581.0,204000,103581.0,33.68,Delivered,2025,2025-07,Thursday,Medium-High,High,High,High,High,Medium-Low
SO00476,2025-03-17,Global Machines,West,P006,Bearing Unit,Components,Plant D,Direct,337,209.54,70614.98,42125,28489.98,40.35,Delivered,2025,2025-03,Monday,Medium-High,Low,Medium-Low,Medium-Low,Medium-Low,High
SO00477,2025-05-23,Evergreen Systems,South,P004,Gear Assembly,Assemblies,Plant A,Direct,101,820.1,82830.1,54540,28290.1,34.15,Delivered,2025,2025-05,Friday,Low,Medium-High,Medium-Low,Medium-Low,Medium-Low,Medium-High
SO00478,2025-02-03,Global Machines,West,P004,Gear Assembly,Assemblies,Plant C,OEM,268,817.91,219199.88,144720,74479.88,33.98,Delivered,2025,2025-02,Monday,Medium-High,Medium-High,Medium-High,Medium-High,High,Medium-High
SO00479,2025-12-02,Evergreen Systems,East,P004,Gear Assembly,Assemblies,Plant B,OEM,331,722.26,239068.06,178740,60328.06,25.23,Delivered,2025,2025-12,Tuesday,Medium-High,Medium-High,High,High,Medium-High,Low
SO00480,2025-01-04,Crown Manufacturing,South,P005,Control Panel,Electrical,Plant A,Distributor,446,905.13,403687.98,303280,100407.98,24.87,Delivered,2025,2025-01,Saturday,High,Medium-High,High,High,High,Low
SO00481,2025-11-24,Fusion Tech,East,P006,Bearing Unit,Components,Plant C,Distributor,215,225.18,48413.7,26875,21538.7,44.49,Processing,2025,2025-11,Monday,Medium-Low,Low,Low,Low,Medium-Low,High
SO00482,2025-04-08,Bharat Engineering,North,P004,Gear Assembly,Assemblies,Plant D,OEM,61,799.37,48761.57,32940,15821.57,32.45,Delivered,2025,2025-04,Tuesday,Low,Medium-High,Low,Low,Low,Medium-Low
SO00483,2025-08-05,Crown Manufacturing,North,P001,Industrial Pump,Pumps,Plant B,Online,358,621.19,222386.02,150360,72026.02,32.39,Delivered,2025,2025-08,Tuesday,High,Medium-Low,Medium-High,Medium-High,Medium-High,Medium-Low
SO00484,2025-01-28,Alpha Industries,North,P003,Electric Motor,Motors,Plant D,Distributor,190,1156.3,219697.0,144400,75297.0,34.27,Processing,2025,2025-01,Tuesday,Medium-Low,High,Medium-High,Medium-High,High,Medium-High
SO00485,2025-07-20,Crown Manufacturing,South,P002,Hydraulic Valve,Valves,Plant A,Direct,447,290.55,129875.85,82695,47180.85,36.33,Processing,2025,2025-07,Sunday,High,Medium-Low,Medium-High,Medium-High,Medium-High,Medium-High
SO00486,2025-09-30,Horizon Infra,East,P002,Hydraulic Valve,Valves,Plant D,OEM,312,260.38,81238.56,57720,23518.56,28.95,Delayed,2025,2025-09,Tuesday,Medium-High,Low,Medium-Low,Medium-Low,Medium-Low,Low
SO00487,2025-11-10,Horizon Infra,South,P001,Industrial Pump,Pumps,Plant D,Direct,12,667.71,8012.52,5040,2972.52,37.1,Delivered,2025,2025-11,Monday,Low,Medium-Low,Low,Low,Low,Medium-High
SO00488,2025-05-07,Evergreen Systems,East,P004,Gear Assembly,Assemblies,Plant A,Direct,408,831.42,339219.36,220320,118899.36,35.05,Processing,2025,2025-05,Wednesday,High,Medium-High,High,High,High,Medium-High
SO00489,2025-07-21,Crown Manufacturing,West,P006,Bearing Unit,Components,Plant B,OEM,93,191.74,17831.82,11625,6206.82,34.81,Processing,2025,2025-07,Monday,Low,Low,Low,Low,Low,Medium-High
SO00490,2025-01-09,Crown Manufacturing,South,P006,Bearing Unit,Components,Plant A,Distributor,223,224.98,50170.54,27875,22295.54,44.44,Delivered,2025,2025-01,Thursday,Medium-Low,Low,Low,Low,Medium-Low,High
SO00491,2025-10-14,Bharat Engineering,North,P005,Control Panel,Electrical,Plant C,OEM,43,906.29,38970.47,29240,9730.47,24.97,Delivered,2025,2025-10,Tuesday,Low,Medium-High,Low,Low,Low,Low
SO00492,2025-03-29,Evergreen Systems,West,P004,Gear Assembly,Assemblies,Plant A,Distributor,59,786.96,46430.64,31860,14570.64,31.38,Delivered,2025,2025-03,Saturday,Low,Medium-High,Low,Low,Low,Medium-Low
SO00493,2025-11-14,Delta Auto,East,P006,Bearing Unit,Components,Plant A,OEM,298,189.62,56506.76,37250,19256.76,34.08,Delivered,2025,2025-11,Friday,Medium-High,Low,Medium-Low,Medium-Low,Medium-Low,Medium-High
SO00494,2025-01-19,Delta Auto,South,P004,Gear Assembly,Assemblies,Plant B,Direct,338,810.53,273959.14,182520,91439.14,33.38,Delivered,2025,2025-01,Sunday,High,Medium-High,High,High,High,Medium-Low
SO00495,2025-03-22,Evergreen Systems,East,P002,Hydraulic Valve,Valves,Plant C,Online,268,281.75,75509.0,49580,25929.0,34.34,Cancelled,2025,2025-03,Saturday,Medium-High,Low,Medium-Low,Medium-Low,Medium-Low,Medium-High
SO00496,2025-04-17,Delta Auto,East,P002,Hydraulic Valve,Valves,Plant D,Direct,267,280.44,74877.48,49395,25482.48,34.03,Delivered,2025,2025-04,Thursday,Medium-High,Low,Medium-Low,Medium-Low,Medium-Low,Medium-High
SO00497,2025-11-07,Alpha Industries,South,P005,Control Panel,Electrical,Plant D,Direct,397,1024.49,406722.53,269960,136762.53,33.63,Processing,2025,2025-11,Friday,High,High,High,High,High,Medium-Low
SO00498,2025-08-18,Delta Auto,South,P002,Hydraulic Valve,Valves,Plant D,Direct,281,260.16,73104.96,51985,21119.96,28.89,Delivered,2025,2025-08,Monday,Medium-High,Low,Medium-Low,Medium-Low,Medium-Low,Low
SO00499,2025-04-22,Horizon Infra,East,P004,Gear Assembly,Assemblies,Plant D,Online,191,842.07,160835.37,103140,57695.37,35.87,Delivered,2025,2025-04,Tuesday,Medium-Low,Medium-High,Medium-High,Medium-High,Medium-High,Medium-High
SO00500,2025-08-08,Alpha Industries,East,P001,Industrial Pump,Pumps,Plant B,Direct,42,646.29,27144.18,17640,9504.18,35.01,Delivered,2025,2025-08,Friday,Low,Medium-Low,Low,Low,Low,Medium-High
SO00501,2025-05-03,Evergreen Systems,West,P005,Control Panel,Electrical,Plant C,Distributor,274,1055.68,289256.32,186320,102936.32,35.59,Delivered,2025,2025-05,Saturday,Medium-High,High,High,High,High,Medium-High
SO00502,2025-09-01,Delta Auto,North,P001,Industrial Pump,Pumps,Plant B,Direct,322,648.63,208858.86,135240,73618.86,35.25,Delivered,2025,2025-09,Monday,Medium-High,Medium-Low,Medium-High,Medium-High,High,Medium-High
SO00503,2025-06-27,Delta Auto,East,P004,Gear Assembly,Assemblies,Plant A,Direct,49,721.77,35366.73,26460,8906.73,25.18,Cancelled,2025,2025-06,Friday,Low,Medium-High,Low,Low,Low,Low
SO00504,2025-03-06,Fusion Tech,North,P005,Control Panel,Electrical,Plant C,Distributor,317,872.33,276528.61,215560,60968.61,22.05,Delivered,2025,2025-03,Thursday,Medium-High,Medium-High,High,High,Medium-High,Low
SO00505,2025-01-03,Global Machines,West,P001,Industrial Pump,Pumps,Plant C,OEM,219,686.81,150411.39,91980,58431.39,38.85,Delayed,2025,2025-01,Friday,Medium-Low,Medium-Low,Medium-High,Medium-High,Medium-High,High
SO00506,2025-07-26,Alpha Industries,North,P005,Control Panel,Electrical,Plant D,Direct,281,1027.28,288665.68,191080,97585.68,33.81,Delivered,2025,2025-07,Saturday,Medium-High,High,High,High,High,Medium-Low
SO00507,2025-01-21,Alpha Industries,North,P004,Gear Assembly,Assemblies,Plant D,Distributor,145,768.83,111480.35,78300,33180.35,29.76,Delivered,2025,2025-01,Tuesday,Medium-Low,Medium-High,Medium-High,Medium-High,Medium-Low,Low
SO00508,2025-10-20,Crown Manufacturing,West,P006,Bearing Unit,Components,Plant D,OEM,96,210.76,20232.96,12000,8232.96,40.69,Delivered,2025,2025-10,Monday,Low,Low,Low,Low,Low,High
SO00509,2025-01-15,Bharat Engineering,East,P005,Control Panel,Electrical,Plant D,Online,69,958.36,66126.84,46920,19206.84,29.05,Delivered,2025,2025-01,Wednesday,Low,Medium-High,Medium-Low,Medium-Low,Medium-Low,Low
SO00510,2025-12-09,Horizon Infra,North,P006,Bearing Unit,Components,Plant A,Online,173,225.42,38997.66,21625,17372.66,44.55,Delivered,2025,2025-12,Tuesday,Medium-Low,Low,Low,Low,Low,High
SO00511,2025-07-25,Delta Auto,East,P004,Gear Assembly,Assemblies,Plant D,Direct,12,866.69,10400.28,6480,3920.28,37.69,Delivered,2025,2025-07,Friday,Low,Medium-High,Low,Low,Low,High
SO00512,2025-07-21,Fusion Tech,East,P005,Control Panel,Electrical,Plant B,Distributor,24,1055.23,25325.52,16320,9005.52,35.56,Delivered,2025,2025-07,Monday,Low,High,Low,Low,Low,Medium-High
SO00513,2025-04-30,Bharat Engineering,South,P005,Control Panel,Electrical,Plant C,Direct,111,1032.22,114576.42,75480,39096.42,34.12,Processing,2025,2025-04,Wednesday,Low,High,Medium-High,Medium-High,Medium-High,Medium-High
SO00514,2025-05-17,Global Machines,East,P006,Bearing Unit,Components,Plant A,Distributor,264,223.0,58872.0,33000,25872.0,43.95,Delivered,2025,2025-05,Saturday,Medium-High,Low,Medium-Low,Low,Medium-Low,High
SO00515,2025-10-27,Global Machines,East,P002,Hydraulic Valve,Valves,Plant A,OEM,234,272.42,63746.28,43290,20456.28,32.09,Delivered,2025,2025-10,Monday,Medium-High,Low,Medium-Low,Medium-Low,Medium-Low,Medium-Low
SO00516,2025-10-22,Horizon Infra,North,P006,Bearing Unit,Components,Plant C,Distributor,219,219.7,48114.3,27375,20739.3,43.1,Delivered,2025,2025-10,Wednesday,Medium-Low,Low,Low,Low,Medium-Low,High
SO00517,2025-01-25,Fusion Tech,East,P006,Bearing Unit,Components,Plant C,Direct,32,214.57,6866.24,4000,2866.24,41.74,Processing,2025,2025-01,Saturday,Low,Low,Low,Low,Low,High
SO00518,2025-11-08,Bharat Engineering,East,P006,Bearing Unit,Components,Plant C,OEM,244,225.24,54958.56,30500,24458.56,44.5,Processing,2025,2025-11,Saturday,Medium-High,Low,Medium-Low,Low,Medium-Low,High
SO00519,2025-08-22,Horizon Infra,South,P004,Gear Assembly,Assemblies,Plant A,Distributor,140,805.34,112747.6,75600,37147.6,32.95,Processing,2025,2025-08,Friday,Medium-Low,Medium-High,Medium-High,Medium-High,Medium-High,Medium-Low
SO00520,2025-05-01,Horizon Infra,South,P003,Electric Motor,Motors,Plant B,OEM,167,1004.68,167781.56,126920,40861.56,24.35,Delivered,2025,2025-05,Thursday,Medium-Low,High,Medium-High,Medium-High,Medium-High,Low
SO00521,2025-03-31,Horizon Infra,North,P006,Bearing Unit,Components,Plant B,Distributor,182,209.89,38199.98,22750,15449.98,40.44,Delivered,2025,2025-03,Monday,Medium-Low,Low,Low,Low,Low,High
SO00522,2025-11-16,Horizon Infra,North,P005,Control Panel,Electrical,Plant C,Direct,26,996.97,25921.22,17680,8241.22,31.79,Processing,2025,2025-11,Sunday,Low,High,Low,Low,Low,Medium-Low
SO00523,2025-07-19,Delta Auto,South,P001,Industrial Pump,Pumps,Plant A,Distributor,379,600.64,227642.56,159180,68462.56,30.07,Delivered,2025,2025-07,Saturday,High,Medium-Low,Medium-High,Medium-High,Medium-High,Medium-Low
SO00524,2025-06-29,Global Machines,South,P002,Hydraulic Valve,Valves,Plant D,Distributor,323,282.85,91360.55,59755,31605.55,34.59,Delivered,2025,2025-06,Sunday,Medium-High,Low,Medium-Low,Medium-Low,Medium-Low,Medium-High
SO00525,2025-12-11,Horizon Infra,West,P006,Bearing Unit,Components,Plant A,Direct,375,209.94,78727.5,46875,31852.5,40.46,Delivered,2025,2025-12,Thursday,High,Low,Medium-Low,Medium-Low,Medium-Low,High
SO00526,2025-03-17,Fusion Tech,East,P006,Bearing Unit,Components,Plant C,Distributor,194,200.51,38898.94,24250,14648.94,37.66,Delivered,2025,2025-03,Monday,Medium-Low,Low,Low,Low,Low,High
SO00527,2025-05-17,Alpha Industries,North,P002,Hydraulic Valve,Valves,Plant A,Distributor,400,281.72,112688.0,74000,38688.0,34.33,Delivered,2025,2025-05,Saturday,High,Low,Medium-High,Medium-Low,Medium-High,Medium-High
SO00528,2025-05-18,Crown Manufacturing,North,P006,Bearing Unit,Components,Plant A,Distributor,432,190.39,82248.48,54000,28248.48,34.35,Delivered,2025,2025-05,Sunday,High,Low,Medium-Low,Medium-Low,Medium-Low,Medium-High
SO00529,2025-01-10,Fusion Tech,East,P005,Control Panel,Electrical,Plant A,Direct,343,1046.79,359048.97,233240,125808.97,35.04,Delivered,2025,2025-01,Friday,High,High,High,High,High,Medium-High
SO00530,2025-07-20,Evergreen Systems,East,P003,Electric Motor,Motors,Plant D,Distributor,193,1153.71,222666.03,146680,75986.03,34.13,Delivered,2025,2025-07,Sunday,Medium-Low,High,Medium-High,Medium-High,High,Medium-High
SO00531,2025-11-14,Global Machines,North,P006,Bearing Unit,Components,Plant C,Direct,152,184.85,28097.2,19000,9097.2,32.38,Delayed,2025,2025-11,Friday,Medium-Low,Low,Low,Low,Low,Medium-Low
SO00532,2025-12-12,Horizon Infra,South,P002,Hydraulic Valve,Valves,Plant C,Distributor,53,304.77,16152.81,9805,6347.81,39.3,Delivered,2025,2025-12,Friday,Low,Medium-Low,Low,Low,Low,High
SO00533,2025-08-07,Global Machines,South,P006,Bearing Unit,Components,Plant C,Direct,21,215.87,4533.27,2625,1908.27,42.09,Delivered,2025,2025-08,Thursday,Low,Low,Low,Low,Low,High
SO00534,2025-03-01,Horizon Infra,East,P004,Gear Assembly,Assemblies,Plant B,Direct,17,714.38,12144.46,9180,2964.46,24.41,Delivered,2025,2025-03,Saturday,Low,Medium-High,Low,Low,Low,Low
SO00535,2025-05-27,Delta Auto,North,P005,Control Panel,Electrical,Plant B,Direct,89,934.84,83200.76,60520,22680.76,27.26,Delivered,2025,2025-05,Tuesday,Low,Medium-High,Medium-Low,Medium-Low,Medium-Low,Low
SO00536,2025-04-17,Delta Auto,East,P005,Control Panel,Electrical,Plant C,Direct,306,981.32,300283.92,208080,92203.92,30.71,Delivered,2025,2025-04,Thursday,Medium-High,High,High,High,High,Medium-Low
SO00537,2025-02-07,Evergreen Systems,South,P003,Electric Motor,Motors,Plant A,Distributor,171,1087.02,185880.42,129960,55920.42,30.08,Delivered,2025,2025-02,Friday,Medium-Low,High,Medium-High,Medium-High,Medium-High,Medium-Low
SO00538,2025-05-14,Global Machines,West,P004,Gear Assembly,Assemblies,Plant A,OEM,311,838.83,260876.13,167940,92936.13,35.62,Delivered,2025,2025-05,Wednesday,Medium-High,Medium-High,High,High,High,Medium-High
SO00539,2025-08-09,Horizon Infra,West,P004,Gear Assembly,Assemblies,Plant C,Distributor,225,781.72,175887.0,121500,54387.0,30.92,Delivered,2025,2025-08,Saturday,Medium-High,Medium-High,Medium-High,Medium-High,Medium-High,Medium-Low
SO00540,2025-10-30,Bharat Engineering,South,P003,Electric Motor,Motors,Plant D,Distributor,257,1020.07,262157.99,195320,66837.99,25.5,Delayed,2025,2025-10,Thursday,Medium-High,High,High,High,Medium-High,Low
SO00541,2025-05-13,Crown Manufacturing,East,P001,Industrial Pump,Pumps,Plant D,OEM,38,698.93,26559.34,15960,10599.34,39.91,Delivered,2025,2025-05,Tuesday,Low,Medium-High,Low,Low,Low,High
SO00542,2025-11-30,Bharat Engineering,West,P006,Bearing Unit,Components,Plant A,OEM,281,194.97,54786.57,35125,19661.57,35.89,Delivered,2025,2025-11,Sunday,Medium-High,Low,Medium-Low,Medium-Low,Medium-Low,Medium-High
SO00543,2025-02-22,Evergreen Systems,South,P004,Gear Assembly,Assemblies,Plant A,OEM,142,829.07,117727.94,76680,41047.94,34.87,Delivered,2025,2025-02,Saturday,Medium-Low,Medium-High,Medium-High,Medium-High,Medium-High,Medium-High
SO00544,2025-03-03,Evergreen Systems,North,P001,Industrial Pump,Pumps,Plant B,Direct,14,590.61,8268.54,5880,2388.54,28.89,Delayed,2025,2025-03,Monday,Low,Medium-Low,Low,Low,Low,Low
SO00545,2025-01-23,Crown Manufacturing,East,P001,Industrial Pump,Pumps,Plant D,Distributor,253,614.77,155536.81,106260,49276.81,31.68,Delivered,2025,2025-01,Thursday,Medium-High,Medium-Low,Medium-High,Medium-High,Medium-High,Medium-Low
SO00546,2025-02-13,Evergreen Systems,East,P005,Control Panel,Electrical,Plant A,OEM,39,949.04,37012.56,26520,10492.56,28.35,Processing,2025,2025-02,Thursday,Low,Medium-High,Low,Low,Low,Low
SO00547,2025-11-04,Evergreen Systems,West,P006,Bearing Unit,Components,Plant A,OEM,126,192.87,24301.62,15750,8551.62,35.19,Delivered,2025,2025-11,Tuesday,Medium-Low,Low,Low,Low,Low,Medium-High
SO00548,2025-02-15,Global Machines,East,P005,Control Panel,Electrical,Plant C,Distributor,187,950.59,177760.33,127160,50600.33,28.47,Delivered,2025,2025-02,Saturday,Medium-Low,Medium-High,Medium-High,Medium-High,Medium-High,Low
SO00549,2025-05-27,Fusion Tech,West,P002,Hydraulic Valve,Valves,Plant B,Direct,270,268.87,72594.9,49950,22644.9,31.19,Delivered,2025,2025-05,Tuesday,Medium-High,Low,Medium-Low,Medium-Low,Medium-Low,Medium-Low
SO00550,2025-08-04,Horizon Infra,West,P005,Control Panel,Electrical,Plant D,OEM,244,971.97,237160.68,165920,71240.68,30.04,Delivered,2025,2025-08,Monday,Medium-High,High,High,High,Medium-High,Medium-Low
SO00551,2025-12-06,Global Machines,South,P004,Gear Assembly,Assemblies,Plant D,Distributor,150,820.32,123048.0,81000,42048.0,34.17,Delivered,2025,2025-12,Saturday,Medium-Low,Medium-High,Medium-High,Medium-High,Medium-High,Medium-High
SO00552,2025-02-16,Crown Manufacturing,West,P004,Gear Assembly,Assemblies,Plant B,Direct,314,722.91,226993.74,169560,57433.74,25.3,Delivered,2025,2025-02,Sunday,Medium-High,Medium-High,Medium-High,High,Medium-High,Low
SO00553,2025-12-13,Delta Auto,North,P006,Bearing Unit,Components,Plant A,Direct,354,221.39,78372.06,44250,34122.06,43.54,Delivered,2025,2025-12,Saturday,High,Low,Medium-Low,Medium-Low,Medium-Low,High
SO00554,2025-11-04,Bharat Engineering,East,P001,Industrial Pump,Pumps,Plant D,Distributor,59,596.07,35168.13,24780,10388.13,29.54,Delivered,2025,2025-11,Tuesday,Low,Medium-Low,Low,Low,Low,Low
SO00555,2025-01-24,Delta Auto,West,P004,Gear Assembly,Assemblies,Plant D,Direct,279,749.31,209057.49,150660,58397.49,27.93,Delivered,2025,2025-01,Friday,Medium-High,Medium-High,Medium-High,Medium-High,Medium-High,Low
SO00556,2025-05-25,Delta Auto,East,P005,Control Panel,Electrical,Plant D,Direct,117,992.02,116066.34,79560,36506.34,31.45,Processing,2025,2025-05,Sunday,Medium-Low,High,Medium-High,Medium-High,Medium-Low,Medium-Low
SO00557,2025-03-30,Fusion Tech,West,P005,Control Panel,Electrical,Plant C,OEM,55,954.28,52485.4,37400,15085.4,28.74,Processing,2025,2025-03,Sunday,Low,Medium-High,Medium-Low,Medium-Low,Low,Low
SO00558,2025-06-23,Bharat Engineering,South,P006,Bearing Unit,Components,Plant B,Direct,91,205.77,18725.07,11375,7350.07,39.25,Delivered,2025,2025-06,Monday,Low,Low,Low,Low,Low,High
SO00559,2025-03-05,Delta Auto,North,P005,Control Panel,Electrical,Plant D,Distributor,135,887.52,119815.2,91800,28015.2,23.38,Cancelled,2025,2025-03,Wednesday,Medium-Low,Medium-High,Medium-High,Medium-High,Medium-Low,Low
SO00560,2025-04-29,Horizon Infra,East,P003,Electric Motor,Motors,Plant B,OEM,93,1166.08,108445.44,70680,37765.44,34.82,Delivered,2025,2025-04,Tuesday,Low,High,Medium-Low,Medium-Low,Medium-High,Medium-High
SO00561,2025-08-11,Crown Manufacturing,South,P006,Bearing Unit,Components,Plant A,Distributor,299,210.72,63005.28,37375,25630.28,40.68,Delivered,2025,2025-08,Monday,Medium-High,Low,Medium-Low,Medium-Low,Medium-Low,High
SO00562,2025-06-05,Bharat Engineering,East,P006,Bearing Unit,Components,Plant B,Direct,80,190.49,15239.2,10000,5239.2,34.38,Delivered,2025,2025-06,Thursday,Low,Low,Low,Low,Low,Medium-High
SO00563,2025-06-27,Alpha Industries,South,P004,Gear Assembly,Assemblies,Plant C,Distributor,184,773.39,142303.76,99360,42943.76,30.18,Delivered,2025,2025-06,Friday,Medium-Low,Medium-High,Medium-High,Medium-High,Medium-High,Medium-Low
SO00564,2025-11-16,Fusion Tech,North,P006,Bearing Unit,Components,Plant C,Direct,325,218.84,71123.0,40625,30498.0,42.88,Delivered,2025,2025-11,Sunday,Medium-High,Low,Medium-Low,Medium-Low,Medium-Low,High
SO00565,2025-12-08,Horizon Infra,West,P002,Hydraulic Valve,Valves,Plant B,Direct,339,293.13,99371.07,62715,36656.07,36.89,Delivered,2025,2025-12,Monday,High,Medium-Low,Medium-Low,Medium-Low,Medium-Low,Medium-High
SO00566,2025-02-25,Delta Auto,South,P004,Gear Assembly,Assemblies,Plant C,Online,346,730.4,252718.4,186840,65878.4,26.07,Delivered,2025,2025-02,Tuesday,High,Medium-High,High,High,Medium-High,Low
SO00567,2025-02-28,Horizon Infra,East,P004,Gear Assembly,Assemblies,Plant D,OEM,404,773.19,312368.76,218160,94208.76,30.16,Delivered,2025,2025-02,Friday,High,Medium-High,High,High,High,Medium-Low
SO00568,2025-08-08,Horizon Infra,East,P003,Electric Motor,Motors,Plant C,Online,363,1039.96,377505.48,275880,101625.48,26.92,Processing,2025,2025-08,Friday,High,High,High,High,High,Low
SO00569,2025-07-04,Evergreen Systems,South,P004,Gear Assembly,Assemblies,Plant A,Direct,100,796.63,79663.0,54000,25663.0,32.21,Processing,2025,2025-07,Friday,Low,Medium-High,Medium-Low,Medium-Low,Medium-Low,Medium-Low
SO00570,2025-02-16,Bharat Engineering,North,P001,Industrial Pump,Pumps,Plant B,Distributor,360,681.64,245390.4,151200,94190.4,38.38,Delivered,2025,2025-02,Sunday,High,Medium-Low,High,Medium-High,High,High
SO00571,2025-04-12,Alpha Industries,North,P005,Control Panel,Electrical,Plant B,Direct,443,947.91,419924.13,301240,118684.13,28.26,Delivered,2025,2025-04,Saturday,High,Medium-High,High,High,High,Low
SO00572,2025-02-13,Evergreen Systems,West,P005,Control Panel,Electrical,Plant A,Distributor,258,947.34,244413.72,175440,68973.72,28.22,Delivered,2025,2025-02,Thursday,Medium-High,Medium-High,High,High,Medium-High,Low
SO00573,2025-01-15,Horizon Infra,West,P006,Bearing Unit,Components,Plant A,Direct,141,222.82,31417.62,17625,13792.62,43.9,Delivered,2025,2025-01,Wednesday,Medium-Low,Low,Low,Low,Low,High
SO00574,2025-08-24,Alpha Industries,East,P003,Electric Motor,Motors,Plant A,OEM,178,1114.67,198411.26,135280,63131.26,31.82,Delivered,2025,2025-08,Sunday,Medium-Low,High,Medium-High,Medium-High,Medium-High,Medium-Low
SO00575,2025-12-27,Horizon Infra,East,P005,Control Panel,Electrical,Plant A,Direct,69,973.37,67162.53,46920,20242.53,30.14,Delivered,2025,2025-12,Saturday,Low,High,Medium-Low,Medium-Low,Medium-Low,Medium-Low
SO00576,2025-02-20,Delta Auto,West,P001,Industrial Pump,Pumps,Plant D,Direct,378,606.05,229086.9,158760,70326.9,30.7,Delivered,2025,2025-02,Thursday,High,Medium-Low,Medium-High,Medium-High,Medium-High,Medium-Low
SO00577,2025-11-05,Horizon Infra,West,P003,Electric Motor,Motors,Plant C,Distributor,346,1121.73,388118.58,262960,125158.58,32.25,Delivered,2025,2025-11,Wednesday,High,High,High,High,High,Medium-Low
SO00578,2025-02-03,Evergreen Systems,West,P002,Hydraulic Valve,Valves,Plant C,Direct,250,293.58,73395.0,46250,27145.0,36.98,Delayed,2025,2025-02,Monday,Medium-High,Medium-Low,Medium-Low,Medium-Low,Medium-Low,Medium-High
SO00579,2025-05-04,Delta Auto,South,P005,Control Panel,Electrical,Plant D,Online,199,940.18,187095.82,135320,51775.82,27.67,Processing,2025,2025-05,Sunday,Medium-Low,Medium-High,Medium-High,Medium-High,Medium-High,Low
SO00580,2025-03-18,Evergreen Systems,West,P004,Gear Assembly,Assemblies,Plant A,OEM,349,873.29,304778.21,188460,116318.21,38.16,Delivered,2025,2025-03,Tuesday,High,Medium-High,High,High,High,High
SO00581,2025-05-03,Bharat Engineering,South,P001,Industrial Pump,Pumps,Plant B,Direct,290,686.65,199128.5,121800,77328.5,38.83,Delivered,2025,2025-05,Saturday,Medium-High,Medium-Low,Medium-High,Medium-High,High,High
SO00582,2025-07-24,Horizon Infra,South,P001,Industrial Pump,Pumps,Plant B,Direct,241,669.45,161337.45,101220,60117.45,37.26,Delayed,2025,2025-07,Thursday,Medium-High,Medium-Low,Medium-High,Medium-High,Medium-High,High
SO00583,2025-08-16,Global Machines,West,P005,Control Panel,Electrical,Plant B,OEM,298,967.72,288380.56,202640,85740.56,29.73,Delivered,2025,2025-08,Saturday,Medium-High,High,High,High,High,Low
SO00584,2025-03-11,Crown Manufacturing,North,P006,Bearing Unit,Components,Plant A,Online,284,204.21,57995.64,35500,22495.64,38.79,Delivered,2025,2025-03,Tuesday,Medium-High,Low,Medium-Low,Medium-Low,Medium-Low,High
SO00585,2025-08-18,Global Machines,North,P002,Hydraulic Valve,Valves,Plant D,OEM,322,270.51,87104.22,59570,27534.22,31.61,Delivered,2025,2025-08,Monday,Medium-High,Low,Medium-Low,Medium-Low,Medium-Low,Medium-Low
SO00586,2025-01-21,Crown Manufacturing,East,P004,Gear Assembly,Assemblies,Plant D,Direct,24,762.33,18295.92,12960,5335.92,29.16,Delivered,2025,2025-01,Tuesday,Low,Medium-High,Low,Low,Low,Low
SO00587,2025-04-18,Global Machines,West,P002,Hydraulic Valve,Valves,Plant D,Direct,50,305.26,15263.0,9250,6013.0,39.4,Processing,2025,2025-04,Friday,Low,Medium-Low,Low,Low,Low,High
SO00588,2025-12-30,Alpha Industries,East,P002,Hydraulic Valve,Valves,Plant C,Direct,217,286.37,62142.29,40145,21997.29,35.4,Delivered,2025,2025-12,Tuesday,Medium-Low,Medium-Low,Medium-Low,Medium-Low,Medium-Low,Medium-High
SO00589,2025-08-29,Fusion Tech,West,P005,Control Panel,Electrical,Plant C,Direct,69,1035.32,71437.08,46920,24517.08,34.32,Delivered,2025,2025-08,Friday,Low,High,Medium-Low,Medium-Low,Medium-Low,Medium-High
SO00590,2025-09-08,Evergreen Systems,East,P004,Gear Assembly,Assemblies,Plant C,Online,374,736.76,275548.24,201960,73588.24,26.71,Delivered,2025,2025-09,Monday,High,Medium-High,High,High,High,Low
SO00591,2025-05-15,Delta Auto,South,P005,Control Panel,Electrical,Plant C,Direct,249,962.04,239547.96,169320,70227.96,29.32,Delivered,2025,2025-05,Thursday,Medium-High,High,High,High,Medium-High,Low
SO00592,2025-03-31,Fusion Tech,West,P005,Control Panel,Electrical,Plant B,Distributor,105,989.21,103867.05,71400,32467.05,31.26,Delivered,2025,2025-03,Monday,Low,High,Medium-Low,Medium-Low,Medium-Low,Medium-Low
SO00593,2025-03-20,Bharat Engineering,North,P006,Bearing Unit,Components,Plant B,Direct,287,206.51,59268.37,35875,23393.37,39.47,Delivered,2025,2025-03,Thursday,Medium-High,Low,Medium-Low,Medium-Low,Medium-Low,High
SO00594,2025-06-26,Bharat Engineering,West,P001,Industrial Pump,Pumps,Plant D,OEM,436,687.6,299793.6,183120,116673.6,38.92,Delivered,2025,2025-06,Thursday,High,Medium-Low,High,High,High,High
SO00595,2025-10-25,Bharat Engineering,East,P006,Bearing Unit,Components,Plant C,Direct,169,226.36,38254.84,21125,17129.84,44.78,Delivered,2025,2025-10,Saturday,Medium-Low,Low,Low,Low,Low,High
SO00596,2025-11-04,Crown Manufacturing,East,P006,Bearing Unit,Components,Plant D,Direct,406,189.67,77006.02,50750,26256.02,34.1,Delivered,2025,2025-11,Tuesday,High,Low,Medium-Low,Medium-Low,Medium-Low,Medium-High
SO00597,2025-04-12,Delta Auto,East,P005,Control Panel,Electrical,Plant A,Distributor,431,887.87,382671.97,293080,89591.97,23.41,Delivered,2025,2025-04,Saturday,High,Medium-High,High,High,High,Low
SO00598,2025-12-27,Bharat Engineering,East,P006,Bearing Unit,Components,Plant C,Direct,291,190.27,55368.57,36375,18993.57,34.3,Delivered,2025,2025-12,Saturday,Medium-High,Low,Medium-Low,Medium-Low,Medium-Low,Medium-High
SO00599,2025-12-01,Bharat Engineering,East,P006,Bearing Unit,Components,Plant C,Distributor,218,213.41,46523.38,27250,19273.38,41.43,Delivered,2025,2025-12,Monday,Medium-Low,Low,Low,Low,Medium-Low,High
SO00600,2025-04-22,Global Machines,East,P003,Electric Motor,Motors,Plant D,Distributor,142,1069.08,151809.36,107920,43889.36,28.91,Delivered,2025,2025-04,Tuesday,Medium-Low,High,Medium-High,Medium-High,Medium-High,Low
SO00601,2025-06-30,Alpha Industries,North,P004,Gear Assembly,Assemblies,Plant D,OEM,390,831.6,324324.0,210600,113724.0,35.06,Delivered,2025,2025-06,Monday,High,Medium-High,High,High,High,Medium-High
SO00602,2025-04-14,Evergreen Systems,East,P001,Industrial Pump,Pumps,Plant A,Distributor,442,624.71,276121.82,185640,90481.82,32.77,Delivered,2025,2025-04,Monday,High,Medium-Low,High,High,High,Medium-Low
SO00603,2025-01-16,Evergreen Systems,North,P004,Gear Assembly,Assemblies,Plant D,Distributor,106,814.47,86333.82,57240,29093.82,33.7,Cancelled,2025,2025-01,Thursday,Low,Medium-High,Medium-Low,Medium-Low,Medium-Low,Medium-Low
SO00604,2025-04-06,Horizon Infra,West,P001,Industrial Pump,Pumps,Plant C,OEM,228,672.08,153234.24,95760,57474.24,37.51,Delivered,2025,2025-04,Sunday,Medium-High,Medium-Low,Medium-High,Medium-High,Medium-High,High
SO00605,2025-10-20,Evergreen Systems,South,P003,Electric Motor,Motors,Plant B,OEM,398,1108.4,441143.2,302480,138663.2,31.43,Delivered,2025,2025-10,Monday,High,High,High,High,High,Medium-Low
SO00606,2025-05-26,Fusion Tech,North,P005,Control Panel,Electrical,Plant A,Online,80,968.14,77451.2,54400,23051.2,29.76,Delivered,2025,2025-05,Monday,Low,High,Medium-Low,Medium-Low,Medium-Low,Low
SO00607,2025-10-29,Global Machines,West,P001,Industrial Pump,Pumps,Plant A,Distributor,441,583.47,257310.27,185220,72090.27,28.02,Delivered,2025,2025-10,Wednesday,High,Medium-Low,High,High,Medium-High,Low
SO00608,2025-01-02,Global Machines,South,P001,Industrial Pump,Pumps,Plant C,Distributor,283,625.4,176988.2,118860,58128.2,32.84,Delivered,2025,2025-01,Thursday,Medium-High,Medium-Low,Medium-High,Medium-High,Medium-High,Medium-Low
SO00609,2025-04-29,Alpha Industries,North,P001,Industrial Pump,Pumps,Plant B,Direct,360,642.95,231462.0,151200,80262.0,34.68,Delivered,2025,2025-04,Tuesday,High,Medium-Low,Medium-High,Medium-High,High,Medium-High
SO00610,2025-12-09,Crown Manufacturing,North,P003,Electric Motor,Motors,Plant D,OEM,143,1089.08,155738.44,108680,47058.44,30.22,Delivered,2025,2025-12,Tuesday,Medium-Low,High,Medium-High,Medium-High,Medium-High,Medium-Low
SO00611,2025-04-04,Fusion Tech,West,P004,Gear Assembly,Assemblies,Plant D,Online,75,858.73,64404.75,40500,23904.75,37.12,Delivered,2025,2025-04,Friday,Low,Medium-High,Medium-Low,Medium-Low,Medium-Low,Medium-High
SO00612,2025-07-10,Alpha Industries,East,P003,Electric Motor,Motors,Plant B,Direct,136,1188.66,161657.76,103360,58297.76,36.06,Delivered,2025,2025-07,Thursday,Medium-Low,High,Medium-High,Medium-High,Medium-High,Medium-High
SO00613,2025-01-03,Bharat Engineering,North,P001,Industrial Pump,Pumps,Plant B,Direct,214,678.85,145273.9,89880,55393.9,38.13,Delivered,2025,2025-01,Friday,Medium-Low,Medium-Low,Medium-High,Medium-High,Medium-High,High
SO00614,2025-04-21,Delta Auto,North,P006,Bearing Unit,Components,Plant C,Direct,307,200.56,61571.92,38375,23196.92,37.67,Delivered,2025,2025-04,Monday,Medium-High,Low,Medium-Low,Medium-Low,Medium-Low,High
SO00615,2025-06-26,Fusion Tech,West,P001,Industrial Pump,Pumps,Plant D,Direct,126,665.25,83821.5,52920,30901.5,36.87,Delivered,2025,2025-06,Thursday,Medium-Low,Medium-Low,Medium-Low,Medium-Low,Medium-Low,Medium-High
SO00616,2025-09-14,Fusion Tech,East,P006,Bearing Unit,Components,Plant C,Direct,445,201.4,89623.0,55625,33998.0,37.93,Processing,2025,2025-09,Sunday,High,Low,Medium-Low,Medium-Low,Medium-Low,High
SO00617,2025-12-27,Bharat Engineering,South,P005,Control Panel,Electrical,Plant D,Distributor,276,907.99,250605.24,187680,62925.24,25.11,Delayed,2025,2025-12,Saturday,Medium-High,Medium-High,High,High,Medium-High,Low
SO00618,2025-01-22,Bharat Engineering,East,P003,Electric Motor,Motors,Plant D,Direct,291,1062.41,309161.31,221160,88001.31,28.46,Delivered,2025,2025-01,Wednesday,Medium-High,High,High,High,High,Low
SO00619,2025-08-08,Delta Auto,East,P006,Bearing Unit,Components,Plant B,Distributor,158,187.78,29669.24,19750,9919.24,33.43,Delivered,2025,2025-08,Friday,Medium-Low,Low,Low,Low,Low,Medium-Low
SO00620,2025-06-22,Evergreen Systems,West,P003,Electric Motor,Motors,Plant C,Direct,203,1059.92,215163.76,154280,60883.76,28.3,Delivered,2025,2025-06,Sunday,Medium-Low,High,Medium-High,Medium-High,Medium-High,Low
SO00621,2025-08-12,Fusion Tech,East,P002,Hydraulic Valve,Valves,Plant B,Direct,177,286.78,50760.06,32745,18015.06,35.49,Delivered,2025,2025-08,Tuesday,Medium-Low,Medium-Low,Low,Low,Low,Medium-High
SO00622,2025-03-06,Alpha Industries,West,P004,Gear Assembly,Assemblies,Plant C,Distributor,321,867.59,278496.39,173340,105156.39,37.76,Delivered,2025,2025-03,Thursday,Medium-High,Medium-High,High,High,High,High
SO00623,2025-10-04,Crown Manufacturing,South,P002,Hydraulic Valve,Valves,Plant D,OEM,383,278.09,106508.47,70855,35653.47,33.47,Delivered,2025,2025-10,Saturday,High,Low,Medium-Low,Medium-Low,Medium-Low,Medium-Low
SO00624,2025-09-06,Bharat Engineering,North,P006,Bearing Unit,Components,Plant A,Distributor,188,222.7,41867.6,23500,18367.6,43.87,Delivered,2025,2025-09,Saturday,Medium-Low,Low,Low,Low,Low,High
SO00625,2025-09-17,Bharat Engineering,North,P002,Hydraulic Valve,Valves,Plant A,Distributor,157,273.1,42876.7,29045,13831.7,32.26,Delivered,2025,2025-09,Wednesday,Medium-Low,Low,Low,Low,Low,Medium-Low
SO00626,2025-05-11,Crown Manufacturing,West,P004,Gear Assembly,Assemblies,Plant C,Distributor,66,743.74,49086.84,35640,13446.84,27.39,Delivered,2025,2025-05,Sunday,Low,Medium-High,Low,Medium-Low,Low,Low
SO00627,2025-04-23,Alpha Industries,West,P006,Bearing Unit,Components,Plant C,Direct,14,206.6,2892.4,1750,1142.4,39.5,Processing,2025,2025-04,Wednesday,Low,Low,Low,Low,Low,High
SO00628,2025-10-13,Horizon Infra,East,P005,Control Panel,Electrical,Plant B,Direct,23,994.21,22866.83,15640,7226.83,31.6,Delivered,2025,2025-10,Monday,Low,High,Low,Low,Low,Medium-Low
SO00629,2025-10-14,Bharat Engineering,East,P005,Control Panel,Electrical,Plant D,Direct,289,871.09,251745.01,196520,55225.01,21.94,Delivered,2025,2025-10,Tuesday,Medium-High,Medium-High,High,High,Medium-High,Low
SO00630,2025-07-30,Crown Manufacturing,North,P004,Gear Assembly,Assemblies,Plant A,Distributor,333,748.61,249287.13,179820,69467.13,27.87,Delivered,2025,2025-07,Wednesday,Medium-High,Medium-High,High,High,Medium-High,Low
SO00631,2025-01-20,Global Machines,North,P004,Gear Assembly,Assemblies,Plant B,Online,445,786.62,350045.9,240300,109745.9,31.35,Delivered,2025,2025-01,Monday,High,Medium-High,High,High,High,Medium-Low
SO00632,2025-08-03,Bharat Engineering,North,P006,Bearing Unit,Components,Plant C,Online,313,198.7,62193.1,39125,23068.1,37.09,Delivered,2025,2025-08,Sunday,Medium-High,Low,Medium-Low,Medium-Low,Medium-Low,Medium-High
SO00633,2025-11-06,Evergreen Systems,West,P003,Electric Motor,Motors,Plant D,Direct,225,1145.23,257676.75,171000,86676.75,33.64,Delivered,2025,2025-11,Thursday,Medium-High,High,High,High,High,Medium-Low
SO00634,2025-09-08,Evergreen Systems,South,P006,Bearing Unit,Components,Plant B,OEM,184,206.27,37953.68,23000,14953.68,39.4,Delivered,2025,2025-09,Monday,Medium-Low,Low,Low,Low,Low,High
SO00635,2025-09-28,Bharat Engineering,South,P003,Electric Motor,Motors,Plant B,Direct,325,1021.52,331994.0,247000,84994.0,25.6,Delivered,2025,2025-09,Sunday,Medium-High,High,High,High,High,Low
SO00636,2025-06-29,Global Machines,West,P003,Electric Motor,Motors,Plant C,Direct,12,1185.96,14231.52,9120,5111.52,35.92,Delivered,2025,2025-06,Sunday,Low,High,Low,Low,Low,Medium-High
SO00637,2025-07-13,Bharat Engineering,East,P003,Electric Motor,Motors,Plant D,Direct,384,1051.21,403664.64,291840,111824.64,27.7,Delivered,2025,2025-07,Sunday,High,High,High,High,High,Low
SO00638,2025-11-09,Horizon Infra,South,P006,Bearing Unit,Components,Plant A,Distributor,146,215.51,31464.46,18250,13214.46,42.0,Delivered,2025,2025-11,Sunday,Medium-Low,Low,Low,Low,Low,High
SO00639,2025-03-20,Horizon Infra,East,P001,Industrial Pump,Pumps,Plant B,Direct,109,673.39,73399.51,45780,27619.51,37.63,Delivered,2025,2025-03,Thursday,Low,Medium-Low,Medium-Low,Medium-Low,Medium-Low,High
SO00640,2025-06-29,Evergreen Systems,North,P001,Industrial Pump,Pumps,Plant C,Distributor,92,697.21,64143.32,38640,25503.32,39.76,Delivered,2025,2025-06,Sunday,Low,Medium-High,Medium-Low,Medium-Low,Medium-Low,High
SO00641,2025-06-12,Horizon Infra,North,P005,Control Panel,Electrical,Plant B,OEM,289,960.11,277471.79,196520,80951.79,29.17,Delivered,2025,2025-06,Thursday,Medium-High,Medium-High,High,High,High,Low
SO00642,2025-07-21,Global Machines,East,P001,Industrial Pump,Pumps,Plant C,Direct,141,652.06,91940.46,59220,32720.46,35.59,Delivered,2025,2025-07,Monday,Medium-Low,Medium-Low,Medium-Low,Medium-Low,Medium-Low,Medium-High
SO00643,2025-01-14,Horizon Infra,North,P001,Industrial Pump,Pumps,Plant C,Distributor,402,615.53,247443.06,168840,78603.06,31.77,Processing,2025,2025-01,Tuesday,High,Medium-Low,High,High,High,Medium-Low
SO00644,2025-12-13,Bharat Engineering,West,P003,Electric Motor,Motors,Plant C,Direct,10,1137.51,11375.1,7600,3775.1,33.19,Delivered,2025,2025-12,Saturday,Low,High,Low,Low,Low,Medium-Low
SO00645,2025-09-03,Global Machines,East,P003,Electric Motor,Motors,Plant D,Direct,125,1089.4,136175.0,95000,41175.0,30.24,Delayed,2025,2025-09,Wednesday,Medium-Low,High,Medium-High,Medium-High,Medium-High,Medium-Low
SO00646,2025-01-14,Alpha Industries,East,P004,Gear Assembly,Assemblies,Plant A,Direct,428,783.7,335423.6,231120,104303.6,31.1,Delivered,2025,2025-01,Tuesday,High,Medium-High,High,High,High,Medium-Low
SO00647,2025-04-09,Alpha Industries,East,P003,Electric Motor,Motors,Plant D,OEM,211,1177.22,248393.42,160360,88033.42,35.44,Cancelled,2025,2025-04,Wednesday,Medium-Low,High,High,Medium-High,High,Medium-High
SO00648,2025-02-02,Delta Auto,South,P006,Bearing Unit,Components,Plant A,Distributor,149,186.91,27849.59,18625,9224.59,33.12,Delivered,2025,2025-02,Sunday,Medium-Low,Low,Low,Low,Low,Medium-Low
SO00649,2025-09-14,Alpha Industries,East,P004,Gear Assembly,Assemblies,Plant C,OEM,155,855.68,132630.4,83700,48930.4,36.89,Cancelled,2025,2025-09,Sunday,Medium-Low,Medium-High,Medium-High,Medium-High,Medium-High,Medium-High
SO00650,2025-02-03,Fusion Tech,East,P004,Gear Assembly,Assemblies,Plant A,Direct,275,850.84,233981.0,148500,85481.0,36.53,Delivered,2025,2025-02,Monday,Medium-High,Medium-High,Medium-High,Medium-High,High,Medium-High
SO00651,2025-01-19,Global Machines,East,P001,Industrial Pump,Pumps,Plant D,OEM,211,637.83,134582.13,88620,45962.13,34.15,Delivered,2025,2025-01,Sunday,Medium-Low,Medium-Low,Medium-High,Medium-High,Medium-High,Medium-High
SO00652,2025-06-01,Fusion Tech,South,P003,Electric Motor,Motors,Plant B,OEM,411,1095.41,450213.51,312360,137853.51,30.62,Delivered,2025,2025-06,Sunday,High,High,High,High,High,Medium-Low
SO00653,2025-09-17,Fusion Tech,North,P001,Industrial Pump,Pumps,Plant D,Online,161,619.03,99663.83,67620,32043.83,32.15,Cancelled,2025,2025-09,Wednesday,Medium-Low,Medium-Low,Medium-Low,Medium-Low,Medium-Low,Medium-Low
SO00654,2025-06-13,Bharat Engineering,South,P003,Electric Motor,Motors,Plant D,OEM,394,1208.29,476066.26,299440,176626.26,37.1,Delivered,2025,2025-06,Friday,High,High,High,High,High,Medium-High
SO00655,2025-03-18,Bharat Engineering,West,P001,Industrial Pump,Pumps,Plant D,Direct,231,586.45,135469.95,97020,38449.95,28.38,Delivered,2025,2025-03,Tuesday,Medium-High,Medium-Low,Medium-High,Medium-High,Medium-High,Low
SO00656,2025-11-10,Crown Manufacturing,East,P001,Industrial Pump,Pumps,Plant D,Distributor,88,648.73,57088.24,36960,20128.24,35.26,Delivered,2025,2025-11,Monday,Low,Medium-Low,Medium-Low,Medium-Low,Medium-Low,Medium-High
SO00657,2025-05-17,Global Machines,West,P001,Industrial Pump,Pumps,Plant D,Distributor,209,660.62,138069.58,87780,50289.58,36.42,Delivered,2025,2025-05,Saturday,Medium-Low,Medium-Low,Medium-High,Medium-High,Medium-High,Medium-High
SO00658,2025-12-25,Fusion Tech,South,P006,Bearing Unit,Components,Plant A,Distributor,259,224.04,58026.36,32375,25651.36,44.21,Delivered,2025,2025-12,Thursday,Medium-High,Low,Medium-Low,Low,Medium-Low,High
SO00659,2025-07-27,Fusion Tech,North,P005,Control Panel,Electrical,Plant A,OEM,108,1015.32,109654.56,73440,36214.56,33.03,Delivered,2025,2025-07,Sunday,Low,High,Medium-Low,Medium-Low,Medium-Low,Medium-Low
SO00660,2025-08-30,Alpha Industries,North,P001,Industrial Pump,Pumps,Plant B,Direct,409,655.7,268181.3,171780,96401.3,35.95,Cancelled,2025,2025-08,Saturday,High,Medium-Low,High,High,High,Medium-High
SO00661,2025-03-08,Evergreen Systems,East,P002,Hydraulic Valve,Valves,Plant D,Direct,222,266.49,59160.78,41070,18090.78,30.58,Delayed,2025,2025-03,Saturday,Medium-Low,Low,Medium-Low,Medium-Low,Low,Medium-Low
SO00662,2025-04-26,Global Machines,North,P002,Hydraulic Valve,Valves,Plant D,Direct,152,281.65,42810.8,28120,14690.8,34.32,Delivered,2025,2025-04,Saturday,Medium-Low,Low,Low,Low,Low,Medium-High
SO00663,2025-07-21,Evergreen Systems,South,P002,Hydraulic Valve,Valves,Plant B,OEM,199,267.79,53290.21,36815,16475.21,30.92,Delivered,2025,2025-07,Monday,Medium-Low,Low,Medium-Low,Medium-Low,Low,Medium-Low
SO00664,2025-09-07,Global Machines,South,P006,Bearing Unit,Components,Plant B,OEM,398,221.81,88280.38,49750,38530.38,43.65,Delivered,2025,2025-09,Sunday,High,Low,Medium-Low,Medium-Low,Medium-High,High
SO00665,2025-10-05,Global Machines,North,P004,Gear Assembly,Assemblies,Plant C,Distributor,310,834.24,258614.4,167400,91214.4,35.27,Delivered,2025,2025-10,Sunday,Medium-High,Medium-High,High,High,High,Medium-High
SO00666,2025-04-22,Delta Auto,East,P001,Industrial Pump,Pumps,Plant B,Distributor,383,670.48,256793.84,160860,95933.84,37.36,Delivered,2025,2025-04,Tuesday,High,Medium-Low,High,Medium-High,High,High
SO00667,2025-11-27,Crown Manufacturing,East,P002,Hydraulic Valve,Valves,Plant B,Distributor,61,298.08,18182.88,11285,6897.88,37.94,Processing,2025,2025-11,Thursday,Low,Medium-Low,Low,Low,Low,High
SO00668,2025-08-22,Evergreen Systems,South,P006,Bearing Unit,Components,Plant B,Distributor,121,206.1,24938.1,15125,9813.1,39.35,Delivered,2025,2025-08,Friday,Medium-Low,Low,Low,Low,Low,High
SO00669,2025-06-25,Delta Auto,North,P004,Gear Assembly,Assemblies,Plant C,Direct,144,737.1,106142.4,77760,28382.4,26.74,Processing,2025,2025-06,Wednesday,Medium-Low,Medium-High,Medium-Low,Medium-High,Medium-Low,Low
SO00670,2025-05-23,Alpha Industries,South,P002,Hydraulic Valve,Valves,Plant A,Online,420,279.05,117201.0,77700,39501.0,33.7,Delayed,2025,2025-05,Friday,High,Low,Medium-High,Medium-High,Medium-High,Medium-Low
SO00671,2025-02-01,Crown Manufacturing,South,P003,Electric Motor,Motors,Plant C,Distributor,121,1016.27,122968.67,91960,31008.67,25.22,Delivered,2025,2025-02,Saturday,Medium-Low,High,Medium-High,Medium-High,Medium-Low,Low
SO00672,2025-06-30,Crown Manufacturing,West,P005,Control Panel,Electrical,Plant A,Distributor,22,1004.48,22098.56,14960,7138.56,32.3,Cancelled,2025,2025-06,Monday,Low,High,Low,Low,Low,Medium-Low
SO00673,2025-03-08,Fusion Tech,South,P001,Industrial Pump,Pumps,Plant B,Direct,282,592.83,167178.06,118440,48738.06,29.15,Delivered,2025,2025-03,Saturday,Medium-High,Medium-Low,Medium-High,Medium-High,Medium-High,Low
SO00674,2025-01-04,Global Machines,East,P005,Control Panel,Electrical,Plant C,OEM,242,1000.01,242002.42,164560,77442.42,32.0,Delivered,2025,2025-01,Saturday,Medium-High,High,High,High,High,Medium-Low
SO00675,2025-10-13,Horizon Infra,North,P005,Control Panel,Electrical,Plant C,OEM,53,998.08,52898.24,36040,16858.24,31.87,Delivered,2025,2025-10,Monday,Low,High,Medium-Low,Medium-Low,Low,Medium-Low
SO00676,2025-09-26,Global Machines,North,P003,Electric Motor,Motors,Plant A,Distributor,406,1088.48,441922.88,308560,133362.88,30.18,Delivered,2025,2025-09,Friday,High,High,High,High,High,Medium-Low
SO00677,2025-08-24,Bharat Engineering,West,P003,Electric Motor,Motors,Plant C,Online,82,1015.89,83302.98,62320,20982.98,25.19,Delivered,2025,2025-08,Sunday,Low,High,Medium-Low,Medium-Low,Medium-Low,Low
SO00678,2025-10-04,Global Machines,West,P003,Electric Motor,Motors,Plant C,Distributor,270,1056.12,285152.4,205200,79952.4,28.04,Delivered,2025,2025-10,Saturday,Medium-High,High,High,High,High,Low
SO00679,2025-02-10,Global Machines,East,P004,Gear Assembly,Assemblies,Plant D,Distributor,240,764.66,183518.4,129600,53918.4,29.38,Delivered,2025,2025-02,Monday,Medium-High,Medium-High,Medium-High,Medium-High,Medium-High,Low
SO00680,2025-05-01,Global Machines,West,P002,Hydraulic Valve,Valves,Plant A,Direct,42,300.92,12638.64,7770,4868.64,38.52,Delivered,2025,2025-05,Thursday,Low,Medium-Low,Low,Low,Low,High
SO00681,2025-10-02,Fusion Tech,South,P001,Industrial Pump,Pumps,Plant C,OEM,397,586.79,232955.63,166740,66215.63,28.42,Delivered,2025,2025-10,Thursday,High,Medium-Low,Medium-High,High,Medium-High,Low
SO00682,2025-08-19,Alpha Industries,South,P003,Electric Motor,Motors,Plant C,Distributor,419,1171.31,490778.89,318440,172338.89,35.12,Delivered,2025,2025-08,Tuesday,High,High,High,High,High,Medium-High
SO00683,2025-10-31,Global Machines,East,P006,Bearing Unit,Components,Plant B,Online,77,216.76,16690.52,9625,7065.52,42.33,Delivered,2025,2025-10,Friday,Low,Low,Low,Low,Low,High
SO00684,2025-03-27,Horizon Infra,North,P001,Industrial Pump,Pumps,Plant D,Distributor,25,596.22,14905.5,10500,4405.5,29.56,Delivered,2025,2025-03,Thursday,Low,Medium-Low,Low,Low,Low,Low
SO00685,2025-03-04,Fusion Tech,East,P001,Industrial Pump,Pumps,Plant D,Online,159,665.49,105812.91,66780,39032.91,36.89,Delivered,2025,2025-03,Tuesday,Medium-Low,Medium-Low,Medium-Low,Medium-Low,Medium-High,Medium-High
SO00686,2025-07-11,Horizon Infra,West,P001,Industrial Pump,Pumps,Plant B,OEM,301,658.91,198331.91,126420,71911.91,36.26,Delivered,2025,2025-07,Friday,Medium-High,Medium-Low,Medium-High,Medium-High,Medium-High,Medium-High
SO00687,2025-10-20,Crown Manufacturing,North,P003,Electric Motor,Motors,Plant B,Distributor,111,1153.18,128002.98,84360,43642.98,34.1,Delayed,2025,2025-10,Monday,Low,High,Medium-High,Medium-High,Medium-High,Medium-High
SO00688,2025-01-31,Fusion Tech,North,P003,Electric Motor,Motors,Plant B,OEM,195,1027.92,200444.4,148200,52244.4,26.06,Delivered,2025,2025-01,Friday,Medium-Low,High,Medium-High,Medium-High,Medium-High,Low
SO00689,2025-11-26,Global Machines,North,P002,Hydraulic Valve,Valves,Plant B,Distributor,448,268.9,120467.2,82880,37587.2,31.2,Delivered,2025,2025-11,Wednesday,High,Low,Medium-High,Medium-High,Medium-High,Medium-Low
SO00690,2025-05-26,Delta Auto,West,P003,Electric Motor,Motors,Plant D,OEM,428,1038.57,444507.96,325280,119227.96,26.82,Delivered,2025,2025-05,Monday,High,High,High,High,High,Low
SO00691,2025-04-17,Fusion Tech,South,P003,Electric Motor,Motors,Plant C,OEM,34,1067.56,36297.04,25840,10457.04,28.81,Delivered,2025,2025-04,Thursday,Low,High,Low,Low,Low,Low
SO00692,2025-12-25,Evergreen Systems,South,P001,Industrial Pump,Pumps,Plant C,Direct,81,675.18,54689.58,34020,20669.58,37.79,Delivered,2025,2025-12,Thursday,Low,Medium-Low,Medium-Low,Medium-Low,Medium-Low,High
SO00693,2025-04-20,Alpha Industries,West,P002,Hydraulic Valve,Valves,Plant B,OEM,90,303.14,27282.6,16650,10632.6,38.97,Delivered,2025,2025-04,Sunday,Low,Medium-Low,Low,Low,Low,High
SO00694,2025-10-03,Alpha Industries,West,P005,Control Panel,Electrical,Plant A,Distributor,70,1043.79,73065.3,47600,25465.3,34.85,Processing,2025,2025-10,Friday,Low,High,Medium-Low,Medium-Low,Medium-Low,Medium-High
SO00695,2025-07-29,Crown Manufacturing,East,P003,Electric Motor,Motors,Plant B,OEM,27,998.73,26965.71,20520,6445.71,23.9,Processing,2025,2025-07,Tuesday,Low,High,Low,Low,Low,Low
SO00696,2025-05-19,Fusion Tech,East,P006,Bearing Unit,Components,Plant C,Online,251,185.29,46507.79,31375,15132.79,32.54,Delivered,2025,2025-05,Monday,Medium-High,Low,Low,Low,Low,Medium-Low
SO00697,2025-03-27,Horizon Infra,South,P003,Electric Motor,Motors,Plant A,Direct,67,1142.21,76528.07,50920,25608.07,33.46,Processing,2025,2025-03,Thursday,Low,High,Medium-Low,Medium-Low,Medium-Low,Medium-Low
SO00698,2025-02-13,Horizon Infra,West,P005,Control Panel,Electrical,Plant B,Direct,341,917.14,312744.74,231880,80864.74,25.86,Delivered,2025,2025-02,Thursday,High,Medium-High,High,High,High,Low
SO00699,2025-03-23,Crown Manufacturing,East,P001,Industrial Pump,Pumps,Plant A,Distributor,386,615.43,237555.98,162120,75435.98,31.76,Delayed,2025,2025-03,Sunday,High,Medium-Low,High,High,High,Medium-Low
SO00700,2025-03-05,Crown Manufacturing,West,P002,Hydraulic Valve,Valves,Plant B,OEM,66,291.86,19262.76,12210,7052.76,36.61,Delivered,2025,2025-03,Wednesday,Low,Medium-Low,Low,Low,Low,Medium-High
SO00701,2025-12-09,Delta Auto,West,P001,Industrial Pump,Pumps,Plant D,Online,106,585.31,62042.86,44520,17522.86,28.24,Delivered,2025,2025-12,Tuesday,Low,Medium-Low,Medium-Low,Medium-Low,Low,Low
SO00702,2025-11-17,Bharat Engineering,South,P004,Gear Assembly,Assemblies,Plant C,Direct,224,816.92,182990.08,120960,62030.08,33.9,Delivered,2025,2025-11,Monday,Medium-Low,Medium-High,Medium-High,Medium-High,Medium-High,Medium-High
SO00703,2025-02-24,Crown Manufacturing,South,P003,Electric Motor,Motors,Plant B,Online,328,1058.43,347165.04,249280,97885.04,28.2,Delivered,2025,2025-02,Monday,Medium-High,High,High,High,High,Low
SO00704,2025-03-15,Bharat Engineering,West,P006,Bearing Unit,Components,Plant A,Distributor,21,211.37,4438.77,2625,1813.77,40.86,Processing,2025,2025-03,Saturday,Low,Low,Low,Low,Low,High
SO00705,2025-05-09,Horizon Infra,North,P004,Gear Assembly,Assemblies,Plant C,Direct,20,847.91,16958.2,10800,6158.2,36.31,Delivered,2025,2025-05,Friday,Low,Medium-High,Low,Low,Low,Medium-High
SO00706,2025-09-13,Bharat Engineering,North,P003,Electric Motor,Motors,Plant B,Direct,406,1023.93,415715.58,308560,107155.58,25.78,Delivered,2025,2025-09,Saturday,High,High,High,High,High,Low
SO00707,2025-08-19,Alpha Industries,West,P004,Gear Assembly,Assemblies,Plant B,Direct,172,863.6,148539.2,92880,55659.2,37.47,Delivered,2025,2025-08,Tuesday,Medium-Low,Medium-High,Medium-High,Medium-High,Medium-High,High
SO00708,2025-05-17,Horizon Infra,South,P005,Control Panel,Electrical,Plant B,Direct,292,966.41,282191.72,198560,83631.72,29.64,Delivered,2025,2025-05,Saturday,Medium-High,High,High,High,High,Low
SO00709,2025-12-17,Evergreen Systems,North,P003,Electric Motor,Motors,Plant B,Direct,226,1192.34,269468.84,171760,97708.84,36.26,Delivered,2025,2025-12,Wednesday,Medium-High,High,High,High,High,Medium-High
SO00710,2025-12-21,Horizon Infra,South,P006,Bearing Unit,Components,Plant D,Direct,369,193.52,71408.88,46125,25283.88,35.41,Cancelled,2025,2025-12,Sunday,High,Low,Medium-Low,Medium-Low,Medium-Low,Medium-High
SO00711,2025-04-22,Evergreen Systems,North,P003,Electric Motor,Motors,Plant C,OEM,332,1121.02,372178.64,252320,119858.64,32.2,Delayed,2025,2025-04,Tuesday,Medium-High,High,High,High,High,Medium-Low
SO00712,2025-11-04,Fusion Tech,West,P004,Gear Assembly,Assemblies,Plant D,Direct,250,778.23,194557.5,135000,59557.5,30.61,Delivered,2025,2025-11,Tuesday,Medium-High,Medium-High,Medium-High,Medium-High,Medium-High,Medium-Low
SO00713,2025-05-26,Delta Auto,East,P002,Hydraulic Valve,Valves,Plant C,Direct,354,305.28,108069.12,65490,42579.12,39.4,Delivered,2025,2025-05,Monday,High,Medium-Low,Medium-Low,Medium-Low,Medium-High,High
SO00714,2025-02-02,Delta Auto,East,P004,Gear Assembly,Assemblies,Plant B,Direct,54,810.96,43791.84,29160,14631.84,33.41,Delivered,2025,2025-02,Sunday,Low,Medium-High,Low,Low,Low,Medium-Low
SO00715,2025-09-17,Evergreen Systems,South,P003,Electric Motor,Motors,Plant C,Distributor,90,1096.37,98673.3,68400,30273.3,30.68,Processing,2025,2025-09,Wednesday,Low,High,Medium-Low,Medium-Low,Medium-Low,Medium-Low
SO00716,2025-03-28,Fusion Tech,South,P003,Electric Motor,Motors,Plant A,Distributor,264,1190.11,314189.04,200640,113549.04,36.14,Delayed,2025,2025-03,Friday,Medium-High,High,High,High,High,Medium-High
SO00717,2025-11-27,Horizon Infra,North,P002,Hydraulic Valve,Valves,Plant C,Direct,76,281.85,21420.6,14060,7360.6,34.36,Delivered,2025,2025-11,Thursday,Low,Low,Low,Low,Low,Medium-High
SO00718,2025-09-22,Global Machines,West,P001,Industrial Pump,Pumps,Plant A,Distributor,415,600.6,249249.0,174300,74949.0,30.07,Processing,2025,2025-09,Monday,High,Medium-Low,High,High,High,Medium-Low
SO00719,2025-11-16,Evergreen Systems,North,P002,Hydraulic Valve,Valves,Plant A,Online,111,295.48,32798.28,20535,12263.28,37.39,Delivered,2025,2025-11,Sunday,Low,Medium-Low,Low,Low,Low,High
SO00720,2025-01-30,Horizon Infra,West,P001,Industrial Pump,Pumps,Plant D,Direct,100,653.12,65312.0,42000,23312.0,35.69,Delivered,2025,2025-01,Thursday,Low,Medium-Low,Medium-Low,Medium-Low,Medium-Low,Medium-High
SO00721,2025-08-20,Fusion Tech,West,P006,Bearing Unit,Components,Plant C,Distributor,51,203.24,10365.24,6375,3990.24,38.5,Delayed,2025,2025-08,Wednesday,Low,Low,Low,Low,Low,High
SO00722,2025-03-17,Fusion Tech,South,P003,Electric Motor,Motors,Plant B,Distributor,285,1094.6,311961.0,216600,95361.0,30.57,Delivered,2025,2025-03,Monday,Medium-High,High,High,High,High,Medium-Low
SO00723,2025-05-09,Fusion Tech,East,P005,Control Panel,Electrical,Plant C,Direct,313,1050.47,328797.11,212840,115957.11,35.27,Delivered,2025,2025-05,Friday,Medium-High,High,High,High,High,Medium-High
SO00724,2025-09-28,Fusion Tech,East,P005,Control Panel,Electrical,Plant D,Online,283,1006.01,284700.83,192440,92260.83,32.41,Delivered,2025,2025-09,Sunday,Medium-High,High,High,High,High,Medium-Low
SO00725,2025-03-30,Alpha Industries,South,P004,Gear Assembly,Assemblies,Plant A,OEM,393,730.72,287172.96,212220,74952.96,26.1,Delivered,2025,2025-03,Sunday,High,Medium-High,High,High,High,Low
SO00726,2025-06-19,Horizon Infra,East,P002,Hydraulic Valve,Valves,Plant A,Distributor,86,272.12,23402.32,15910,7492.32,32.02,Delivered,2025,2025-06,Thursday,Low,Low,Low,Low,Low,Medium-Low
SO00727,2025-05-08,Alpha Industries,South,P002,Hydraulic Valve,Valves,Plant D,Direct,243,317.16,77069.88,44955,32114.88,41.67,Delayed,2025,2025-05,Thursday,Medium-High,Medium-Low,Medium-Low,Medium-Low,Medium-Low,High
SO00728,2025-06-23,Evergreen Systems,North,P005,Control Panel,Electrical,Plant D,OEM,211,1004.79,212010.69,143480,68530.69,32.32,Delivered,2025,2025-06,Monday,Medium-Low,High,Medium-High,Medium-High,Medium-High,Medium-Low
SO00729,2025-01-26,Fusion Tech,West,P001,Industrial Pump,Pumps,Plant C,Distributor,230,690.96,158920.8,96600,62320.8,39.22,Processing,2025,2025-01,Sunday,Medium-High,Medium-High,Medium-High,Medium-High,Medium-High,High
SO00730,2025-03-02,Crown Manufacturing,East,P002,Hydraulic Valve,Valves,Plant A,Direct,271,277.53,75210.63,50135,25075.63,33.34,Delivered,2025,2025-03,Sunday,Medium-High,Low,Medium-Low,Medium-Low,Medium-Low,Medium-Low
SO00731,2025-03-08,Fusion Tech,East,P001,Industrial Pump,Pumps,Plant D,Distributor,48,668.44,32085.12,20160,11925.12,37.17,Delivered,2025,2025-03,Saturday,Low,Medium-Low,Low,Low,Low,Medium-High
SO00732,2025-01-26,Crown Manufacturing,North,P001,Industrial Pump,Pumps,Plant C,Online,20,664.82,13296.4,8400,4896.4,36.83,Cancelled,2025,2025-01,Sunday,Low,Medium-Low,Low,Low,Low,Medium-High
SO00733,2025-03-24,Alpha Industries,North,P001,Industrial Pump,Pumps,Plant C,OEM,121,610.31,73847.51,50820,23027.51,31.18,Delivered,2025,2025-03,Monday,Medium-Low,Medium-Low,Medium-Low,Medium-Low,Medium-Low,Medium-Low
SO00734,2025-12-30,Fusion Tech,East,P001,Industrial Pump,Pumps,Plant B,Direct,418,643.61,269028.98,175560,93468.98,34.74,Delivered,2025,2025-12,Tuesday,High,Medium-Low,High,High,High,Medium-High
SO00735,2025-03-01,Bharat Engineering,East,P004,Gear Assembly,Assemblies,Plant A,Direct,117,814.44,95289.48,63180,32109.48,33.7,Delivered,2025,2025-03,Saturday,Medium-Low,Medium-High,Medium-Low,Medium-Low,Medium-Low,Medium-Low
SO00736,2025-02-08,Evergreen Systems,South,P004,Gear Assembly,Assemblies,Plant C,Distributor,103,790.74,81446.22,55620,25826.22,31.71,Delivered,2025,2025-02,Saturday,Low,Medium-High,Medium-Low,Medium-Low,Medium-Low,Medium-Low
SO00737,2025-05-03,Fusion Tech,South,P005,Control Panel,Electrical,Plant D,OEM,320,1024.53,327849.6,217600,110249.6,33.63,Delivered,2025,2025-05,Saturday,Medium-High,High,High,High,High,Medium-Low
SO00738,2025-10-19,Delta Auto,East,P004,Gear Assembly,Assemblies,Plant A,Direct,93,847.72,78837.96,50220,28617.96,36.3,Processing,2025,2025-10,Sunday,Low,Medium-High,Medium-Low,Medium-Low,Medium-Low,Medium-High
SO00739,2025-10-04,Crown Manufacturing,South,P006,Bearing Unit,Components,Plant D,OEM,67,220.53,14775.51,8375,6400.51,43.32,Cancelled,2025,2025-10,Saturday,Low,Low,Low,Low,Low,High
SO00740,2025-10-31,Global Machines,North,P002,Hydraulic Valve,Valves,Plant D,Distributor,302,307.0,92714.0,55870,36844.0,39.74,Delivered,2025,2025-10,Friday,Medium-High,Medium-Low,Medium-Low,Medium-Low,Medium-Low,High
SO00741,2025-10-09,Global Machines,West,P006,Bearing Unit,Components,Plant C,OEM,25,205.3,5132.5,3125,2007.5,39.11,Processing,2025,2025-10,Thursday,Low,Low,Low,Low,Low,High
SO00742,2025-07-10,Fusion Tech,South,P004,Gear Assembly,Assemblies,Plant C,Distributor,335,774.59,259487.65,180900,78587.65,30.29,Processing,2025,2025-07,Thursday,Medium-High,Medium-High,High,High,High,Medium-Low
SO00743,2025-10-19,Horizon Infra,West,P002,Hydraulic Valve,Valves,Plant B,Direct,102,308.65,31482.3,18870,12612.3,40.06,Delivered,2025,2025-10,Sunday,Low,Medium-Low,Low,Low,Low,High
SO00744,2025-06-01,Bharat Engineering,South,P002,Hydraulic Valve,Valves,Plant D,Online,174,288.52,50202.48,32190,18012.48,35.88,Delivered,2025,2025-06,Sunday,Medium-Low,Medium-Low,Low,Low,Low,Medium-High
SO00745,2025-08-21,Crown Manufacturing,East,P001,Industrial Pump,Pumps,Plant C,OEM,446,604.03,269397.38,187320,82077.38,30.47,Delivered,2025,2025-08,Thursday,High,Medium-Low,High,High,High,Medium-Low
SO00746,2025-05-26,Bharat Engineering,South,P005,Control Panel,Electrical,Plant B,Direct,224,961.84,215452.16,152320,63132.16,29.3,Delivered,2025,2025-05,Monday,Medium-Low,High,Medium-High,Medium-High,Medium-High,Low
SO00747,2025-09-28,Global Machines,West,P001,Industrial Pump,Pumps,Plant A,Distributor,153,590.44,90337.32,64260,26077.32,28.87,Delivered,2025,2025-09,Sunday,Medium-Low,Medium-Low,Medium-Low,Medium-Low,Medium-Low,Low
SO00748,2025-12-01,Evergreen Systems,West,P001,Industrial Pump,Pumps,Plant B,Direct,283,661.91,187320.53,118860,68460.53,36.55,Delivered,2025,2025-12,Monday,Medium-High,Medium-Low,Medium-High,Medium-High,Medium-High,Medium-High
SO00749,2025-05-14,Global Machines,East,P006,Bearing Unit,Components,Plant B,Direct,412,198.91,81950.92,51500,30450.92,37.16,Delivered,2025,2025-05,Wednesday,High,Low,Medium-Low,Medium-Low,Medium-Low,Medium-High
SO00750,2025-06-20,Evergreen Systems,West,P004,Gear Assembly,Assemblies,Plant D,OEM,437,755.03,329948.11,235980,93968.11,28.48,Delivered,2025,2025-06,Friday,High,Medium-High,High,High,High,Low
SO00751,2025-01-28,Evergreen Systems,East,P006,Bearing Unit,Components,Plant A,Direct,395,224.97,88863.15,49375,39488.15,44.44,Delivered,2025,2025-01,Tuesday,High,Low,Medium-Low,Medium-Low,Medium-High,High
SO00752,2025-05-16,Alpha Industries,East,P004,Gear Assembly,Assemblies,Plant D,OEM,147,838.65,123281.55,79380,43901.55,35.61,Delivered,2025,2025-05,Friday,Medium-Low,Medium-High,Medium-High,Medium-High,Medium-High,Medium-High
SO00753,2025-08-29,Global Machines,West,P006,Bearing Unit,Components,Plant D,Distributor,213,217.86,46404.18,26625,19779.18,42.62,Delivered,2025,2025-08,Friday,Medium-Low,Low,Low,Low,Medium-Low,High
SO00754,2025-12-10,Horizon Infra,North,P002,Hydraulic Valve,Valves,Plant B,OEM,311,296.4,92180.4,57535,34645.4,37.58,Processing,2025,2025-12,Wednesday,Medium-High,Medium-Low,Medium-Low,Medium-Low,Medium-Low,High
SO00755,2025-08-16,Global Machines,West,P004,Gear Assembly,Assemblies,Plant B,Direct,219,848.75,185876.25,118260,67616.25,36.38,Delivered,2025,2025-08,Saturday,Medium-Low,Medium-High,Medium-High,Medium-High,Medium-High,Medium-High
SO00756,2025-10-14,Bharat Engineering,West,P004,Gear Assembly,Assemblies,Plant C,Direct,28,835.78,23401.84,15120,8281.84,35.39,Processing,2025,2025-10,Tuesday,Low,Medium-High,Low,Low,Low,Medium-High
SO00757,2025-10-30,Fusion Tech,South,P006,Bearing Unit,Components,Plant B,Direct,303,209.95,63614.85,37875,25739.85,40.46,Delayed,2025,2025-10,Thursday,Medium-High,Low,Medium-Low,Medium-Low,Medium-Low,High
SO00758,2025-02-03,Delta Auto,West,P003,Electric Motor,Motors,Plant C,OEM,302,1200.89,362668.78,229520,133148.78,36.71,Delivered,2025,2025-02,Monday,Medium-High,High,High,High,High,Medium-High
SO00759,2025-01-02,Delta Auto,South,P002,Hydraulic Valve,Valves,Plant D,Distributor,377,270.9,102129.3,69745,32384.3,31.71,Processing,2025,2025-01,Thursday,High,Low,Medium-Low,Medium-Low,Medium-Low,Medium-Low
SO00760,2025-12-28,Horizon Infra,South,P002,Hydraulic Valve,Valves,Plant B,Direct,310,315.26,97730.6,57350,40380.6,41.32,Delayed,2025,2025-12,Sunday,Medium-High,Medium-Low,Medium-Low,Medium-Low,Medium-High,High
SO00761,2025-07-14,Evergreen Systems,West,P003,Electric Motor,Motors,Plant A,OEM,382,1075.52,410848.64,290320,120528.64,29.34,Delivered,2025,2025-07,Monday,High,High,High,High,High,Low
SO00762,2025-04-04,Horizon Infra,East,P006,Bearing Unit,Components,Plant A,OEM,171,206.99,35395.29,21375,14020.29,39.61,Cancelled,2025,2025-04,Friday,Medium-Low,Low,Low,Low,Low,High
SO00763,2025-11-24,Delta Auto,North,P006,Bearing Unit,Components,Plant D,OEM,139,189.96,26404.44,17375,9029.44,34.2,Processing,2025,2025-11,Monday,Medium-Low,Low,Low,Low,Low,Medium-High
SO00764,2025-11-04,Horizon Infra,West,P002,Hydraulic Valve,Valves,Plant D,Direct,53,291.47,15447.91,9805,5642.91,36.53,Processing,2025,2025-11,Tuesday,Low,Medium-Low,Low,Low,Low,Medium-High
SO00765,2025-05-15,Crown Manufacturing,West,P006,Bearing Unit,Components,Plant B,Direct,362,210.47,76190.14,45250,30940.14,40.61,Delivered,2025,2025-05,Thursday,High,Low,Medium-Low,Medium-Low,Medium-Low,High
SO00766,2025-07-23,Bharat Engineering,East,P005,Control Panel,Electrical,Plant C,Online,92,1057.95,97331.4,62560,34771.4,35.72,Delivered,2025,2025-07,Wednesday,Low,High,Medium-Low,Medium-Low,Medium-Low,Medium-High
SO00767,2025-09-07,Bharat Engineering,South,P005,Control Panel,Electrical,Plant B,Distributor,389,1053.54,409827.06,264520,145307.06,35.46,Delivered,2025,2025-09,Sunday,High,High,High,High,High,Medium-High
SO00768,2025-05-27,Horizon Infra,East,P003,Electric Motor,Motors,Plant C,Direct,133,1202.07,159875.31,101080,58795.31,36.78,Delivered,2025,2025-05,Tuesday,Medium-Low,High,Medium-High,Medium-High,Medium-High,Medium-High
SO00769,2025-12-12,Bharat Engineering,East,P004,Gear Assembly,Assemblies,Plant B,Direct,36,769.24,27692.64,19440,8252.64,29.8,Delivered,2025,2025-12,Friday,Low,Medium-High,Low,Low,Low,Low
SO00770,2025-12-14,Crown Manufacturing,South,P005,Control Panel,Electrical,Plant A,OEM,313,1056.69,330743.97,212840,117903.97,35.65,Delivered,2025,2025-12,Sunday,Medium-High,High,High,High,High,Medium-High
SO00771,2025-09-11,Fusion Tech,West,P006,Bearing Unit,Components,Plant A,Direct,359,203.93,73210.87,44875,28335.87,38.7,Delivered,2025,2025-09,Thursday,High,Low,Medium-Low,Medium-Low,Medium-Low,High
SO00772,2025-11-30,Alpha Industries,East,P003,Electric Motor,Motors,Plant C,Online,16,1176.41,18822.56,12160,6662.56,35.4,Delivered,2025,2025-11,Sunday,Low,High,Low,Low,Low,Medium-High
SO00773,2025-06-25,Crown Manufacturing,East,P005,Control Panel,Electrical,Plant B,Distributor,420,904.8,380016.0,285600,94416.0,24.85,Delivered,2025,2025-06,Wednesday,High,Medium-High,High,High,High,Low
SO00774,2025-05-05,Bharat Engineering,West,P001,Industrial Pump,Pumps,Plant D,Online,350,637.76,223216.0,147000,76216.0,34.14,Delivered,2025,2025-05,Monday,High,Medium-Low,Medium-High,Medium-High,High,Medium-High
SO00775,2025-09-08,Bharat Engineering,West,P003,Electric Motor,Motors,Plant C,Online,208,1201.99,250013.92,158080,91933.92,36.77,Delivered,2025,2025-09,Monday,Medium-Low,High,High,Medium-High,High,Medium-High
SO00776,2025-05-11,Global Machines,North,P002,Hydraulic Valve,Valves,Plant A,Distributor,121,315.47,38171.87,22385,15786.87,41.36,Delivered,2025,2025-05,Sunday,Medium-Low,Medium-Low,Low,Low,Low,High
SO00777,2025-02-19,Bharat Engineering,East,P005,Control Panel,Electrical,Plant C,Direct,98,996.41,97648.18,66640,31008.18,31.76,Delivered,2025,2025-02,Wednesday,Low,High,Medium-Low,Medium-Low,Medium-Low,Medium-Low
SO00778,2025-04-03,Fusion Tech,North,P002,Hydraulic Valve,Valves,Plant B,OEM,137,306.67,42013.79,25345,16668.79,39.67,Delivered,2025,2025-04,Thursday,Medium-Low,Medium-Low,Low,Low,Low,High
SO00779,2025-11-06,Delta Auto,South,P003,Electric Motor,Motors,Plant D,Direct,239,1025.12,245003.68,181640,63363.68,25.86,Delayed,2025,2025-11,Thursday,Medium-High,High,High,High,Medium-High,Low
SO00780,2025-08-08,Alpha Industries,West,P005,Control Panel,Electrical,Plant D,OEM,27,1003.85,27103.95,18360,8743.95,32.26,Processing,2025,2025-08,Friday,Low,High,Low,Low,Low,Medium-Low
SO00781,2025-11-30,Crown Manufacturing,West,P002,Hydraulic Valve,Valves,Plant C,Online,298,296.06,88225.88,55130,33095.88,37.51,Processing,2025,2025-11,Sunday,Medium-High,Medium-Low,Medium-Low,Medium-Low,Medium-Low,High
SO00782,2025-11-30,Horizon Infra,North,P004,Gear Assembly,Assemblies,Plant B,Distributor,170,727.63,123697.1,91800,31897.1,25.79,Delivered,2025,2025-11,Sunday,Medium-Low,Medium-High,Medium-High,Medium-High,Medium-Low,Low
SO00783,2025-01-20,Bharat Engineering,East,P004,Gear Assembly,Assemblies,Plant B,Direct,361,731.13,263937.93,194940,68997.93,26.14,Delivered,2025,2025-01,Monday,High,Medium-High,High,High,Medium-High,Low
SO00784,2025-07-24,Global Machines,South,P001,Industrial Pump,Pumps,Plant D,Direct,387,586.1,226820.7,162540,64280.7,28.34,Delivered,2025,2025-07,Thursday,High,Medium-Low,Medium-High,High,Medium-High,Low
SO00785,2025-04-01,Global Machines,East,P006,Bearing Unit,Components,Plant A,Online,290,215.22,62413.8,36250,26163.8,41.92,Cancelled,2025,2025-04,Tuesday,Medium-High,Low,Medium-Low,Medium-Low,Medium-Low,High
SO00786,2025-12-21,Evergreen Systems,East,P003,Electric Motor,Motors,Plant B,Direct,407,1017.34,414057.38,309320,104737.38,25.3,Processing,2025,2025-12,Sunday,High,High,High,High,High,Low
SO00787,2025-06-22,Alpha Industries,North,P006,Bearing Unit,Components,Plant D,OEM,431,204.44,88113.64,53875,34238.64,38.86,Delivered,2025,2025-06,Sunday,High,Low,Medium-Low,Medium-Low,Medium-Low,High
SO00788,2025-07-08,Global Machines,East,P006,Bearing Unit,Components,Plant D,OEM,175,199.79,34963.25,21875,13088.25,37.43,Processing,2025,2025-07,Tuesday,Medium-Low,Low,Low,Low,Low,High
SO00789,2025-11-08,Evergreen Systems,North,P002,Hydraulic Valve,Valves,Plant B,Direct,269,292.08,78569.52,49765,28804.52,36.66,Delivered,2025,2025-11,Saturday,Medium-High,Medium-Low,Medium-Low,Medium-Low,Medium-Low,Medium-High
SO00790,2025-01-02,Alpha Industries,West,P001,Industrial Pump,Pumps,Plant B,Direct,373,663.84,247612.32,156660,90952.32,36.73,Delivered,2025,2025-01,Thursday,High,Medium-Low,High,Medium-High,High,Medium-High
SO00791,2025-12-27,Bharat Engineering,West,P003,Electric Motor,Motors,Plant C,Distributor,199,1138.98,226657.02,151240,75417.02,33.27,Delivered,2025,2025-12,Saturday,Medium-Low,High,Medium-High,Medium-High,High,Medium-Low
SO00792,2025-06-17,Alpha Industries,West,P004,Gear Assembly,Assemblies,Plant A,OEM,347,796.31,276319.57,187380,88939.57,32.19,Delivered,2025,2025-06,Tuesday,High,Medium-High,High,High,High,Medium-Low
SO00793,2025-01-24,Alpha Industries,South,P006,Bearing Unit,Components,Plant C,Distributor,275,204.3,56182.5,34375,21807.5,38.82,Delivered,2025,2025-01,Friday,Medium-High,Low,Medium-Low,Medium-Low,Medium-Low,High
SO00794,2025-12-31,Horizon Infra,South,P002,Hydraulic Valve,Valves,Plant C,Direct,300,283.07,84921.0,55500,29421.0,34.65,Processing,2025,2025-12,Wednesday,Medium-High,Low,Medium-Low,Medium-Low,Medium-Low,Medium-High
SO00795,2025-03-09,Bharat Engineering,East,P006,Bearing Unit,Components,Plant D,Online,364,221.0,80444.0,45500,34944.0,43.44,Delivered,2025,2025-03,Sunday,High,Low,Medium-Low,Medium-Low,Medium-Low,High
SO00796,2025-07-13,Fusion Tech,North,P005,Control Panel,Electrical,Plant D,Direct,369,927.25,342155.25,250920,91235.25,26.66,Delivered,2025,2025-07,Sunday,High,Medium-High,High,High,High,Low
SO00797,2025-03-25,Global Machines,East,P004,Gear Assembly,Assemblies,Plant A,Direct,288,754.82,217388.16,155520,61868.16,28.46,Delayed,2025,2025-03,Tuesday,Medium-High,Medium-High,Medium-High,Medium-High,Medium-High,Low
SO00798,2025-07-26,Evergreen Systems,West,P006,Bearing Unit,Components,Plant C,Direct,226,216.02,48820.52,28250,20570.52,42.13,Delivered,2025,2025-07,Saturday,Medium-High,Low,Low,Low,Medium-Low,High
SO00799,2025-02-18,Horizon Infra,East,P005,Control Panel,Electrical,Plant C,Distributor,330,932.91,307860.3,224400,83460.3,27.11,Delivered,2025,2025-02,Tuesday,Medium-High,Medium-High,High,High,High,Low
SO00800,2025-02-01,Horizon Infra,East,P005,Control Panel,Electrical,Plant D,Direct,347,1028.41,356858.27,235960,120898.27,33.88,Delivered,2025,2025-02,Saturday,High,High,High,High,High,Medium-High
SO00801,2025-11-13,Fusion Tech,East,P002,Hydraulic Valve,Valves,Plant D,Distributor,216,278.95,60253.2,39960,20293.2,33.68,Delivered,2025,2025-11,Thursday,Medium-Low,Low,Medium-Low,Medium-Low,Medium-Low,Medium-Low
SO00802,2025-06-19,Evergreen Systems,West,P002,Hydraulic Valve,Valves,Plant B,OEM,162,301.01,48763.62,29970,18793.62,38.54,Delivered,2025,2025-06,Thursday,Medium-Low,Medium-Low,Low,Low,Medium-Low,High
SO00803,2025-05-09,Delta Auto,North,P005,Control Panel,Electrical,Plant C,Distributor,190,871.24,165535.6,129200,36335.6,21.95,Delivered,2025,2025-05,Friday,Medium-Low,Medium-High,Medium-High,Medium-High,Medium-Low,Low
SO00804,2025-04-12,Global Machines,East,P001,Industrial Pump,Pumps,Plant A,Online,221,622.12,137488.52,92820,44668.52,32.49,Delivered,2025,2025-04,Saturday,Medium-Low,Medium-Low,Medium-High,Medium-High,Medium-High,Medium-Low
SO00805,2025-02-04,Evergreen Systems,West,P006,Bearing Unit,Components,Plant C,Direct,282,199.22,56180.04,35250,20930.04,37.26,Delivered,2025,2025-02,Tuesday,Medium-High,Low,Medium-Low,Medium-Low,Medium-Low,High
SO00806,2025-11-03,Evergreen Systems,South,P005,Control Panel,Electrical,Plant D,Distributor,212,1022.47,216763.64,144160,72603.64,33.49,Delivered,2025,2025-11,Monday,Medium-Low,High,Medium-High,Medium-High,Medium-High,Medium-Low
SO00807,2025-07-18,Alpha Industries,North,P005,Control Panel,Electrical,Plant B,Direct,214,1051.94,225115.16,145520,79595.16,35.36,Processing,2025,2025-07,Friday,Medium-Low,High,Medium-High,Medium-High,High,Medium-High
SO00808,2025-10-28,Delta Auto,West,P002,Hydraulic Valve,Valves,Plant C,Distributor,413,286.79,118444.27,76405,42039.27,35.49,Processing,2025,2025-10,Tuesday,High,Medium-Low,Medium-High,Medium-High,Medium-High,Medium-High
SO00809,2025-03-18,Bharat Engineering,East,P006,Bearing Unit,Components,Plant A,Direct,393,219.44,86239.92,49125,37114.92,43.04,Delivered,2025,2025-03,Tuesday,High,Low,Medium-Low,Medium-Low,Medium-High,High
SO00810,2025-11-17,Bharat Engineering,West,P003,Electric Motor,Motors,Plant D,Direct,162,1142.33,185057.46,123120,61937.46,33.47,Delivered,2025,2025-11,Monday,Medium-Low,High,Medium-High,Medium-High,Medium-High,Medium-Low
SO00811,2025-01-14,Crown Manufacturing,North,P004,Gear Assembly,Assemblies,Plant B,Direct,179,869.52,155644.08,96660,58984.08,37.9,Delivered,2025,2025-01,Tuesday,Medium-Low,Medium-High,Medium-High,Medium-High,Medium-High,High
SO00812,2025-12-15,Delta Auto,East,P002,Hydraulic Valve,Valves,Plant C,Direct,438,307.46,134667.48,81030,53637.48,39.83,Delivered,2025,2025-12,Monday,High,Medium-Low,Medium-High,Medium-High,Medium-High,High
SO00813,2025-05-11,Alpha Industries,South,P006,Bearing Unit,Components,Plant A,Distributor,250,188.05,47012.5,31250,15762.5,33.53,Delivered,2025,2025-05,Sunday,Medium-High,Low,Low,Low,Low,Medium-Low
SO00814,2025-08-26,Crown Manufacturing,South,P006,Bearing Unit,Components,Plant D,Distributor,296,214.76,63568.96,37000,26568.96,41.8,Processing,2025,2025-08,Tuesday,Medium-High,Low,Medium-Low,Medium-Low,Medium-Low,High
SO00815,2025-10-07,Crown Manufacturing,South,P001,Industrial Pump,Pumps,Plant A,Direct,254,641.61,162968.94,106680,56288.94,34.54,Delivered,2025,2025-10,Tuesday,Medium-High,Medium-Low,Medium-High,Medium-High,Medium-High,Medium-High
SO00816,2025-03-06,Bharat Engineering,West,P004,Gear Assembly,Assemblies,Plant C,Online,330,715.46,236101.8,178200,57901.8,24.52,Delivered,2025,2025-03,Thursday,Medium-High,Medium-High,Medium-High,High,Medium-High,Low
SO00817,2025-05-18,Evergreen Systems,North,P002,Hydraulic Valve,Valves,Plant D,Distributor,445,274.43,122121.35,82325,39796.35,32.59,Processing,2025,2025-05,Sunday,High,Low,Medium-High,Medium-High,Medium-High,Medium-Low
SO00818,2025-09-26,Alpha Industries,South,P002,Hydraulic Valve,Valves,Plant C,Distributor,89,313.98,27944.22,16465,11479.22,41.08,Delayed,2025,2025-09,Friday,Low,Medium-Low,Low,Low,Low,High
SO00819,2025-08-16,Horizon Infra,East,P003,Electric Motor,Motors,Plant B,OEM,101,1193.04,120497.04,76760,43737.04,36.3,Delivered,2025,2025-08,Saturday,Low,High,Medium-High,Medium-High,Medium-High,Medium-High
SO00820,2025-07-20,Horizon Infra,East,P001,Industrial Pump,Pumps,Plant C,Direct,158,675.85,106784.3,66360,40424.3,37.86,Delivered,2025,2025-07,Sunday,Medium-Low,Medium-Low,Medium-Low,Medium-Low,Medium-High,High
SO00821,2025-05-22,Delta Auto,East,P001,Industrial Pump,Pumps,Plant B,Direct,39,699.63,27285.57,16380,10905.57,39.97,Delivered,2025,2025-05,Thursday,Low,Medium-High,Low,Low,Low,High
SO00822,2025-04-10,Crown Manufacturing,West,P006,Bearing Unit,Components,Plant C,Distributor,132,218.67,28864.44,16500,12364.44,42.84,Processing,2025,2025-04,Thursday,Medium-Low,Low,Low,Low,Low,High
SO00823,2025-05-18,Alpha Industries,North,P006,Bearing Unit,Components,Plant A,OEM,396,185.23,73351.08,49500,23851.08,32.52,Delivered,2025,2025-05,Sunday,High,Low,Medium-Low,Medium-Low,Medium-Low,Medium-Low
SO00824,2025-06-17,Bharat Engineering,North,P002,Hydraulic Valve,Valves,Plant A,Distributor,335,276.58,92654.3,61975,30679.3,33.11,Delivered,2025,2025-06,Tuesday,Medium-High,Low,Medium-Low,Medium-Low,Medium-Low,Medium-Low
SO00825,2025-04-09,Crown Manufacturing,South,P003,Electric Motor,Motors,Plant D,OEM,436,992.46,432712.56,331360,101352.56,23.42,Delayed,2025,2025-04,Wednesday,High,High,High,High,High,Low
SO00826,2025-11-07,Crown Manufacturing,North,P002,Hydraulic Valve,Valves,Plant A,OEM,38,265.15,10075.7,7030,3045.7,30.23,Delivered,2025,2025-11,Friday,Low,Low,Low,Low,Low,Medium-Low
SO00827,2025-11-15,Fusion Tech,East,P005,Control Panel,Electrical,Plant A,Distributor,268,905.29,242617.72,182240,60377.72,24.89,Delayed,2025,2025-11,Saturday,Medium-High,Medium-High,High,High,Medium-High,Low
SO00828,2025-11-23,Bharat Engineering,East,P006,Bearing Unit,Components,Plant B,Distributor,195,205.95,40160.25,24375,15785.25,39.31,Delayed,2025,2025-11,Sunday,Medium-Low,Low,Low,Low,Low,High
SO00829,2025-12-21,Horizon Infra,West,P005,Control Panel,Electrical,Plant A,Distributor,426,1028.52,438149.52,289680,148469.52,33.89,Delivered,2025,2025-12,Sunday,High,High,High,High,High,Medium-High
SO00830,2025-03-07,Fusion Tech,East,P003,Electric Motor,Motors,Plant B,Distributor,84,1178.68,99009.12,63840,35169.12,35.52,Processing,2025,2025-03,Friday,Low,High,Medium-Low,Medium-Low,Medium-Low,Medium-High
SO00831,2025-12-01,Bharat Engineering,North,P002,Hydraulic Valve,Valves,Plant B,Distributor,54,295.96,15981.84,9990,5991.84,37.49,Delivered,2025,2025-12,Monday,Low,Medium-Low,Low,Low,Low,High
SO00832,2025-11-25,Bharat Engineering,East,P006,Bearing Unit,Components,Plant B,Online,78,223.78,17454.84,9750,7704.84,44.14,Processing,2025,2025-11,Tuesday,Low,Low,Low,Low,Low,High
SO00833,2025-02-16,Fusion Tech,South,P003,Electric Motor,Motors,Plant C,Distributor,425,1097.61,466484.25,323000,143484.25,30.76,Processing,2025,2025-02,Sunday,High,High,High,High,High,Medium-Low
SO00834,2025-12-03,Horizon Infra,West,P002,Hydraulic Valve,Valves,Plant B,Direct,376,312.05,117330.8,69560,47770.8,40.71,Delivered,2025,2025-12,Wednesday,High,Medium-Low,Medium-High,Medium-Low,Medium-High,High
SO00835,2025-08-19,Global Machines,West,P002,Hydraulic Valve,Valves,Plant C,OEM,219,286.39,62719.41,40515,22204.41,35.4,Delivered,2025,2025-08,Tuesday,Medium-Low,Medium-Low,Medium-Low,Medium-Low,Medium-Low,Medium-High
SO00836,2025-11-04,Alpha Industries,North,P005,Control Panel,Electrical,Plant B,Online,248,916.74,227351.52,168640,58711.52,25.82,Processing,2025,2025-11,Tuesday,Medium-High,Medium-High,Medium-High,High,Medium-High,Low
SO00837,2025-05-26,Alpha Industries,East,P004,Gear Assembly,Assemblies,Plant C,OEM,349,861.26,300579.74,188460,112119.74,37.3,Delivered,2025,2025-05,Monday,High,Medium-High,High,High,High,High
SO00838,2025-07-26,Global Machines,East,P001,Industrial Pump,Pumps,Plant D,Distributor,317,622.43,197310.31,133140,64170.31,32.52,Delivered,2025,2025-07,Saturday,Medium-High,Medium-Low,Medium-High,Medium-High,Medium-High,Medium-Low
SO00839,2025-05-26,Alpha Industries,North,P006,Bearing Unit,Components,Plant D,Direct,201,205.94,41393.94,25125,16268.94,39.3,Delivered,2025,2025-05,Monday,Medium-Low,Low,Low,Low,Low,High
SO00840,2025-06-01,Evergreen Systems,North,P001,Industrial Pump,Pumps,Plant C,Direct,381,614.75,234219.75,160020,74199.75,31.68,Delivered,2025,2025-06,Sunday,High,Medium-Low,Medium-High,Medium-High,High,Medium-Low
SO00841,2025-10-06,Crown Manufacturing,South,P003,Electric Motor,Motors,Plant D,OEM,112,1134.08,127016.96,85120,41896.96,32.99,Cancelled,2025,2025-10,Monday,Low,High,Medium-High,Medium-High,Medium-High,Medium-Low
SO00842,2025-05-20,Alpha Industries,North,P001,Industrial Pump,Pumps,Plant A,Direct,250,701.35,175337.5,105000,70337.5,40.12,Processing,2025,2025-05,Tuesday,Medium-High,Medium-High,Medium-High,Medium-High,Medium-High,High
SO00843,2025-05-31,Evergreen Systems,East,P005,Control Panel,Electrical,Plant B,OEM,262,867.4,227258.8,178160,49098.8,21.6,Delivered,2025,2025-05,Saturday,Medium-High,Medium-High,Medium-High,High,Medium-High,Low
SO00844,2025-01-21,Crown Manufacturing,South,P004,Gear Assembly,Assemblies,Plant C,Direct,433,858.58,371765.14,233820,137945.14,37.11,Delivered,2025,2025-01,Tuesday,High,Medium-High,High,High,High,Medium-High
SO00845,2025-09-11,Alpha Industries,West,P006,Bearing Unit,Components,Plant D,OEM,229,184.96,42355.84,28625,13730.84,32.42,Delivered,2025,2025-09,Thursday,Medium-High,Low,Low,Low,Low,Medium-Low
SO00846,2025-03-05,Bharat Engineering,East,P002,Hydraulic Valve,Valves,Plant D,OEM,406,281.09,114122.54,75110,39012.54,34.18,Delivered,2025,2025-03,Wednesday,High,Low,Medium-High,Medium-High,Medium-High,Medium-High
SO00847,2025-08-06,Global Machines,West,P002,Hydraulic Valve,Valves,Plant A,OEM,345,269.55,92994.75,63825,29169.75,31.37,Delivered,2025,2025-08,Wednesday,High,Low,Medium-Low,Medium-Low,Medium-Low,Medium-Low
SO00848,2025-03-13,Delta Auto,West,P005,Control Panel,Electrical,Plant B,Direct,226,1010.84,228449.84,153680,74769.84,32.73,Delivered,2025,2025-03,Thursday,Medium-High,High,Medium-High,Medium-High,High,Medium-Low
SO00849,2025-06-11,Alpha Industries,West,P006,Bearing Unit,Components,Plant A,Distributor,211,186.93,39442.23,26375,13067.23,33.13,Delivered,2025,2025-06,Wednesday,Medium-Low,Low,Low,Low,Low,Medium-Low
SO00850,2025-05-10,Delta Auto,East,P001,Industrial Pump,Pumps,Plant C,Direct,38,643.95,24470.1,15960,8510.1,34.78,Delayed,2025,2025-05,Saturday,Low,Medium-Low,Low,Low,Low,Medium-High
SO00851,2025-03-10,Alpha Industries,West,P002,Hydraulic Valve,Valves,Plant D,Direct,221,277.0,61217.0,40885,20332.0,33.21,Delivered,2025,2025-03,Monday,Medium-Low,Low,Medium-Low,Medium-Low,Medium-Low,Medium-Low
SO00852,2025-08-13,Bharat Engineering,East,P001,Industrial Pump,Pumps,Plant D,Direct,163,589.38,96068.94,68460,27608.94,28.74,Delivered,2025,2025-08,Wednesday,Medium-Low,Medium-Low,Medium-Low,Medium-Low,Medium-Low,Low
SO00853,2025-09-03,Global Machines,West,P005,Control Panel,Electrical,Plant D,Online,240,1013.68,243283.2,163200,80083.2,32.92,Delivered,2025,2025-09,Wednesday,Medium-High,High,High,High,High,Medium-Low
SO00854,2025-03-09,Horizon Infra,North,P002,Hydraulic Valve,Valves,Plant A,Direct,111,272.43,30239.73,20535,9704.73,32.09,Cancelled,2025,2025-03,Sunday,Low,Low,Low,Low,Low,Medium-Low
SO00855,2025-04-17,Global Machines,North,P003,Electric Motor,Motors,Plant A,OEM,324,1035.7,335566.8,246240,89326.8,26.62,Processing,2025,2025-04,Thursday,Medium-High,High,High,High,High,Low
SO00856,2025-04-19,Delta Auto,East,P004,Gear Assembly,Assemblies,Plant B,Direct,186,757.36,140868.96,100440,40428.96,28.7,Processing,2025,2025-04,Saturday,Medium-Low,Medium-High,Medium-High,Medium-High,Medium-High,Low
SO00857,2025-11-24,Evergreen Systems,West,P001,Industrial Pump,Pumps,Plant C,Direct,190,648.28,123173.2,79800,43373.2,35.21,Delivered,2025,2025-11,Monday,Medium-Low,Medium-Low,Medium-High,Medium-High,Medium-High,Medium-High
SO00858,2025-04-13,Bharat Engineering,West,P006,Bearing Unit,Components,Plant B,Direct,424,212.51,90104.24,53000,37104.24,41.18,Delivered,2025,2025-04,Sunday,High,Low,Medium-Low,Medium-Low,Medium-Low,High
SO00859,2025-05-21,Delta Auto,West,P001,Industrial Pump,Pumps,Plant B,OEM,241,574.29,138403.89,101220,37183.89,26.87,Delivered,2025,2025-05,Wednesday,Medium-High,Medium-Low,Medium-High,Medium-High,Medium-High,Low
SO00860,2025-03-06,Delta Auto,North,P001,Industrial Pump,Pumps,Plant D,Direct,21,603.44,12672.24,8820,3852.24,30.4,Delivered,2025,2025-03,Thursday,Low,Medium-Low,Low,Low,Low,Medium-Low
SO00861,2025-05-14,Fusion Tech,West,P001,Industrial Pump,Pumps,Plant A,OEM,195,628.03,122465.85,81900,40565.85,33.12,Delivered,2025,2025-05,Wednesday,Medium-Low,Medium-Low,Medium-High,Medium-High,Medium-High,Medium-Low
SO00862,2025-07-18,Fusion Tech,West,P005,Control Panel,Electrical,Plant C,Distributor,258,927.47,239287.26,175440,63847.26,26.68,Delayed,2025,2025-07,Friday,Medium-High,Medium-High,High,High,Medium-High,Low
SO00863,2025-06-04,Bharat Engineering,East,P005,Control Panel,Electrical,Plant B,OEM,429,1035.7,444315.3,291720,152595.3,34.34,Delivered,2025,2025-06,Wednesday,High,High,High,High,High,Medium-High
SO00864,2025-03-20,Bharat Engineering,West,P006,Bearing Unit,Components,Plant C,Direct,275,217.88,59917.0,34375,25542.0,42.63,Delivered,2025,2025-03,Thursday,Medium-High,Low,Medium-Low,Medium-Low,Medium-Low,High
SO00865,2025-09-07,Bharat Engineering,North,P005,Control Panel,Electrical,Plant D,Distributor,399,985.07,393042.93,271320,121722.93,30.97,Processing,2025,2025-09,Sunday,High,High,High,High,High,Medium-Low
SO00866,2025-03-28,Crown Manufacturing,West,P006,Bearing Unit,Components,Plant B,Online,144,199.0,28656.0,18000,10656.0,37.19,Delivered,2025,2025-03,Friday,Medium-Low,Low,Low,Low,Low,Medium-High
SO00867,2025-10-31,Evergreen Systems,North,P006,Bearing Unit,Components,Plant A,OEM,254,214.23,54414.42,31750,22664.42,41.65,Delivered,2025,2025-10,Friday,Medium-High,Low,Medium-Low,Low,Medium-Low,High
SO00868,2025-08-29,Alpha Industries,North,P005,Control Panel,Electrical,Plant B,Distributor,40,1027.75,41110.0,27200,13910.0,33.84,Delivered,2025,2025-08,Friday,Low,High,Low,Low,Low,Medium-High
SO00869,2025-03-29,Horizon Infra,South,P002,Hydraulic Valve,Valves,Plant D,OEM,356,294.69,104909.64,65860,39049.64,37.22,Delivered,2025,2025-03,Saturday,High,Medium-Low,Medium-Low,Medium-Low,Medium-High,High
SO00870,2025-11-20,Fusion Tech,North,P005,Control Panel,Electrical,Plant B,Direct,268,1016.15,272328.2,182240,90088.2,33.08,Processing,2025,2025-11,Thursday,Medium-High,High,High,High,High,Medium-Low
SO00871,2025-06-21,Global Machines,South,P002,Hydraulic Valve,Valves,Plant D,Online,113,303.8,34329.4,20905,13424.4,39.1,Delivered,2025,2025-06,Saturday,Low,Medium-Low,Low,Low,Low,High
SO00872,2025-12-23,Global Machines,South,P003,Electric Motor,Motors,Plant B,Direct,440,1113.67,490014.8,334400,155614.8,31.76,Processing,2025,2025-12,Tuesday,High,High,High,High,High,Medium-Low
SO00873,2025-01-17,Delta Auto,West,P005,Control Panel,Electrical,Plant C,Direct,391,923.59,361123.69,265880,95243.69,26.37,Processing,2025,2025-01,Friday,High,Medium-High,High,High,High,Low
SO00874,2025-08-11,Fusion Tech,South,P003,Electric Motor,Motors,Plant A,Direct,10,1152.66,11526.6,7600,3926.6,34.07,Processing,2025,2025-08,Monday,Low,High,Low,Low,Low,Medium-High
SO00875,2025-10-21,Alpha Industries,East,P005,Control Panel,Electrical,Plant D,OEM,438,902.93,395483.34,297840,97643.34,24.69,Delivered,2025,2025-10,Tuesday,High,Medium-High,High,High,High,Low
SO00876,2025-11-06,Bharat Engineering,North,P003,Electric Motor,Motors,Plant C,OEM,447,1160.21,518613.87,339720,178893.87,34.49,Delivered,2025,2025-11,Thursday,High,High,High,High,High,Medium-High
SO00877,2025-08-07,Global Machines,East,P004,Gear Assembly,Assemblies,Plant D,Direct,443,843.14,373511.02,239220,134291.02,35.95,Delivered,2025,2025-08,Thursday,High,Medium-High,High,High,High,Medium-High
SO00878,2025-08-22,Fusion Tech,South,P003,Electric Motor,Motors,Plant B,OEM,216,1169.76,252668.16,164160,88508.16,35.03,Delivered,2025,2025-08,Friday,Medium-Low,High,High,High,High,Medium-High
SO00879,2025-09-05,Evergreen Systems,West,P002,Hydraulic Valve,Valves,Plant D,Distributor,144,287.5,41400.0,26640,14760.0,35.65,Processing,2025,2025-09,Friday,Medium-Low,Medium-Low,Low,Low,Low,Medium-High
SO00880,2025-02-21,Evergreen Systems,North,P001,Industrial Pump,Pumps,Plant D,Online,280,597.02,167165.6,117600,49565.6,29.65,Delivered,2025,2025-02,Friday,Medium-High,Medium-Low,Medium-High,Medium-High,Medium-High,Low
SO00881,2025-01-15,Horizon Infra,East,P006,Bearing Unit,Components,Plant A,Direct,98,188.99,18521.02,12250,6271.02,33.86,Processing,2025,2025-01,Wednesday,Low,Low,Low,Low,Low,Medium-High
SO00882,2025-11-20,Crown Manufacturing,West,P003,Electric Motor,Motors,Plant C,Distributor,204,1152.11,235030.44,155040,79990.44,34.03,Delivered,2025,2025-11,Thursday,Medium-Low,High,Medium-High,Medium-High,High,Medium-High
SO00883,2025-04-22,Fusion Tech,South,P001,Industrial Pump,Pumps,Plant B,Direct,423,687.21,290689.83,177660,113029.83,38.88,Delivered,2025,2025-04,Tuesday,High,Medium-Low,High,High,High,High
SO00884,2025-07-03,Bharat Engineering,West,P004,Gear Assembly,Assemblies,Plant A,Direct,131,818.24,107189.44,70740,36449.44,34.0,Delayed,2025,2025-07,Thursday,Medium-Low,Medium-High,Medium-Low,Medium-Low,Medium-Low,Medium-High
SO00885,2025-12-26,Delta Auto,East,P004,Gear Assembly,Assemblies,Plant D,Distributor,125,736.15,92018.75,67500,24518.75,26.65,Delivered,2025,2025-12,Friday,Medium-Low,Medium-High,Medium-Low,Medium-Low,Medium-Low,Low
SO00886,2025-01-07,Horizon Infra,West,P002,Hydraulic Valve,Valves,Plant A,OEM,205,314.76,64525.8,37925,26600.8,41.23,Processing,2025,2025-01,Tuesday,Medium-Low,Medium-Low,Medium-Low,Medium-Low,Medium-Low,High
SO00887,2025-02-20,Horizon Infra,East,P002,Hydraulic Valve,Valves,Plant D,Distributor,45,317.96,14308.2,8325,5983.2,41.82,Delivered,2025,2025-02,Thursday,Low,Medium-Low,Low,Low,Low,High
SO00888,2025-11-10,Crown Manufacturing,West,P003,Electric Motor,Motors,Plant B,OEM,76,1082.68,82283.68,57760,24523.68,29.8,Delayed,2025,2025-11,Monday,Low,High,Medium-Low,Medium-Low,Medium-Low,Low
SO00889,2025-08-29,Bharat Engineering,North,P005,Control Panel,Electrical,Plant D,OEM,142,978.99,139016.58,96560,42456.58,30.54,Delivered,2025,2025-08,Friday,Medium-Low,High,Medium-High,Medium-High,Medium-High,Medium-Low
SO00890,2025-09-02,Horizon Infra,West,P004,Gear Assembly,Assemblies,Plant A,Direct,290,838.71,243225.9,156600,86625.9,35.62,Processing,2025,2025-09,Tuesday,Medium-High,Medium-High,High,Medium-High,High,Medium-High
SO00891,2025-12-31,Crown Manufacturing,North,P001,Industrial Pump,Pumps,Plant A,Direct,20,667.73,13354.6,8400,4954.6,37.1,Delivered,2025,2025-12,Wednesday,Low,Medium-Low,Low,Low,Low,Medium-High
SO00892,2025-07-05,Fusion Tech,East,P005,Control Panel,Electrical,Plant D,Online,227,1052.09,238824.43,154360,84464.43,35.37,Delivered,2025,2025-07,Saturday,Medium-High,High,High,Medium-High,High,Medium-High
SO00893,2025-10-14,Alpha Industries,North,P004,Gear Assembly,Assemblies,Plant C,OEM,331,731.41,242096.71,178740,63356.71,26.17,Delayed,2025,2025-10,Tuesday,Medium-High,Medium-High,High,High,Medium-High,Low
SO00894,2025-04-02,Horizon Infra,West,P003,Electric Motor,Motors,Plant A,OEM,165,1115.68,184087.2,125400,58687.2,31.88,Processing,2025,2025-04,Wednesday,Medium-Low,High,Medium-High,Medium-High,Medium-High,Medium-Low
SO00895,2025-04-16,Global Machines,North,P004,Gear Assembly,Assemblies,Plant C,OEM,249,824.89,205397.61,134460,70937.61,34.54,Delivered,2025,2025-04,Wednesday,Medium-High,Medium-High,Medium-High,Medium-High,Medium-High,Medium-High
SO00896,2025-01-13,Fusion Tech,East,P002,Hydraulic Valve,Valves,Plant C,Distributor,69,312.12,21536.28,12765,8771.28,40.73,Delivered,2025,2025-01,Monday,Low,Medium-Low,Low,Low,Low,High
SO00897,2025-05-26,Bharat Engineering,West,P001,Industrial Pump,Pumps,Plant C,OEM,147,685.63,100787.61,61740,39047.61,38.74,Delivered,2025,2025-05,Monday,Medium-Low,Medium-Low,Medium-Low,Medium-Low,Medium-High,High
SO00898,2025-04-29,Delta Auto,North,P001,Industrial Pump,Pumps,Plant C,Direct,59,699.14,41249.26,24780,16469.26,39.93,Delivered,2025,2025-04,Tuesday,Low,Medium-High,Low,Low,Low,High
SO00899,2025-07-22,Delta Auto,North,P002,Hydraulic Valve,Valves,Plant A,Direct,176,289.81,51006.56,32560,18446.56,36.17,Processing,2025,2025-07,Tuesday,Medium-Low,Medium-Low,Low,Low,Medium-Low,Medium-High
SO00900,2025-05-21,Bharat Engineering,South,P005,Control Panel,Electrical,Plant A,Online,174,1025.23,178390.02,118320,60070.02,33.67,Delivered,2025,2025-05,Wednesday,Medium-Low,High,Medium-High,Medium-High,Medium-High,Medium-Low
SO00901,2025-04-25,Crown Manufacturing,North,P002,Hydraulic Valve,Valves,Plant C,OEM,328,284.81,93417.68,60680,32737.68,35.04,Delivered,2025,2025-04,Friday,Medium-High,Medium-Low,Medium-Low,Medium-Low,Medium-Low,Medium-High
SO00902,2025-06-01,Evergreen Systems,South,P001,Industrial Pump,Pumps,Plant A,OEM,198,626.9,124126.2,83160,40966.2,33.0,Delivered,2025,2025-06,Sunday,Medium-Low,Medium-Low,Medium-High,Medium-High,Medium-High,Medium-Low
SO00903,2025-02-26,Bharat Engineering,East,P003,Electric Motor,Motors,Plant C,Direct,101,1042.35,105277.35,76760,28517.35,27.09,Delivered,2025,2025-02,Wednesday,Low,High,Medium-Low,Medium-High,Medium-Low,Low
SO00904,2025-06-06,Global Machines,South,P005,Control Panel,Electrical,Plant C,OEM,303,1022.77,309899.31,206040,103859.31,33.51,Processing,2025,2025-06,Friday,Medium-High,High,High,High,High,Medium-Low
SO00905,2025-11-06,Horizon Infra,East,P006,Bearing Unit,Components,Plant C,OEM,385,226.2,87087.0,48125,38962.0,44.74,Cancelled,2025,2025-11,Thursday,High,Low,Medium-Low,Medium-Low,Medium-High,High
SO00906,2025-05-13,Fusion Tech,North,P004,Gear Assembly,Assemblies,Plant D,Distributor,298,754.33,224790.34,160920,63870.34,28.41,Delivered,2025,2025-05,Tuesday,Medium-High,Medium-High,Medium-High,Medium-High,Medium-High,Low
SO00907,2025-06-12,Delta Auto,North,P006,Bearing Unit,Components,Plant B,Direct,84,187.16,15721.44,10500,5221.44,33.21,Delivered,2025,2025-06,Thursday,Low,Low,Low,Low,Low,Medium-Low
SO00908,2025-10-02,Alpha Industries,South,P003,Electric Motor,Motors,Plant A,Distributor,54,1168.28,63087.12,41040,22047.12,34.95,Delivered,2025,2025-10,Thursday,Low,High,Medium-Low,Medium-Low,Medium-Low,Medium-High
SO00909,2025-07-02,Delta Auto,East,P006,Bearing Unit,Components,Plant A,Distributor,437,210.85,92141.45,54625,37516.45,40.72,Delivered,2025,2025-07,Wednesday,High,Low,Medium-Low,Medium-Low,Medium-High,High
SO00910,2025-03-18,Evergreen Systems,North,P005,Control Panel,Electrical,Plant C,Distributor,394,1050.5,413897.0,267920,145977.0,35.27,Delivered,2025,2025-03,Tuesday,High,High,High,High,High,Medium-High
SO00911,2025-11-21,Horizon Infra,South,P001,Industrial Pump,Pumps,Plant D,Distributor,62,604.79,37496.98,26040,11456.98,30.55,Delivered,2025,2025-11,Friday,Low,Medium-Low,Low,Low,Low,Medium-Low
SO00912,2025-02-13,Delta Auto,South,P001,Industrial Pump,Pumps,Plant D,OEM,184,581.23,106946.32,77280,29666.32,27.74,Delivered,2025,2025-02,Thursday,Medium-Low,Medium-Low,Medium-Low,Medium-High,Medium-Low,Low
SO00913,2025-07-25,Evergreen Systems,South,P003,Electric Motor,Motors,Plant A,Direct,170,1095.91,186304.7,129200,57104.7,30.65,Delivered,2025,2025-07,Friday,Medium-Low,High,Medium-High,Medium-High,Medium-High,Medium-Low
SO00914,2025-02-07,Horizon Infra,North,P006,Bearing Unit,Components,Plant C,Direct,76,188.39,14317.64,9500,4817.64,33.65,Delayed,2025,2025-02,Friday,Low,Low,Low,Low,Low,Medium-Low
SO00915,2025-11-14,Global Machines,East,P005,Control Panel,Electrical,Plant A,Distributor,408,913.71,372793.68,277440,95353.68,25.58,Processing,2025,2025-11,Friday,High,Medium-High,High,High,High,Low
SO00916,2025-01-22,Horizon Infra,North,P004,Gear Assembly,Assemblies,Plant C,Direct,370,733.21,271287.7,199800,71487.7,26.35,Cancelled,2025,2025-01,Wednesday,High,Medium-High,High,High,Medium-High,Low
SO00917,2025-03-14,Bharat Engineering,West,P006,Bearing Unit,Components,Plant C,OEM,279,194.21,54184.59,34875,19309.59,35.64,Delivered,2025,2025-03,Friday,Medium-High,Low,Medium-Low,Medium-Low,Medium-Low,Medium-High
SO00918,2025-08-29,Delta Auto,West,P006,Bearing Unit,Components,Plant B,Direct,416,189.26,78732.16,52000,26732.16,33.95,Delivered,2025,2025-08,Friday,High,Low,Medium-Low,Medium-Low,Medium-Low,Medium-High
SO00919,2025-06-03,Crown Manufacturing,North,P004,Gear Assembly,Assemblies,Plant C,Distributor,133,867.33,115354.89,71820,43534.89,37.74,Delivered,2025,2025-06,Tuesday,Medium-Low,Medium-High,Medium-High,Medium-Low,Medium-High,High
SO00920,2025-08-25,Fusion Tech,East,P002,Hydraulic Valve,Valves,Plant B,OEM,191,276.04,52723.64,35335,17388.64,32.98,Delivered,2025,2025-08,Monday,Medium-Low,Low,Medium-Low,Medium-Low,Low,Medium-Low
SO00921,2025-01-05,Crown Manufacturing,South,P003,Electric Motor,Motors,Plant A,Direct,385,1085.03,417736.55,292600,125136.55,29.96,Delivered,2025,2025-01,Sunday,High,High,High,High,High,Low
SO00922,2025-08-09,Fusion Tech,West,P005,Control Panel,Electrical,Plant A,OEM,401,1038.53,416450.53,272680,143770.53,34.52,Delivered,2025,2025-08,Saturday,High,High,High,High,High,Medium-High
SO00923,2025-11-06,Delta Auto,West,P003,Electric Motor,Motors,Plant D,Distributor,191,1137.32,217228.12,145160,72068.12,33.18,Delivered,2025,2025-11,Thursday,Medium-Low,High,Medium-High,Medium-High,Medium-High,Medium-Low
SO00924,2025-03-27,Global Machines,North,P004,Gear Assembly,Assemblies,Plant B,Direct,45,812.92,36581.4,24300,12281.4,33.57,Delivered,2025,2025-03,Thursday,Low,Medium-High,Low,Low,Low,Medium-Low
SO00925,2025-06-26,Delta Auto,West,P005,Control Panel,Electrical,Plant A,OEM,221,1000.69,221152.49,150280,70872.49,32.05,Delivered,2025,2025-06,Thursday,Medium-Low,High,Medium-High,Medium-High,Medium-High,Medium-Low
SO00926,2025-09-16,Fusion Tech,West,P001,Industrial Pump,Pumps,Plant B,Direct,393,679.75,267141.75,165060,102081.75,38.21,Delivered,2025,2025-09,Tuesday,High,Medium-Low,High,High,High,High
SO00927,2025-08-08,Global Machines,South,P001,Industrial Pump,Pumps,Plant A,Distributor,445,686.1,305314.5,186900,118414.5,38.78,Delivered,2025,2025-08,Friday,High,Medium-Low,High,High,High,High
SO00928,2025-02-07,Alpha Industries,South,P005,Control Panel,Electrical,Plant B,Direct,143,988.36,141335.48,97240,44095.48,31.2,Delivered,2025,2025-02,Friday,Medium-Low,High,Medium-High,Medium-High,Medium-High,Medium-Low
SO00929,2025-05-22,Global Machines,East,P003,Electric Motor,Motors,Plant B,Direct,362,1184.96,428955.52,275120,153835.52,35.86,Processing,2025,2025-05,Thursday,High,High,High,High,High,Medium-High
SO00930,2025-08-23,Delta Auto,West,P003,Electric Motor,Motors,Plant C,OEM,421,1105.53,465428.13,319960,145468.13,31.25,Delivered,2025,2025-08,Saturday,High,High,High,High,High,Medium-Low
SO00931,2025-07-22,Alpha Industries,East,P001,Industrial Pump,Pumps,Plant A,OEM,187,608.05,113705.35,78540,35165.35,30.93,Processing,2025,2025-07,Tuesday,Medium-Low,Medium-Low,Medium-High,Medium-High,Medium-Low,Medium-Low
SO00932,2025-11-25,Alpha Industries,East,P001,Industrial Pump,Pumps,Plant D,Direct,175,686.41,120121.75,73500,46621.75,38.81,Delivered,2025,2025-11,Tuesday,Medium-Low,Medium-Low,Medium-High,Medium-Low,Medium-High,High
SO00933,2025-10-21,Fusion Tech,South,P004,Gear Assembly,Assemblies,Plant C,Distributor,423,800.52,338619.96,228420,110199.96,32.54,Delivered,2025,2025-10,Tuesday,High,Medium-High,High,High,High,Medium-Low
SO00934,2025-06-21,Alpha Industries,South,P005,Control Panel,Electrical,Plant D,OEM,346,1040.0,359840.0,235280,124560.0,34.62,Processing,2025,2025-06,Saturday,High,High,High,High,High,Medium-High
SO00935,2025-05-05,Alpha Industries,North,P003,Electric Motor,Motors,Plant B,OEM,338,994.6,336174.8,256880,79294.8,23.59,Delivered,2025,2025-05,Monday,High,High,High,High,High,Low
SO00936,2025-11-22,Bharat Engineering,South,P004,Gear Assembly,Assemblies,Plant C,Distributor,447,777.2,347408.4,241380,106028.4,30.52,Delivered,2025,2025-11,Saturday,High,Medium-High,High,High,High,Medium-Low
SO00937,2025-03-06,Global Machines,East,P003,Electric Motor,Motors,Plant B,OEM,336,1197.91,402497.76,255360,147137.76,36.56,Delayed,2025,2025-03,Thursday,Medium-High,High,High,High,High,Medium-High
SO00938,2025-10-08,Horizon Infra,West,P001,Industrial Pump,Pumps,Plant A,Distributor,55,604.45,33244.75,23100,10144.75,30.52,Delivered,2025,2025-10,Wednesday,Low,Medium-Low,Low,Low,Low,Medium-Low
SO00939,2025-09-29,Crown Manufacturing,East,P005,Control Panel,Electrical,Plant A,Online,165,1046.94,172745.1,112200,60545.1,35.05,Delivered,2025,2025-09,Monday,Medium-Low,High,Medium-High,Medium-High,Medium-High,Medium-High
SO00940,2025-09-01,Alpha Industries,East,P002,Hydraulic Valve,Valves,Plant D,OEM,410,315.88,129510.8,75850,53660.8,41.43,Processing,2025,2025-09,Monday,High,Medium-Low,Medium-High,Medium-High,Medium-High,High
SO00941,2025-01-15,Horizon Infra,East,P005,Control Panel,Electrical,Plant A,Direct,441,1035.3,456567.3,299880,156687.3,34.32,Delivered,2025,2025-01,Wednesday,High,High,High,High,High,Medium-High
SO00942,2025-08-14,Crown Manufacturing,South,P006,Bearing Unit,Components,Plant D,Direct,437,208.47,91101.39,54625,36476.39,40.04,Delivered,2025,2025-08,Thursday,High,Low,Medium-Low,Medium-Low,Medium-Low,High
SO00943,2025-05-11,Horizon Infra,East,P002,Hydraulic Valve,Valves,Plant B,Direct,245,297.77,72953.65,45325,27628.65,37.87,Delivered,2025,2025-05,Sunday,Medium-High,Medium-Low,Medium-Low,Medium-Low,Medium-Low,High
SO00944,2025-07-14,Alpha Industries,North,P004,Gear Assembly,Assemblies,Plant C,Direct,325,853.68,277446.0,175500,101946.0,36.74,Processing,2025,2025-07,Monday,Medium-High,Medium-High,High,High,High,Medium-High
SO00945,2025-10-20,Crown Manufacturing,West,P002,Hydraulic Valve,Valves,Plant A,Direct,69,305.38,21071.22,12765,8306.22,39.42,Delivered,2025,2025-10,Monday,Low,Medium-Low,Low,Low,Low,High
SO00946,2025-07-28,Delta Auto,South,P002,Hydraulic Valve,Valves,Plant B,Online,14,296.78,4154.92,2590,1564.92,37.66,Delivered,2025,2025-07,Monday,Low,Medium-Low,Low,Low,Low,High
SO00947,2025-04-23,Delta Auto,East,P004,Gear Assembly,Assemblies,Plant C,Distributor,400,871.93,348772.0,216000,132772.0,38.07,Delivered,2025,2025-04,Wednesday,High,Medium-High,High,High,High,High
SO00948,2025-09-01,Crown Manufacturing,North,P005,Control Panel,Electrical,Plant B,Direct,190,996.79,189390.1,129200,60190.1,31.78,Delayed,2025,2025-09,Monday,Medium-Low,High,Medium-High,Medium-High,Medium-High,Medium-Low
SO00949,2025-06-15,Global Machines,West,P004,Gear Assembly,Assemblies,Plant D,Direct,154,870.83,134107.82,83160,50947.82,37.99,Delivered,2025,2025-06,Sunday,Medium-Low,Medium-High,Medium-High,Medium-High,Medium-High,High
SO00950,2025-07-10,Alpha Industries,East,P006,Bearing Unit,Components,Plant B,Direct,324,187.21,60656.04,40500,20156.04,33.23,Processing,2025,2025-07,Thursday,Medium-High,Low,Medium-Low,Medium-Low,Medium-Low,Medium-Low
SO00951,2025-09-14,Bharat Engineering,West,P001,Industrial Pump,Pumps,Plant D,Distributor,274,590.06,161676.44,115080,46596.44,28.82,Delivered,2025,2025-09,Sunday,Medium-High,Medium-Low,Medium-High,Medium-High,Medium-High,Low
SO00952,2025-11-23,Horizon Infra,South,P001,Industrial Pump,Pumps,Plant D,Distributor,232,630.69,146320.08,97440,48880.08,33.41,Delivered,2025,2025-11,Sunday,Medium-High,Medium-Low,Medium-High,Medium-High,Medium-High,Medium-Low
SO00953,2025-08-06,Global Machines,South,P002,Hydraulic Valve,Valves,Plant A,Direct,415,282.31,117158.65,76775,40383.65,34.47,Processing,2025,2025-08,Wednesday,High,Low,Medium-High,Medium-High,Medium-High,Medium-High
SO00954,2025-12-25,Crown Manufacturing,North,P004,Gear Assembly,Assemblies,Plant D,OEM,310,839.6,260276.0,167400,92876.0,35.68,Cancelled,2025,2025-12,Thursday,Medium-High,Medium-High,High,High,High,Medium-High
SO00955,2025-10-02,Global Machines,South,P004,Gear Assembly,Assemblies,Plant D,Distributor,345,738.82,254892.9,186300,68592.9,26.91,Delivered,2025,2025-10,Thursday,High,Medium-High,High,High,Medium-High,Low
SO00956,2025-02-21,Horizon Infra,North,P004,Gear Assembly,Assemblies,Plant B,OEM,246,870.93,214248.78,132840,81408.78,38.0,Delivered,2025,2025-02,Friday,Medium-High,Medium-High,Medium-High,Medium-High,High,High
SO00957,2025-06-07,Evergreen Systems,East,P006,Bearing Unit,Components,Plant D,Direct,22,198.03,4356.66,2750,1606.66,36.88,Delayed,2025,2025-06,Saturday,Low,Low,Low,Low,Low,Medium-High
SO00958,2025-12-29,Bharat Engineering,West,P006,Bearing Unit,Components,Plant D,OEM,348,202.81,70577.88,43500,27077.88,38.37,Delivered,2025,2025-12,Monday,High,Low,Medium-Low,Medium-Low,Medium-Low,High
SO00959,2025-02-24,Horizon Infra,South,P005,Control Panel,Electrical,Plant B,Distributor,277,916.25,253801.25,188360,65441.25,25.78,Delivered,2025,2025-02,Monday,Medium-High,Medium-High,High,High,Medium-High,Low
SO00960,2025-01-14,Evergreen Systems,West,P003,Electric Motor,Motors,Plant C,OEM,429,1115.38,478498.02,326040,152458.02,31.86,Delivered,2025,2025-01,Tuesday,High,High,High,High,High,Medium-Low
SO00961,2025-09-26,Horizon Infra,West,P003,Electric Motor,Motors,Plant A,Distributor,275,998.73,274650.75,209000,65650.75,23.9,Processing,2025,2025-09,Friday,Medium-High,High,High,High,Medium-High,Low
SO00962,2025-12-06,Horizon Infra,East,P003,Electric Motor,Motors,Plant B,OEM,25,1019.13,25478.25,19000,6478.25,25.43,Processing,2025,2025-12,Saturday,Low,High,Low,Low,Low,Low
SO00963,2025-03-31,Crown Manufacturing,East,P005,Control Panel,Electrical,Plant D,Distributor,101,1008.58,101866.58,68680,33186.58,32.58,Delayed,2025,2025-03,Monday,Low,High,Medium-Low,Medium-Low,Medium-Low,Medium-Low
SO00964,2025-01-27,Alpha Industries,South,P004,Gear Assembly,Assemblies,Plant B,OEM,257,743.01,190953.57,138780,52173.57,27.32,Delivered,2025,2025-01,Monday,Medium-High,Medium-High,Medium-High,Medium-High,Medium-High,Low
SO00965,2025-03-30,Global Machines,East,P003,Electric Motor,Motors,Plant C,OEM,28,1038.36,29074.08,21280,7794.08,26.81,Delivered,2025,2025-03,Sunday,Low,High,Low,Low,Low,Low
SO00966,2025-02-10,Global Machines,West,P004,Gear Assembly,Assemblies,Plant B,Online,369,841.26,310424.94,199260,111164.94,35.81,Delivered,2025,2025-02,Monday,High,Medium-High,High,High,High,Medium-High
SO00967,2025-10-31,Evergreen Systems,North,P002,Hydraulic Valve,Valves,Plant B,Distributor,399,265.1,105774.9,73815,31959.9,30.22,Delivered,2025,2025-10,Friday,High,Low,Medium-Low,Medium-Low,Medium-Low,Medium-Low
SO00968,2025-09-25,Global Machines,North,P003,Electric Motor,Motors,Plant B,Direct,397,1083.59,430185.23,301720,128465.23,29.86,Delivered,2025,2025-09,Thursday,High,High,High,High,High,Low
SO00969,2025-05-18,Crown Manufacturing,North,P002,Hydraulic Valve,Valves,Plant B,OEM,423,260.96,110386.08,78255,32131.08,29.11,Delivered,2025,2025-05,Sunday,High,Low,Medium-High,Medium-High,Medium-Low,Low
SO00970,2025-01-06,Bharat Engineering,South,P005,Control Panel,Electrical,Plant D,Distributor,112,930.37,104201.44,76160,28041.44,26.91,Delivered,2025,2025-01,Monday,Low,Medium-High,Medium-Low,Medium-High,Medium-Low,Low
SO00971,2025-08-30,Alpha Industries,East,P001,Industrial Pump,Pumps,Plant B,Distributor,104,662.87,68938.48,43680,25258.48,36.64,Delivered,2025,2025-08,Saturday,Low,Medium-Low,Medium-Low,Medium-Low,Medium-Low,Medium-High
SO00972,2025-06-11,Evergreen Systems,East,P006,Bearing Unit,Components,Plant C,Direct,439,188.58,82786.62,54875,27911.62,33.72,Delivered,2025,2025-06,Wednesday,High,Low,Medium-Low,Medium-Low,Medium-Low,Medium-Low
SO00973,2025-06-29,Global Machines,East,P005,Control Panel,Electrical,Plant B,Distributor,292,1036.51,302660.92,198560,104100.92,34.4,Processing,2025,2025-06,Sunday,Medium-High,High,High,High,High,Medium-High
SO00974,2025-10-24,Crown Manufacturing,East,P005,Control Panel,Electrical,Plant B,Online,438,1040.66,455809.08,297840,157969.08,34.66,Delivered,2025,2025-10,Friday,High,High,High,High,High,Medium-High
SO00975,2025-01-06,Alpha Industries,West,P005,Control Panel,Electrical,Plant D,Distributor,222,882.98,196021.56,150960,45061.56,22.99,Delivered,2025,2025-01,Monday,Medium-Low,Medium-High,Medium-High,Medium-High,Medium-High,Low
SO00976,2025-09-28,Alpha Industries,North,P003,Electric Motor,Motors,Plant D,Distributor,46,1207.52,55545.92,34960,20585.92,37.06,Delivered,2025,2025-09,Sunday,Low,High,Medium-Low,Medium-Low,Medium-Low,Medium-High
SO00977,2025-09-29,Delta Auto,West,P002,Hydraulic Valve,Valves,Plant B,Direct,402,277.15,111414.3,74370,37044.3,33.25,Processing,2025,2025-09,Monday,High,Low,Medium-High,Medium-Low,Medium-Low,Medium-Low
SO00978,2025-06-05,Alpha Industries,South,P006,Bearing Unit,Components,Plant D,Direct,70,188.33,13183.1,8750,4433.1,33.63,Delivered,2025,2025-06,Thursday,Low,Low,Low,Low,Low,Medium-Low
SO00979,2025-03-26,Horizon Infra,North,P003,Electric Motor,Motors,Plant D,Online,300,986.74,296022.0,228000,68022.0,22.98,Delivered,2025,2025-03,Wednesday,Medium-High,High,High,High,Medium-High,Low
SO00980,2025-07-19,Crown Manufacturing,North,P001,Industrial Pump,Pumps,Plant B,Direct,371,625.11,231915.81,155820,76095.81,32.81,Delivered,2025,2025-07,Saturday,High,Medium-Low,Medium-High,Medium-High,High,Medium-Low
SO00981,2025-01-10,Bharat Engineering,West,P006,Bearing Unit,Components,Plant D,Distributor,312,211.25,65910.0,39000,26910.0,40.83,Delivered,2025,2025-01,Friday,Medium-High,Low,Medium-Low,Medium-Low,Medium-Low,High
SO00982,2025-05-18,Fusion Tech,South,P005,Control Panel,Electrical,Plant A,Distributor,253,927.51,234660.03,172040,62620.03,26.69,Processing,2025,2025-05,Sunday,Medium-High,Medium-High,Medium-High,High,Medium-High,Low
SO00983,2025-08-30,Delta Auto,South,P004,Gear Assembly,Assemblies,Plant A,OEM,414,848.35,351216.9,223560,127656.9,36.35,Delivered,2025,2025-08,Saturday,High,Medium-High,High,High,High,Medium-High
SO00984,2025-07-20,Crown Manufacturing,North,P001,Industrial Pump,Pumps,Plant A,Direct,410,665.16,272715.6,172200,100515.6,36.86,Delivered,2025,2025-07,Sunday,High,Medium-Low,High,High,High,Medium-High
SO00985,2025-06-05,Crown Manufacturing,East,P002,Hydraulic Valve,Valves,Plant D,Direct,320,280.26,89683.2,59200,30483.2,33.99,Delivered,2025,2025-06,Thursday,Medium-High,Low,Medium-Low,Medium-Low,Medium-Low,Medium-High
SO00986,2025-10-02,Crown Manufacturing,South,P001,Industrial Pump,Pumps,Plant A,Distributor,353,667.46,235613.38,148260,87353.38,37.07,Delivered,2025,2025-10,Thursday,High,Medium-Low,Medium-High,Medium-High,High,Medium-High
SO00987,2025-08-13,Evergreen Systems,West,P003,Electric Motor,Motors,Plant C,Distributor,360,1196.27,430657.2,273600,157057.2,36.47,Delivered,2025,2025-08,Wednesday,High,High,High,High,High,Medium-High
SO00988,2025-03-09,Global Machines,South,P004,Gear Assembly,Assemblies,Plant A,Direct,15,727.88,10918.2,8100,2818.2,25.81,Delivered,2025,2025-03,Sunday,Low,Medium-High,Low,Low,Low,Low
SO00989,2025-07-03,Evergreen Systems,North,P003,Electric Motor,Motors,Plant C,OEM,386,1054.17,406909.62,293360,113549.62,27.91,Delivered,2025,2025-07,Thursday,High,High,High,High,High,Low
SO00990,2025-07-14,Horizon Infra,East,P006,Bearing Unit,Components,Plant D,Distributor,428,204.26,87423.28,53500,33923.28,38.8,Processing,2025,2025-07,Monday,High,Low,Medium-Low,Medium-Low,Medium-Low,High
SO00991,2025-02-11,Bharat Engineering,South,P005,Control Panel,Electrical,Plant A,Direct,315,960.01,302403.15,214200,88203.15,29.17,Processing,2025,2025-02,Tuesday,Medium-High,Medium-High,High,High,High,Low
SO00992,2025-05-31,Horizon Infra,North,P005,Control Panel,Electrical,Plant C,Direct,174,968.67,168548.58,118320,50228.58,29.8,Delivered,2025,2025-05,Saturday,Medium-Low,High,Medium-High,Medium-High,Medium-High,Low
SO00993,2025-03-25,Crown Manufacturing,South,P001,Industrial Pump,Pumps,Plant D,OEM,22,611.08,13443.76,9240,4203.76,31.27,Delivered,2025,2025-03,Tuesday,Low,Medium-Low,Low,Low,Low,Medium-Low
SO00994,2025-05-14,Global Machines,East,P005,Control Panel,Electrical,Plant A,Direct,34,993.18,33768.12,23120,10648.12,31.53,Delivered,2025,2025-05,Wednesday,Low,High,Low,Low,Low,Medium-Low
SO00995,2025-11-05,Horizon Infra,West,P005,Control Panel,Electrical,Plant B,Direct,233,988.84,230399.72,158440,71959.72,31.23,Delivered,2025,2025-11,Wednesday,Medium-High,High,Medium-High,Medium-High,Medium-High,Medium-Low
SO00996,2025-12-20,Evergreen Systems,North,P006,Bearing Unit,Components,Plant A,Direct,132,209.07,27597.24,16500,11097.24,40.21,Delivered,2025,2025-12,Saturday,Medium-Low,Low,Low,Low,Low,High
SO00997,2025-10-25,Evergreen Systems,North,P002,Hydraulic Valve,Valves,Plant A,Distributor,138,266.31,36750.78,25530,11220.78,30.53,Delayed,2025,2025-10,Saturday,Medium-Low,Low,Low,Low,Low,Medium-Low
SO00998,2025-01-30,Evergreen Systems,East,P002,Hydraulic Valve,Valves,Plant A,OEM,314,287.74,90350.36,58090,32260.36,35.71,Delivered,2025,2025-01,Thursday,Medium-High,Medium-Low,Medium-Low,Medium-Low,Medium-Low,Medium-High
SO00999,2025-01-09,Bharat Engineering,North,P003,Electric Motor,Motors,Plant B,Direct,131,1065.39,139566.09,99560,40006.09,28.66,Delayed,2025,2025-01,Thursday,Medium-Low,High,Medium-High,Medium-High,Medium-High,Low
SO01000,2025-06-19,Bharat Engineering,East,P003,Electric Motor,Motors,Plant C,Direct,44,1095.59,48205.96,33440,14765.96,30.63,Delivered,2025,2025-06,Thursday,Low,High,Low,Medium-Low,Low,Medium-Low
SO01001,2025-10-17,Crown Manufacturing,North,P002,Hydraulic Valve,Valves,Plant C,Direct,92,313.99,28887.08,17020,11867.08,41.08,Delivered,2025,2025-10,Friday,Low,Medium-Low,Low,Low,Low,High
SO01002,2025-06-17,Delta Auto,East,P001,Industrial Pump,Pumps,Plant B,Distributor,318,634.47,201761.46,133560,68201.46,33.8,Delivered,2025,2025-06,Tuesday,Medium-High,Medium-Low,Medium-High,Medium-High,Medium-High,Medium-Low
SO01003,2025-12-10,Horizon Infra,South,P002,Hydraulic Valve,Valves,Plant A,Direct,445,260.42,115886.9,82325,33561.9,28.96,Delivered,2025,2025-12,Wednesday,High,Low,Medium-High,Medium-High,Medium-Low,Low
SO01004,2025-05-25,Crown Manufacturing,South,P003,Electric Motor,Motors,Plant A,OEM,191,1083.9,207024.9,145160,61864.9,29.88,Delivered,2025,2025-05,Sunday,Medium-Low,High,Medium-High,Medium-High,Medium-High,Low
SO01005,2025-08-16,Evergreen Systems,South,P004,Gear Assembly,Assemblies,Plant A,Direct,85,845.75,71888.75,45900,25988.75,36.15,Processing,2025,2025-08,Saturday,Low,Medium-High,Medium-Low,Medium-Low,Medium-Low,Medium-High
SO01006,2025-11-02,Fusion Tech,North,P005,Control Panel,Electrical,Plant C,Direct,113,1015.29,114727.77,76840,37887.77,33.02,Processing,2025,2025-11,Sunday,Low,High,Medium-High,Medium-High,Medium-High,Medium-Low
SO01007,2025-03-17,Horizon Infra,East,P006,Bearing Unit,Components,Plant C,Direct,241,206.36,49732.76,30125,19607.76,39.43,Delivered,2025,2025-03,Monday,Medium-High,Low,Low,Low,Medium-Low,High
SO01008,2025-08-11,Global Machines,East,P004,Gear Assembly,Assemblies,Plant B,OEM,312,753.26,235017.12,168480,66537.12,28.31,Delivered,2025,2025-08,Monday,Medium-High,Medium-High,Medium-High,High,Medium-High,Low
SO01009,2025-06-26,Evergreen Systems,West,P004,Gear Assembly,Assemblies,Plant D,Online,52,788.14,40983.28,28080,12903.28,31.48,Delayed,2025,2025-06,Thursday,Low,Medium-High,Low,Low,Low,Medium-Low
SO01010,2025-07-08,Alpha Industries,South,P005,Control Panel,Electrical,Plant B,OEM,413,972.89,401803.57,280840,120963.57,30.11,Processing,2025,2025-07,Tuesday,High,High,High,High,High,Medium-Low
SO01011,2025-10-29,Fusion Tech,West,P002,Hydraulic Valve,Valves,Plant C,Direct,426,318.59,135719.34,78810,56909.34,41.93,Delivered,2025,2025-10,Wednesday,High,Medium-Low,Medium-High,Medium-High,Medium-High,High
SO01012,2025-02-15,Fusion Tech,South,P001,Industrial Pump,Pumps,Plant A,Direct,102,655.74,66885.48,42840,24045.48,35.95,Delivered,2025,2025-02,Saturday,Low,Medium-Low,Medium-Low,Medium-Low,Medium-Low,Medium-High
SO01013,2025-01-17,Global Machines,West,P004,Gear Assembly,Assemblies,Plant A,Distributor,153,825.27,126266.31,82620,43646.31,34.57,Delivered,2025,2025-01,Friday,Medium-Low,Medium-High,Medium-High,Medium-High,Medium-High,Medium-High
SO01014,2025-03-07,Crown Manufacturing,South,P001,Industrial Pump,Pumps,Plant A,Distributor,263,635.89,167239.07,110460,56779.07,33.95,Delivered,2025,2025-03,Friday,Medium-High,Medium-Low,Medium-High,Medium-High,Medium-High,Medium-High
SO01015,2025-12-26,Evergreen Systems,East,P006,Bearing Unit,Components,Plant A,Distributor,87,199.69,17373.03,10875,6498.03,37.4,Delivered,2025,2025-12,Friday,Low,Low,Low,Low,Low,High
SO01016,2025-09-18,Evergreen Systems,South,P006,Bearing Unit,Components,Plant D,Direct,272,218.94,59551.68,34000,25551.68,42.91,Delivered,2025,2025-09,Thursday,Medium-High,Low,Medium-Low,Medium-Low,Medium-Low,High
SO01017,2025-05-03,Delta Auto,North,P006,Bearing Unit,Components,Plant B,Direct,79,205.59,16241.61,9875,6366.61,39.2,Delivered,2025,2025-05,Saturday,Low,Low,Low,Low,Low,High
SO01018,2025-08-19,Alpha Industries,South,P003,Electric Motor,Motors,Plant B,Direct,158,1208.41,190928.78,120080,70848.78,37.11,Delivered,2025,2025-08,Tuesday,Medium-Low,High,Medium-High,Medium-High,Medium-High,Medium-High
SO01019,2025-05-05,Crown Manufacturing,South,P004,Gear Assembly,Assemblies,Plant C,Online,301,786.85,236841.85,162540,74301.85,31.37,Delivered,2025,2025-05,Monday,Medium-High,Medium-High,Medium-High,High,High,Medium-Low
SO01020,2025-04-22,Bharat Engineering,East,P006,Bearing Unit,Components,Plant B,Distributor,223,187.66,41848.18,27875,13973.18,33.39,Delayed,2025,2025-04,Tuesday,Medium-Low,Low,Low,Low,Low,Medium-Low
SO01021,2025-09-29,Crown Manufacturing,North,P003,Electric Motor,Motors,Plant D,OEM,369,1138.5,420106.5,280440,139666.5,33.25,Cancelled,2025,2025-09,Monday,High,High,High,High,High,Medium-Low
SO01022,2025-03-22,Horizon Infra,East,P006,Bearing Unit,Components,Plant D,Direct,319,186.76,59576.44,39875,19701.44,33.07,Delivered,2025,2025-03,Saturday,Medium-High,Low,Medium-Low,Medium-Low,Medium-Low,Medium-Low
SO01023,2025-09-03,Horizon Infra,West,P002,Hydraulic Valve,Valves,Plant D,OEM,156,274.38,42803.28,28860,13943.28,32.58,Delivered,2025,2025-09,Wednesday,Medium-Low,Low,Low,Low,Low,Medium-Low
SO01024,2025-12-13,Fusion Tech,West,P004,Gear Assembly,Assemblies,Plant A,Distributor,34,770.11,26183.74,18360,7823.74,29.88,Delivered,2025,2025-12,Saturday,Low,Medium-High,Low,Low,Low,Low
SO01025,2025-11-24,Crown Manufacturing,North,P003,Electric Motor,Motors,Plant C,Direct,332,1151.24,382211.68,252320,129891.68,33.98,Delivered,2025,2025-11,Monday,Medium-High,High,High,High,High,Medium-High
SO01026,2025-08-03,Delta Auto,West,P006,Bearing Unit,Components,Plant D,OEM,118,205.56,24256.08,14750,9506.08,39.19,Delivered,2025,2025-08,Sunday,Medium-Low,Low,Low,Low,Low,High
SO01027,2025-12-18,Crown Manufacturing,North,P003,Electric Motor,Motors,Plant B,Distributor,190,992.02,188483.8,144400,44083.8,23.39,Delivered,2025,2025-12,Thursday,Medium-Low,High,Medium-High,Medium-High,Medium-High,Low
SO01028,2025-08-23,Delta Auto,South,P006,Bearing Unit,Components,Plant B,Distributor,260,210.71,54784.6,32500,22284.6,40.68,Delivered,2025,2025-08,Saturday,Medium-High,Low,Medium-Low,Low,Medium-Low,High
SO01029,2025-03-23,Fusion Tech,West,P002,Hydraulic Valve,Valves,Plant B,Online,212,283.87,60180.44,39220,20960.44,34.83,Delivered,2025,2025-03,Sunday,Medium-Low,Low,Medium-Low,Medium-Low,Medium-Low,Medium-High
SO01030,2025-10-21,Delta Auto,South,P001,Industrial Pump,Pumps,Plant D,Direct,313,691.84,216545.92,131460,85085.92,39.29,Delivered,2025,2025-10,Tuesday,Medium-High,Medium-High,Medium-High,Medium-High,High,High
SO01031,2025-11-06,Global Machines,East,P006,Bearing Unit,Components,Plant D,Online,179,205.78,36834.62,22375,14459.62,39.26,Processing,2025,2025-11,Thursday,Medium-Low,Low,Low,Low,Low,High
SO01032,2025-03-17,Global Machines,West,P001,Industrial Pump,Pumps,Plant B,OEM,184,664.17,122207.28,77280,44927.28,36.76,Delivered,2025,2025-03,Monday,Medium-Low,Medium-Low,Medium-High,Medium-High,Medium-High,Medium-High
SO01033,2025-01-15,Horizon Infra,East,P004,Gear Assembly,Assemblies,Plant D,Direct,356,748.26,266380.56,192240,74140.56,27.83,Delivered,2025,2025-01,Wednesday,High,Medium-High,High,High,High,Low
SO01034,2025-08-08,Evergreen Systems,East,P002,Hydraulic Valve,Valves,Plant B,Online,179,304.5,54505.5,33115,21390.5,39.24,Delivered,2025,2025-08,Friday,Medium-Low,Medium-Low,Medium-Low,Medium-Low,Medium-Low,High
SO01035,2025-08-18,Bharat Engineering,North,P004,Gear Assembly,Assemblies,Plant A,OEM,11,829.59,9125.49,5940,3185.49,34.91,Delivered,2025,2025-08,Monday,Low,Medium-High,Low,Low,Low,Medium-High
SO01036,2025-09-22,Fusion Tech,East,P001,Industrial Pump,Pumps,Plant D,Direct,143,689.53,98602.79,60060,38542.79,39.09,Delivered,2025,2025-09,Monday,Medium-Low,Medium-High,Medium-Low,Medium-Low,Medium-High,High
SO01037,2025-09-21,Horizon Infra,North,P002,Hydraulic Valve,Valves,Plant A,Direct,136,261.6,35577.6,25160,10417.6,29.28,Processing,2025,2025-09,Sunday,Medium-Low,Low,Low,Low,Low,Low
SO01038,2025-04-20,Delta Auto,North,P005,Control Panel,Electrical,Plant A,Direct,55,950.11,52256.05,37400,14856.05,28.43,Delivered,2025,2025-04,Sunday,Low,Medium-High,Low,Medium-Low,Low,Low
SO01039,2025-11-03,Alpha Industries,North,P002,Hydraulic Valve,Valves,Plant D,Distributor,203,299.67,60833.01,37555,23278.01,38.27,Processing,2025,2025-11,Monday,Medium-Low,Medium-Low,Medium-Low,Medium-Low,Medium-Low,High
SO01040,2025-07-19,Fusion Tech,North,P002,Hydraulic Valve,Valves,Plant B,OEM,371,265.21,98392.91,68635,29757.91,30.24,Delivered,2025,2025-07,Saturday,High,Low,Medium-Low,Medium-Low,Medium-Low,Medium-Low
SO01041,2025-08-14,Alpha Industries,North,P005,Control Panel,Electrical,Plant C,Distributor,218,942.88,205547.84,148240,57307.84,27.88,Delivered,2025,2025-08,Thursday,Medium-Low,Medium-High,Medium-High,Medium-High,Medium-High,Low
SO01042,2025-07-04,Bharat Engineering,South,P003,Electric Motor,Motors,Plant A,Direct,305,1196.64,364975.2,231800,133175.2,36.49,Delivered,2025,2025-07,Friday,Medium-High,High,High,High,High,Medium-High
SO01043,2025-01-31,Delta Auto,North,P003,Electric Motor,Motors,Plant D,Distributor,67,1083.25,72577.75,50920,21657.75,29.84,Delivered,2025,2025-01,Friday,Low,High,Medium-Low,Medium-Low,Medium-Low,Low
SO01044,2025-04-12,Fusion Tech,West,P003,Electric Motor,Motors,Plant A,OEM,87,1206.33,104950.71,66120,38830.71,37.0,Delivered,2025,2025-04,Saturday,Low,High,Medium-Low,Medium-Low,Medium-High,Medium-High
SO01045,2025-09-16,Fusion Tech,North,P001,Industrial Pump,Pumps,Plant B,Direct,211,579.39,122251.29,88620,33631.29,27.51,Delayed,2025,2025-09,Tuesday,Medium-Low,Medium-Low,Medium-High,Medium-High,Medium-Low,Low
SO01046,2025-04-09,Bharat Engineering,South,P002,Hydraulic Valve,Valves,Plant D,OEM,298,301.95,89981.1,55130,34851.1,38.73,Delivered,2025,2025-04,Wednesday,Medium-High,Medium-Low,Medium-Low,Medium-Low,Medium-Low,High
SO01047,2025-12-05,Evergreen Systems,West,P006,Bearing Unit,Components,Plant C,OEM,71,209.2,14853.2,8875,5978.2,40.25,Delivered,2025,2025-12,Friday,Low,Low,Low,Low,Low,High
SO01048,2025-10-26,Alpha Industries,West,P005,Control Panel,Electrical,Plant D,Direct,277,960.51,266061.27,188360,77701.27,29.2,Processing,2025,2025-10,Sunday,Medium-High,Medium-High,High,High,High,Low
SO01049,2025-10-12,Fusion Tech,South,P006,Bearing Unit,Components,Plant A,Direct,135,225.58,30453.3,16875,13578.3,44.59,Delivered,2025,2025-10,Sunday,Medium-Low,Low,Low,Low,Low,High
SO01050,2025-09-23,Crown Manufacturing,West,P001,Industrial Pump,Pumps,Plant D,Distributor,58,588.85,34153.3,24360,9793.3,28.67,Delivered,2025,2025-09,Tuesday,Low,Medium-Low,Low,Low,Low,Low
SO01051,2025-05-20,Alpha Industries,South,P005,Control Panel,Electrical,Plant D,Online,97,1038.02,100687.94,65960,34727.94,34.49,Delivered,2025,2025-05,Tuesday,Low,High,Medium-Low,Medium-Low,Medium-Low,Medium-High
SO01052,2025-10-29,Horizon Infra,East,P006,Bearing Unit,Components,Plant A,OEM,343,213.83,73343.69,42875,30468.69,41.54,Delivered,2025,2025-10,Wednesday,High,Low,Medium-Low,Medium-Low,Medium-Low,High
SO01053,2025-10-13,Delta Auto,East,P001,Industrial Pump,Pumps,Plant C,Distributor,270,605.67,163530.9,113400,50130.9,30.66,Delivered,2025,2025-10,Monday,Medium-High,Medium-Low,Medium-High,Medium-High,Medium-High,Medium-Low
SO01054,2025-12-16,Bharat Engineering,North,P001,Industrial Pump,Pumps,Plant B,Direct,188,689.22,129573.36,78960,50613.36,39.06,Delivered,2025,2025-12,Tuesday,Medium-Low,Medium-Low,Medium-High,Medium-High,Medium-High,High
SO01055,2025-08-04,Horizon Infra,North,P001,Industrial Pump,Pumps,Plant D,Direct,78,627.81,48969.18,32760,16209.18,33.1,Delivered,2025,2025-08,Monday,Low,Medium-Low,Low,Low,Low,Medium-Low
SO01056,2025-02-01,Alpha Industries,North,P005,Control Panel,Electrical,Plant C,OEM,376,1021.99,384268.24,255680,128588.24,33.46,Delivered,2025,2025-02,Saturday,High,High,High,High,High,Medium-Low
SO01057,2025-10-30,Crown Manufacturing,North,P006,Bearing Unit,Components,Plant B,Direct,425,201.13,85480.25,53125,32355.25,37.85,Delivered,2025,2025-10,Thursday,High,Low,Medium-Low,Medium-Low,Medium-Low,High
SO01058,2025-03-29,Global Machines,South,P006,Bearing Unit,Components,Plant A,Online,442,220.54,97478.68,55250,42228.68,43.32,Delivered,2025,2025-03,Saturday,High,Low,Medium-Low,Medium-Low,Medium-High,High
SO01059,2025-03-04,Crown Manufacturing,East,P004,Gear Assembly,Assemblies,Plant C,Direct,69,815.93,56299.17,37260,19039.17,33.82,Delivered,2025,2025-03,Tuesday,Low,Medium-High,Medium-Low,Medium-Low,Medium-Low,Medium-High
SO01060,2025-10-06,Horizon Infra,South,P001,Industrial Pump,Pumps,Plant C,Direct,311,590.34,183595.74,130620,52975.74,28.85,Delayed,2025,2025-10,Monday,Medium-High,Medium-Low,Medium-High,Medium-High,Medium-High,Low
SO01061,2025-03-15,Bharat Engineering,West,P003,Electric Motor,Motors,Plant D,Direct,258,1131.12,291828.96,196080,95748.96,32.81,Delivered,2025,2025-03,Saturday,Medium-High,High,High,High,High,Medium-Low
SO01062,2025-11-02,Horizon Infra,West,P002,Hydraulic Valve,Valves,Plant A,Direct,178,270.89,48218.42,32930,15288.42,31.71,Processing,2025,2025-11,Sunday,Medium-Low,Low,Low,Low,Low,Medium-Low
SO01063,2025-05-04,Bharat Engineering,West,P004,Gear Assembly,Assemblies,Plant D,Distributor,278,779.53,216709.34,150120,66589.34,30.73,Delivered,2025,2025-05,Sunday,Medium-High,Medium-High,Medium-High,Medium-High,Medium-High,Medium-Low
SO01064,2025-09-26,Global Machines,West,P004,Gear Assembly,Assemblies,Plant A,Direct,373,740.39,276165.47,201420,74745.47,27.07,Delivered,2025,2025-09,Friday,High,Medium-High,High,High,High,Low
SO01065,2025-10-12,Alpha Industries,West,P005,Control Panel,Electrical,Plant B,OEM,121,866.72,104873.12,82280,22593.12,21.54,Delivered,2025,2025-10,Sunday,Medium-Low,Medium-High,Medium-Low,Medium-High,Medium-Low,Low
SO01066,2025-05-01,Delta Auto,East,P004,Gear Assembly,Assemblies,Plant D,Distributor,109,747.13,81437.17,58860,22577.17,27.72,Processing,2025,2025-05,Thursday,Low,Medium-High,Medium-Low,Medium-Low,Medium-Low,Low
SO01067,2025-12-12,Evergreen Systems,South,P006,Bearing Unit,Components,Plant A,Distributor,411,207.33,85212.63,51375,33837.63,39.71,Delivered,2025,2025-12,Friday,High,Low,Medium-Low,Medium-Low,Medium-Low,High
SO01068,2025-07-31,Crown Manufacturing,West,P005,Control Panel,Electrical,Plant A,Distributor,224,956.79,214320.96,152320,62000.96,28.93,Processing,2025,2025-07,Thursday,Medium-Low,Medium-High,Medium-High,Medium-High,Medium-High,Low
SO01069,2025-05-28,Bharat Engineering,North,P005,Control Panel,Electrical,Plant C,Distributor,122,960.69,117204.18,82960,34244.18,29.22,Cancelled,2025,2025-05,Wednesday,Medium-Low,Medium-High,Medium-High,Medium-High,Medium-Low,Low
SO01070,2025-03-19,Evergreen Systems,East,P003,Electric Motor,Motors,Plant D,Direct,106,1041.08,110354.48,80560,29794.48,27.0,Delivered,2025,2025-03,Wednesday,Low,High,Medium-Low,Medium-High,Medium-Low,Low
SO01071,2025-12-31,Horizon Infra,North,P001,Industrial Pump,Pumps,Plant D,OEM,316,661.07,208898.12,132720,76178.12,36.47,Delivered,2025,2025-12,Wednesday,Medium-High,Medium-Low,Medium-High,Medium-High,High,Medium-High
SO01072,2025-01-14,Evergreen Systems,East,P004,Gear Assembly,Assemblies,Plant B,Distributor,127,826.89,105015.03,68580,36435.03,34.7,Delivered,2025,2025-01,Tuesday,Medium-Low,Medium-High,Medium-Low,Medium-Low,Medium-Low,Medium-High
SO01073,2025-05-16,Evergreen Systems,East,P001,Industrial Pump,Pumps,Plant A,Direct,45,618.54,27834.3,18900,8934.3,32.1,Delivered,2025,2025-05,Friday,Low,Medium-Low,Low,Low,Low,Medium-Low
SO01074,2025-10-31,Delta Auto,North,P001,Industrial Pump,Pumps,Plant C,Distributor,346,686.55,237546.3,145320,92226.3,38.82,Delivered,2025,2025-10,Friday,High,Medium-Low,High,Medium-High,High,High
SO01075,2025-10-07,Bharat Engineering,North,P001,Industrial Pump,Pumps,Plant A,Distributor,368,655.72,241304.96,154560,86744.96,35.95,Processing,2025,2025-10,Tuesday,High,Medium-Low,High,Medium-High,High,Medium-High
SO01076,2025-03-20,Horizon Infra,West,P005,Control Panel,Electrical,Plant A,Direct,299,1002.16,299645.84,203320,96325.84,32.15,Delivered,2025,2025-03,Thursday,Medium-High,High,High,High,High,Medium-Low
SO01077,2025-08-31,Crown Manufacturing,North,P001,Industrial Pump,Pumps,Plant A,OEM,405,608.05,246260.25,170100,76160.25,30.93,Delivered,2025,2025-08,Sunday,High,Medium-Low,High,High,High,Medium-Low
SO01078,2025-07-12,Bharat Engineering,South,P004,Gear Assembly,Assemblies,Plant D,Direct,398,712.9,283734.2,214920,68814.2,24.25,Delivered,2025,2025-07,Saturday,High,Medium-High,High,High,Medium-High,Low
SO01079,2025-08-30,Alpha Industries,East,P005,Control Panel,Electrical,Plant A,Distributor,313,1032.01,323019.13,212840,110179.13,34.11,Delayed,2025,2025-08,Saturday,Medium-High,High,High,High,High,Medium-High
SO01080,2025-02-20,Horizon Infra,East,P004,Gear Assembly,Assemblies,Plant B,OEM,369,846.03,312185.07,199260,112925.07,36.17,Delivered,2025,2025-02,Thursday,High,Medium-High,High,High,High,Medium-High
SO01081,2025-08-20,Crown Manufacturing,West,P005,Control Panel,Electrical,Plant C,Direct,356,886.55,315611.8,242080,73531.8,23.3,Delayed,2025,2025-08,Wednesday,High,Medium-High,High,High,High,Low
SO01082,2025-09-16,Horizon Infra,East,P002,Hydraulic Valve,Valves,Plant C,Direct,133,281.67,37462.11,24605,12857.11,34.32,Cancelled,2025,2025-09,Tuesday,Medium-Low,Low,Low,Low,Low,Medium-High
SO01083,2025-08-06,Bharat Engineering,North,P002,Hydraulic Valve,Valves,Plant A,Direct,49,298.62,14632.38,9065,5567.38,38.05,Delivered,2025,2025-08,Wednesday,Low,Medium-Low,Low,Low,Low,High
SO01084,2025-07-25,Crown Manufacturing,East,P002,Hydraulic Valve,Valves,Plant C,Direct,150,298.07,44710.5,27750,16960.5,37.93,Delivered,2025,2025-07,Friday,Medium-Low,Medium-Low,Low,Low,Low,High
SO01085,2025-11-10,Alpha Industries,East,P002,Hydraulic Valve,Valves,Plant A,Direct,35,310.36,10862.6,6475,4387.6,40.39,Delivered,2025,2025-11,Monday,Low,Medium-Low,Low,Low,Low,High
SO01086,2025-11-07,Fusion Tech,North,P005,Control Panel,Electrical,Plant D,OEM,151,889.89,134373.39,102680,31693.39,23.59,Delivered,2025,2025-11,Friday,Medium-Low,Medium-High,Medium-High,Medium-High,Medium-Low,Low
SO01087,2025-04-30,Crown Manufacturing,North,P001,Industrial Pump,Pumps,Plant C,OEM,361,627.89,226668.29,151620,75048.29,33.11,Delivered,2025,2025-04,Wednesday,High,Medium-Low,Medium-High,Medium-High,High,Medium-Low
SO01088,2025-03-21,Fusion Tech,East,P003,Electric Motor,Motors,Plant D,Online,404,1007.38,406981.52,307040,99941.52,24.56,Delivered,2025,2025-03,Friday,High,High,High,High,High,Low
SO01089,2025-02-11,Evergreen Systems,South,P006,Bearing Unit,Components,Plant D,Direct,431,201.16,86699.96,53875,32824.96,37.86,Delivered,2025,2025-02,Tuesday,High,Low,Medium-Low,Medium-Low,Medium-Low,High
SO01090,2025-01-21,Global Machines,North,P003,Electric Motor,Motors,Plant B,OEM,345,988.98,341198.1,262200,78998.1,23.15,Delivered,2025,2025-01,Tuesday,High,High,High,High,High,Low
SO01091,2025-01-10,Horizon Infra,South,P002,Hydraulic Valve,Valves,Plant B,Distributor,66,312.6,20631.6,12210,8421.6,40.82,Delivered,2025,2025-01,Friday,Low,Medium-Low,Low,Low,Low,High
SO01092,2025-11-09,Delta Auto,South,P001,Industrial Pump,Pumps,Plant C,Direct,159,640.52,101842.68,66780,35062.68,34.43,Delivered,2025,2025-11,Sunday,Medium-Low,Medium-Low,Medium-Low,Medium-Low,Medium-Low,Medium-High
SO01093,2025-06-02,Alpha Industries,West,P004,Gear Assembly,Assemblies,Plant A,Distributor,376,850.47,319776.72,203040,116736.72,36.51,Delivered,2025,2025-06,Monday,High,Medium-High,High,High,High,Medium-High
SO01094,2025-11-08,Crown Manufacturing,South,P001,Industrial Pump,Pumps,Plant A,Direct,409,579.79,237134.11,171780,65354.11,27.56,Processing,2025,2025-11,Saturday,High,Medium-Low,High,High,Medium-High,Low
SO01095,2025-10-21,Alpha Industries,West,P004,Gear Assembly,Assemblies,Plant A,OEM,214,749.65,160425.1,115560,44865.1,27.97,Delivered,2025,2025-10,Tuesday,Medium-Low,Medium-High,Medium-High,Medium-High,Medium-High,Low
SO01096,2025-03-27,Evergreen Systems,South,P003,Electric Motor,Motors,Plant A,Distributor,85,1043.7,88714.5,64600,24114.5,27.18,Delivered,2025,2025-03,Thursday,Low,High,Medium-Low,Medium-Low,Medium-Low,Low
SO01097,2025-04-23,Fusion Tech,West,P001,Industrial Pump,Pumps,Plant B,Online,294,622.27,182947.38,123480,59467.38,32.51,Processing,2025,2025-04,Wednesday,Medium-High,Medium-Low,Medium-High,Medium-High,Medium-High,Medium-Low
SO01098,2025-07-08,Delta Auto,North,P001,Industrial Pump,Pumps,Plant A,Online,219,676.37,148125.03,91980,56145.03,37.9,Delayed,2025,2025-07,Tuesday,Medium-Low,Medium-Low,Medium-High,Medium-High,Medium-High,High
SO01099,2025-04-22,Alpha Industries,East,P006,Bearing Unit,Components,Plant A,Online,395,201.04,79410.8,49375,30035.8,37.82,Delivered,2025,2025-04,Tuesday,High,Low,Medium-Low,Medium-Low,Medium-Low,High
SO01100,2025-06-24,Fusion Tech,East,P003,Electric Motor,Motors,Plant D,Direct,447,1031.44,461053.68,339720,121333.68,26.32,Delivered,2025,2025-06,Tuesday,High,High,High,High,High,Low
SO01101,2025-11-06,Evergreen Systems,West,P001,Industrial Pump,Pumps,Plant A,Distributor,267,580.45,154980.15,112140,42840.15,27.64,Delivered,2025,2025-11,Thursday,Medium-High,Medium-Low,Medium-High,Medium-High,Medium-High,Low
SO01102,2025-10-29,Evergreen Systems,North,P004,Gear Assembly,Assemblies,Plant A,OEM,268,725.68,194482.24,144720,49762.24,25.59,Delivered,2025,2025-10,Wednesday,Medium-High,Medium-High,Medium-High,Medium-High,Medium-High,Low
SO01103,2025-01-04,Evergreen Systems,West,P001,Industrial Pump,Pumps,Plant B,Direct,193,670.81,129466.33,81060,48406.33,37.39,Processing,2025,2025-01,Saturday,Medium-Low,Medium-Low,Medium-High,Medium-High,Medium-High,High
SO01104,2025-08-10,Horizon Infra,West,P004,Gear Assembly,Assemblies,Plant C,OEM,337,784.86,264497.82,181980,82517.82,31.2,Delivered,2025,2025-08,Sunday,Medium-High,Medium-High,High,High,High,Medium-Low
SO01105,2025-08-09,Global Machines,North,P002,Hydraulic Valve,Valves,Plant D,Distributor,20,302.44,6048.8,3700,2348.8,38.83,Processing,2025,2025-08,Saturday,Low,Medium-Low,Low,Low,Low,High
SO01106,2025-06-20,Horizon Infra,South,P001,Industrial Pump,Pumps,Plant D,Direct,169,660.7,111658.3,70980,40678.3,36.43,Delivered,2025,2025-06,Friday,Medium-Low,Medium-Low,Medium-High,Medium-Low,Medium-High,Medium-High
SO01107,2025-11-14,Fusion Tech,South,P004,Gear Assembly,Assemblies,Plant C,Distributor,269,734.73,197642.37,145260,52382.37,26.5,Delivered,2025,2025-11,Friday,Medium-High,Medium-High,Medium-High,Medium-High,Medium-High,Low
SO01108,2025-08-01,Crown Manufacturing,North,P003,Electric Motor,Motors,Plant D,OEM,402,1017.61,409079.22,305520,103559.22,25.32,Delivered,2025,2025-08,Friday,High,High,High,High,High,Low
SO01109,2025-09-10,Bharat Engineering,West,P002,Hydraulic Valve,Valves,Plant A,Distributor,97,304.17,29504.49,17945,11559.49,39.18,Delivered,2025,2025-09,Wednesday,Low,Medium-Low,Low,Low,Low,High
SO01110,2025-05-04,Alpha Industries,East,P001,Industrial Pump,Pumps,Plant A,Distributor,378,665.76,251657.28,158760,92897.28,36.91,Delivered,2025,2025-05,Sunday,High,Medium-Low,High,Medium-High,High,Medium-High
SO01111,2025-05-08,Global Machines,West,P006,Bearing Unit,Components,Plant C,Distributor,193,200.68,38731.24,24125,14606.24,37.71,Delivered,2025,2025-05,Thursday,Medium-Low,Low,Low,Low,Low,High
SO01112,2025-08-01,Bharat Engineering,South,P004,Gear Assembly,Assemblies,Plant B,Distributor,25,725.34,18133.5,13500,4633.5,25.55,Delivered,2025,2025-08,Friday,Low,Medium-High,Low,Low,Low,Low
SO01113,2025-04-22,Evergreen Systems,North,P006,Bearing Unit,Components,Plant B,Direct,253,185.31,46883.43,31625,15258.43,32.55,Processing,2025,2025-04,Tuesday,Medium-High,Low,Low,Low,Low,Medium-Low
SO01114,2025-03-26,Bharat Engineering,North,P001,Industrial Pump,Pumps,Plant D,Direct,95,609.46,57898.7,39900,17998.7,31.09,Delivered,2025,2025-03,Wednesday,Low,Medium-Low,Medium-Low,Medium-Low,Low,Medium-Low
SO01115,2025-01-04,Fusion Tech,North,P004,Gear Assembly,Assemblies,Plant B,Direct,208,714.29,148572.32,112320,36252.32,24.4,Processing,2025,2025-01,Saturday,Medium-Low,Medium-High,Medium-High,Medium-High,Medium-Low,Low
SO01116,2025-03-06,Horizon Infra,South,P001,Industrial Pump,Pumps,Plant B,Direct,19,601.91,11436.29,7980,3456.29,30.22,Delivered,2025,2025-03,Thursday,Low,Medium-Low,Low,Low,Low,Medium-Low
SO01117,2025-11-14,Evergreen Systems,West,P002,Hydraulic Valve,Valves,Plant B,Direct,173,284.35,49192.55,32005,17187.55,34.94,Processing,2025,2025-11,Friday,Medium-Low,Low,Low,Low,Low,Medium-High
SO01118,2025-12-12,Horizon Infra,North,P002,Hydraulic Valve,Valves,Plant B,Distributor,33,266.76,8803.08,6105,2698.08,30.65,Cancelled,2025,2025-12,Friday,Low,Low,Low,Low,Low,Medium-Low
SO01119,2025-04-30,Global Machines,East,P001,Industrial Pump,Pumps,Plant B,Distributor,73,585.56,42745.88,30660,12085.88,28.27,Delivered,2025,2025-04,Wednesday,Low,Medium-Low,Low,Low,Low,Low
SO01120,2025-08-31,Evergreen Systems,North,P001,Industrial Pump,Pumps,Plant B,Direct,321,688.54,221021.34,134820,86201.34,39.0,Processing,2025,2025-08,Sunday,Medium-High,Medium-Low,Medium-High,Medium-High,High,High
SO01121,2025-05-17,Delta Auto,West,P005,Control Panel,Electrical,Plant B,Direct,247,977.15,241356.05,167960,73396.05,30.41,Delivered,2025,2025-05,Saturday,Medium-High,High,High,High,High,Medium-Low
SO01122,2025-09-04,Delta Auto,South,P001,Industrial Pump,Pumps,Plant D,Direct,354,693.48,245491.92,148680,96811.92,39.44,Processing,2025,2025-09,Thursday,High,Medium-High,High,Medium-High,High,High
SO01123,2025-02-14,Global Machines,East,P001,Industrial Pump,Pumps,Plant A,Direct,247,616.96,152389.12,103740,48649.12,31.92,Delivered,2025,2025-02,Friday,Medium-High,Medium-Low,Medium-High,Medium-High,Medium-High,Medium-Low
SO01124,2025-05-26,Fusion Tech,East,P006,Bearing Unit,Components,Plant B,Direct,31,213.24,6610.44,3875,2735.44,41.38,Delivered,2025,2025-05,Monday,Low,Low,Low,Low,Low,High
SO01125,2025-06-25,Fusion Tech,North,P006,Bearing Unit,Components,Plant A,Distributor,189,193.4,36552.6,23625,12927.6,35.37,Delivered,2025,2025-06,Wednesday,Medium-Low,Low,Low,Low,Low,Medium-High
SO01126,2025-02-11,Bharat Engineering,West,P002,Hydraulic Valve,Valves,Plant C,Direct,315,296.08,93265.2,58275,34990.2,37.52,Delivered,2025,2025-02,Tuesday,Medium-High,Medium-Low,Medium-Low,Medium-Low,Medium-Low,High
SO01127,2025-10-24,Global Machines,North,P006,Bearing Unit,Components,Plant A,Distributor,56,190.24,10653.44,7000,3653.44,34.29,Delivered,2025,2025-10,Friday,Low,Low,Low,Low,Low,Medium-High
SO01128,2025-03-30,Horizon Infra,East,P001,Industrial Pump,Pumps,Plant C,Online,288,572.27,164813.76,120960,43853.76,26.61,Cancelled,2025,2025-03,Sunday,Medium-High,Medium-Low,Medium-High,Medium-High,Medium-High,Low
SO01129,2025-08-06,Alpha Industries,North,P003,Electric Motor,Motors,Plant D,Direct,233,1194.26,278262.58,177080,101182.58,36.36,Processing,2025,2025-08,Wednesday,Medium-High,High,High,High,High,Medium-High
SO01130,2025-08-16,Global Machines,West,P001,Industrial Pump,Pumps,Plant A,Direct,227,644.14,146219.78,95340,50879.78,34.8,Delivered,2025,2025-08,Saturday,Medium-High,Medium-Low,Medium-High,Medium-High,Medium-High,Medium-High
SO01131,2025-10-25,Bharat Engineering,South,P005,Control Panel,Electrical,Plant C,Direct,246,1044.08,256843.68,167280,89563.68,34.87,Processing,2025,2025-10,Saturday,Medium-High,High,High,High,High,Medium-High
SO01132,2025-10-18,Fusion Tech,East,P004,Gear Assembly,Assemblies,Plant A,Direct,213,766.88,163345.44,115020,48325.44,29.58,Processing,2025,2025-10,Saturday,Medium-Low,Medium-High,Medium-High,Medium-High,Medium-High,Low
SO01133,2025-03-08,Alpha Industries,West,P002,Hydraulic Valve,Valves,Plant D,Direct,348,278.94,97071.12,64380,32691.12,33.68,Delivered,2025,2025-03,Saturday,High,Low,Medium-Low,Medium-Low,Medium-Low,Medium-Low
SO01134,2025-09-08,Global Machines,North,P006,Bearing Unit,Components,Plant A,OEM,28,201.63,5645.64,3500,2145.64,38.01,Delivered,2025,2025-09,Monday,Low,Low,Low,Low,Low,High
SO01135,2025-02-10,Bharat Engineering,East,P003,Electric Motor,Motors,Plant C,Direct,189,1143.75,216168.75,143640,72528.75,33.55,Delivered,2025,2025-02,Monday,Medium-Low,High,Medium-High,Medium-High,Medium-High,Medium-Low
SO01136,2025-04-09,Crown Manufacturing,North,P004,Gear Assembly,Assemblies,Plant B,OEM,171,804.46,137562.66,92340,45222.66,32.87,Processing,2025,2025-04,Wednesday,Medium-Low,Medium-High,Medium-High,Medium-High,Medium-High,Medium-Low
SO01137,2025-11-02,Horizon Infra,North,P003,Electric Motor,Motors,Plant B,Direct,294,1192.88,350706.72,223440,127266.72,36.29,Processing,2025,2025-11,Sunday,Medium-High,High,High,High,High,Medium-High
SO01138,2025-12-26,Crown Manufacturing,South,P002,Hydraulic Valve,Valves,Plant B,OEM,70,261.1,18277.0,12950,5327.0,29.15,Delivered,2025,2025-12,Friday,Low,Low,Low,Low,Low,Low
SO01139,2025-12-08,Horizon Infra,North,P006,Bearing Unit,Components,Plant D,Online,94,214.54,20166.76,11750,8416.76,41.74,Delivered,2025,2025-12,Monday,Low,Low,Low,Low,Low,High
SO01140,2025-03-20,Alpha Industries,North,P005,Control Panel,Electrical,Plant B,Direct,44,927.14,40794.16,29920,10874.16,26.66,Processing,2025,2025-03,Thursday,Low,Medium-High,Low,Low,Low,Low
SO01141,2025-10-28,Delta Auto,West,P002,Hydraulic Valve,Valves,Plant D,Direct,14,270.23,3783.22,2590,1193.22,31.54,Delayed,2025,2025-10,Tuesday,Low,Low,Low,Low,Low,Medium-Low
SO01142,2025-07-18,Horizon Infra,North,P003,Electric Motor,Motors,Plant B,Distributor,85,1099.93,93494.05,64600,28894.05,30.9,Processing,2025,2025-07,Friday,Low,High,Medium-Low,Medium-Low,Medium-Low,Medium-Low
SO01143,2025-05-27,Alpha Industries,South,P003,Electric Motor,Motors,Plant D,OEM,262,1098.73,287867.26,199120,88747.26,30.83,Delivered,2025,2025-05,Tuesday,Medium-High,High,High,High,High,Medium-Low
SO01144,2025-04-16,Bharat Engineering,North,P002,Hydraulic Valve,Valves,Plant D,Direct,16,267.68,4282.88,2960,1322.88,30.89,Delivered,2025,2025-04,Wednesday,Low,Low,Low,Low,Low,Medium-Low
SO01145,2025-07-12,Evergreen Systems,North,P001,Industrial Pump,Pumps,Plant A,Direct,178,598.25,106488.5,74760,31728.5,29.8,Delivered,2025,2025-07,Saturday,Medium-Low,Medium-Low,Medium-Low,Medium-High,Medium-Low,Low
SO01146,2025-05-02,Crown Manufacturing,North,P002,Hydraulic Valve,Valves,Plant B,Direct,139,283.68,39431.52,25715,13716.52,34.79,Delivered,2025,2025-05,Friday,Medium-Low,Low,Low,Low,Low,Medium-High
SO01147,2025-03-18,Evergreen Systems,East,P006,Bearing Unit,Components,Plant A,Direct,147,201.97,29689.59,18375,11314.59,38.11,Processing,2025,2025-03,Tuesday,Medium-Low,Low,Low,Low,Low,High
SO01148,2025-11-08,Crown Manufacturing,South,P006,Bearing Unit,Components,Plant C,OEM,367,198.14,72717.38,45875,26842.38,36.91,Delivered,2025,2025-11,Saturday,High,Low,Medium-Low,Medium-Low,Medium-Low,Medium-High
SO01149,2025-04-22,Bharat Engineering,East,P005,Control Panel,Electrical,Plant B,Online,309,891.51,275476.59,210120,65356.59,23.72,Processing,2025,2025-04,Tuesday,Medium-High,Medium-High,High,High,Medium-High,Low
SO01150,2025-12-15,Crown Manufacturing,South,P002,Hydraulic Valve,Valves,Plant B,Direct,335,259.86,87053.1,61975,25078.1,28.81,Delivered,2025,2025-12,Monday,Medium-High,Low,Medium-Low,Medium-Low,Medium-Low,Low
SO01151,2025-10-24,Alpha Industries,South,P004,Gear Assembly,Assemblies,Plant B,Direct,100,869.98,86998.0,54000,32998.0,37.93,Processing,2025,2025-10,Friday,Low,Medium-High,Medium-Low,Medium-Low,Medium-Low,High
SO01152,2025-06-19,Evergreen Systems,West,P006,Bearing Unit,Components,Plant B,Direct,172,224.43,38601.96,21500,17101.96,44.3,Delivered,2025,2025-06,Thursday,Medium-Low,Low,Low,Low,Low,High
SO01153,2025-01-06,Fusion Tech,East,P006,Bearing Unit,Components,Plant A,OEM,327,205.11,67070.97,40875,26195.97,39.06,Delivered,2025,2025-01,Monday,Medium-High,Low,Medium-Low,Medium-Low,Medium-Low,High
SO01154,2025-07-16,Evergreen Systems,South,P006,Bearing Unit,Components,Plant A,OEM,262,226.59,59366.58,32750,26616.58,44.83,Delivered,2025,2025-07,Wednesday,Medium-High,Low,Medium-Low,Low,Medium-Low,High
SO01155,2025-04-08,Bharat Engineering,South,P001,Industrial Pump,Pumps,Plant D,Direct,210,659.58,138511.8,88200,50311.8,36.32,Delivered,2025,2025-04,Tuesday,Medium-Low,Medium-Low,Medium-High,Medium-High,Medium-High,Medium-High
SO01156,2025-11-25,Fusion Tech,West,P004,Gear Assembly,Assemblies,Plant A,Distributor,29,723.95,20994.55,15660,5334.55,25.41,Delayed,2025,2025-11,Tuesday,Low,Medium-High,Low,Low,Low,Low
SO01157,2025-08-18,Evergreen Systems,East,P002,Hydraulic Valve,Valves,Plant D,OEM,238,266.55,63438.9,44030,19408.9,30.59,Delivered,2025,2025-08,Monday,Medium-High,Low,Medium-Low,Medium-Low,Medium-Low,Medium-Low
SO01158,2025-06-17,Horizon Infra,North,P001,Industrial Pump,Pumps,Plant C,Direct,172,691.09,118867.48,72240,46627.48,39.23,Delivered,2025,2025-06,Tuesday,Medium-Low,Medium-High,Medium-High,Medium-Low,Medium-High,High
SO01159,2025-10-24,Global Machines,West,P006,Bearing Unit,Components,Plant A,Direct,174,211.26,36759.24,21750,15009.24,40.83,Processing,2025,2025-10,Friday,Medium-Low,Low,Low,Low,Low,High
SO01160,2025-09-22,Horizon Infra,South,P004,Gear Assembly,Assemblies,Plant D,Direct,241,849.4,204705.4,130140,74565.4,36.43,Processing,2025,2025-09,Monday,Medium-High,Medium-High,Medium-High,Medium-High,High,Medium-High
SO01161,2025-01-08,Bharat Engineering,East,P004,Gear Assembly,Assemblies,Plant B,Direct,337,858.32,289253.84,181980,107273.84,37.09,Delivered,2025,2025-01,Wednesday,Medium-High,Medium-High,High,High,High,Medium-High
SO01162,2025-06-21,Global Machines,South,P001,Industrial Pump,Pumps,Plant C,Direct,247,630.23,155666.81,103740,51926.81,33.36,Delayed,2025,2025-06,Saturday,Medium-High,Medium-Low,Medium-High,Medium-High,Medium-High,Medium-Low
SO01163,2025-12-26,Delta Auto,West,P006,Bearing Unit,Components,Plant D,OEM,129,186.84,24102.36,16125,7977.36,33.1,Delivered,2025,2025-12,Friday,Medium-Low,Low,Low,Low,Low,Medium-Low
SO01164,2025-07-14,Alpha Industries,West,P001,Industrial Pump,Pumps,Plant C,Distributor,447,596.48,266626.56,187740,78886.56,29.59,Delivered,2025,2025-07,Monday,High,Medium-Low,High,High,High,Low
SO01165,2025-09-26,Horizon Infra,East,P003,Electric Motor,Motors,Plant B,Direct,360,1000.51,360183.6,273600,86583.6,24.04,Delivered,2025,2025-09,Friday,High,High,High,High,High,Low
SO01166,2025-01-19,Crown Manufacturing,West,P006,Bearing Unit,Components,Plant B,Direct,392,192.73,75550.16,49000,26550.16,35.14,Delivered,2025,2025-01,Sunday,High,Low,Medium-Low,Medium-Low,Medium-Low,Medium-High
SO01167,2025-12-20,Global Machines,West,P001,Industrial Pump,Pumps,Plant D,Online,378,625.37,236389.86,158760,77629.86,32.84,Delivered,2025,2025-12,Saturday,High,Medium-Low,Medium-High,Medium-High,High,Medium-Low
SO01168,2025-12-18,Crown Manufacturing,North,P002,Hydraulic Valve,Valves,Plant D,Direct,116,266.57,30922.12,21460,9462.12,30.6,Delivered,2025,2025-12,Thursday,Medium-Low,Low,Low,Low,Low,Medium-Low
SO01169,2025-02-18,Crown Manufacturing,South,P006,Bearing Unit,Components,Plant B,Direct,259,191.8,49676.2,32375,17301.2,34.83,Delivered,2025,2025-02,Tuesday,Medium-High,Low,Low,Low,Low,Medium-High
SO01170,2025-12-22,Delta Auto,North,P005,Control Panel,Electrical,Plant D,Direct,345,949.78,327674.1,234600,93074.1,28.4,Processing,2025,2025-12,Monday,High,Medium-High,High,High,High,Low
SO01171,2025-12-04,Alpha Industries,North,P006,Bearing Unit,Components,Plant B,Online,293,199.09,58333.37,36625,21708.37,37.21,Delivered,2025,2025-12,Thursday,Medium-High,Low,Medium-Low,Medium-Low,Medium-Low,High
SO01172,2025-06-07,Evergreen Systems,East,P003,Electric Motor,Motors,Plant A,Direct,207,1090.36,225704.52,157320,68384.52,30.3,Cancelled,2025,2025-06,Saturday,Medium-Low,High,Medium-High,Medium-High,Medium-High,Medium-Low
SO01173,2025-03-07,Global Machines,West,P001,Industrial Pump,Pumps,Plant D,Direct,425,627.79,266810.75,178500,88310.75,33.1,Processing,2025,2025-03,Friday,High,Medium-Low,High,High,High,Medium-Low
SO01174,2025-12-13,Evergreen Systems,South,P005,Control Panel,Electrical,Plant C,Distributor,229,988.72,226416.88,155720,70696.88,31.22,Delivered,2025,2025-12,Saturday,Medium-High,High,Medium-High,Medium-High,Medium-High,Medium-Low
SO01175,2025-02-28,Horizon Infra,South,P003,Electric Motor,Motors,Plant B,Direct,404,1195.53,482994.12,307040,175954.12,36.43,Delivered,2025,2025-02,Friday,High,High,High,High,High,Medium-High
SO01176,2025-11-05,Alpha Industries,South,P002,Hydraulic Valve,Valves,Plant A,OEM,435,265.96,115692.6,80475,35217.6,30.44,Delivered,2025,2025-11,Wednesday,High,Low,Medium-High,Medium-High,Medium-Low,Medium-Low
SO01177,2025-11-04,Fusion Tech,West,P006,Bearing Unit,Components,Plant D,Distributor,160,188.97,30235.2,20000,10235.2,33.85,Processing,2025,2025-11,Tuesday,Medium-Low,Low,Low,Low,Low,Medium-High
SO01178,2025-12-03,Alpha Industries,South,P005,Control Panel,Electrical,Plant B,Direct,295,1029.55,303717.25,200600,103117.25,33.95,Delivered,2025,2025-12,Wednesday,Medium-High,High,High,High,High,Medium-High
SO01179,2025-06-08,Crown Manufacturing,South,P001,Industrial Pump,Pumps,Plant A,Direct,274,637.83,174765.42,115080,59685.42,34.15,Delivered,2025,2025-06,Sunday,Medium-High,Medium-Low,Medium-High,Medium-High,Medium-High,Medium-High
SO01180,2025-09-28,Evergreen Systems,West,P001,Industrial Pump,Pumps,Plant D,Distributor,229,671.63,153803.27,96180,57623.27,37.47,Delayed,2025,2025-09,Sunday,Medium-High,Medium-Low,Medium-High,Medium-High,Medium-High,High
SO01181,2025-05-01,Alpha Industries,East,P002,Hydraulic Valve,Valves,Plant B,Direct,225,272.31,61269.75,41625,19644.75,32.06,Delivered,2025,2025-05,Thursday,Medium-High,Low,Medium-Low,Medium-Low,Medium-Low,Medium-Low
SO01182,2025-09-11,Evergreen Systems,South,P003,Electric Motor,Motors,Plant B,OEM,324,1171.27,379491.48,246240,133251.48,35.11,Delivered,2025,2025-09,Thursday,Medium-High,High,High,High,High,Medium-High
SO01183,2025-09-18,Alpha Industries,West,P005,Control Panel,Electrical,Plant B,Distributor,165,1043.47,172172.55,112200,59972.55,34.83,Delivered,2025,2025-09,Thursday,Medium-Low,High,Medium-High,Medium-High,Medium-High,Medium-High
SO01184,2025-05-15,Bharat Engineering,North,P002,Hydraulic Valve,Valves,Plant D,Distributor,225,297.09,66845.25,41625,25220.25,37.73,Processing,2025,2025-05,Thursday,Medium-High,Medium-Low,Medium-Low,Medium-Low,Medium-Low,High
SO01185,2025-10-01,Horizon Infra,West,P003,Electric Motor,Motors,Plant A,OEM,344,1009.32,347206.08,261440,85766.08,24.7,Delayed,2025,2025-10,Wednesday,High,High,High,High,High,Low
SO01186,2025-02-25,Global Machines,North,P004,Gear Assembly,Assemblies,Plant B,Direct,368,857.84,315685.12,198720,116965.12,37.05,Delivered,2025,2025-02,Tuesday,High,Medium-High,High,High,High,Medium-High
SO01187,2025-11-27,Crown Manufacturing,West,P004,Gear Assembly,Assemblies,Plant A,Distributor,123,841.18,103465.14,66420,37045.14,35.8,Delivered,2025,2025-11,Thursday,Medium-Low,Medium-High,Medium-Low,Medium-Low,Medium-Low,Medium-High
SO01188,2025-04-06,Alpha Industries,South,P003,Electric Motor,Motors,Plant A,Online,170,1153.8,196146.0,129200,66946.0,34.13,Processing,2025,2025-04,Sunday,Medium-Low,High,Medium-High,Medium-High,Medium-High,Medium-High
SO01189,2025-04-24,Delta Auto,East,P001,Industrial Pump,Pumps,Plant C,OEM,312,576.77,179952.24,131040,48912.24,27.18,Processing,2025,2025-04,Thursday,Medium-High,Medium-Low,Medium-High,Medium-High,Medium-High,Low
SO01190,2025-12-23,Alpha Industries,East,P001,Industrial Pump,Pumps,Plant A,Distributor,107,675.87,72318.09,44940,27378.09,37.86,Processing,2025,2025-12,Tuesday,Low,Medium-Low,Medium-Low,Medium-Low,Medium-Low,High
SO01191,2025-01-28,Bharat Engineering,South,P004,Gear Assembly,Assemblies,Plant A,Online,415,735.15,305087.25,224100,80987.25,26.55,Delivered,2025,2025-01,Tuesday,High,Medium-High,High,High,High,Low
SO01192,2025-11-02,Horizon Infra,North,P001,Industrial Pump,Pumps,Plant A,Direct,166,600.91,99751.06,69720,30031.06,30.11,Delayed,2025,2025-11,Sunday,Medium-Low,Medium-Low,Medium-Low,Medium-Low,Medium-Low,Medium-Low
SO01193,2025-01-02,Delta Auto,West,P001,Industrial Pump,Pumps,Plant A,Distributor,171,647.03,110642.13,71820,38822.13,35.09,Delivered,2025,2025-01,Thursday,Medium-Low,Medium-Low,Medium-High,Medium-Low,Medium-High,Medium-High
SO01194,2025-07-31,Delta Auto,South,P003,Electric Motor,Motors,Plant A,Direct,51,1044.96,53292.96,38760,14532.96,27.27,Delivered,2025,2025-07,Thursday,Low,High,Medium-Low,Medium-Low,Low,Low
SO01195,2025-03-09,Horizon Infra,West,P006,Bearing Unit,Components,Plant D,Online,189,212.58,40177.62,23625,16552.62,41.2,Delivered,2025,2025-03,Sunday,Medium-Low,Low,Low,Low,Low,High
SO01196,2025-05-08,Alpha Industries,South,P003,Electric Motor,Motors,Plant C,Direct,312,1121.81,350004.72,237120,112884.72,32.25,Delivered,2025,2025-05,Thursday,Medium-High,High,High,High,High,Medium-Low
SO01197,2025-11-29,Bharat Engineering,South,P001,Industrial Pump,Pumps,Plant B,Direct,339,586.06,198674.34,142380,56294.34,28.33,Processing,2025,2025-11,Saturday,High,Medium-Low,Medium-High,Medium-High,Medium-High,Low
SO01198,2025-01-24,Delta Auto,West,P003,Electric Motor,Motors,Plant C,OEM,60,1132.55,67953.0,45600,22353.0,32.89,Delivered,2025,2025-01,Friday,Low,High,Medium-Low,Medium-Low,Medium-Low,Medium-Low
SO01199,2025-09-10,Global Machines,East,P005,Control Panel,Electrical,Plant C,Direct,261,1043.5,272353.5,177480,94873.5,34.83,Processing,2025,2025-09,Wednesday,Medium-High,High,High,High,High,Medium-High
SO01200,2025-08-18,Crown Manufacturing,East,P004,Gear Assembly,Assemblies,Plant B,Direct,438,738.9,323638.2,236520,87118.2,26.92,Delivered,2025,2025-08,Monday,High,Medium-High,High,High,High,Low
