Inspection_ID,Date,Plant,Product_ID,Product_Name,Category,Inspector_ID,Units_Inspected,Defect_Units,Pass_Rate_Pct,Defect_Type,Severity,Inspection_Result,Date_year,Date_month,Date_day_of_week,Units_Inspected_group,Defect_Units_group,Pass_Rate_Pct_group
QI00001,2025-11-03,Plant D,P004,Gear Assembly,Assemblies,E1008,983,45,95.42,Electrical,High,Fail,2025,2025-11,Monday,High,High,Medium-Low
QI00002,2025-07-16,Plant A,P005,Control Panel,Electrical,E1008,484,28,94.21,Dimensional,High,Fail,2025,2025-07,Wednesday,Medium-Low,Medium-High,Low
QI00003,2025-08-16,Plant A,P003,Electric Motor,Motors,E1011,962,40,95.84,,Low,Fail,2025,2025-08,Saturday,High,High,Medium-Low
QI00004,2025-09-28,Plant A,P001,Industrial Pump,Pumps,E1005,535,25,95.33,,Low,Fail,2025,2025-09,Sunday,Medium-High,Medium-High,Medium-Low
QI00005,2025-07-18,Plant A,P002,Hydraulic Valve,Valves,E1008,268,16,94.03,,Low,Fail,2025,2025-07,Friday,Low,Medium-Low,Low
QI00006,2025-11-21,Plant B,P003,Electric Motor,Motors,E1009,260,2,99.23,Material,Medium,Pass,2025,2025-11,Friday,Low,Low,High
QI00007,2025-01-15,Plant A,P002,Hydraulic Valve,Valves,E1017,866,55,93.65,Material,Medium,Fail,2025,2025-01,Wednesday,High,High,Low
QI00008,2025-10-13,Plant A,P003,Electric Motor,Motors,E1005,545,21,96.15,Assembly,Low,Pass,2025,2025-10,Monday,Medium-High,Medium-High,Medium-Low
QI00009,2025-11-30,Plant A,P003,Electric Motor,Motors,E1019,710,42,94.08,Dimensional,Low,Fail,2025,2025-11,Sunday,Medium-High,High,Low
QI00010,2025-08-04,Plant A,P003,Electric Motor,Motors,E1019,281,11,96.09,,Low,Pass,2025,2025-08,Monday,Medium-Low,Medium-Low,Medium-Low
QI00011,2025-02-04,Plant B,P001,Industrial Pump,Pumps,E1002,649,39,93.99,,High,Fail,2025,2025-02,Tuesday,Medium-High,High,Low
QI00012,2025-03-10,Plant A,P002,Hydraulic Valve,Valves,E1019,969,16,98.35,Material,High,Pass,2025,2025-03,Monday,High,Medium-Low,High
QI00013,2025-07-31,Plant C,P004,Gear Assembly,Assemblies,E1015,772,38,95.08,,Low,Fail,2025,2025-07,Thursday,High,High,Medium-Low
QI00014,2025-02-15,Plant D,P004,Gear Assembly,Assemblies,E1008,784,33,95.79,Assembly,Low,Fail,2025,2025-02,Saturday,High,High,Medium-Low
QI00015,2025-09-05,Plant C,P006,Bearing Unit,Components,E1008,857,47,94.52,Electrical,Low,Fail,2025,2025-09,Friday,High,High,Low
QI00016,2025-03-26,Plant B,P005,Control Panel,Electrical,E1001,197,11,94.42,,High,Fail,2025,2025-03,Wednesday,Low,Medium-Low,Low
QI00017,2025-02-17,Plant B,P001,Industrial Pump,Pumps,E1014,256,3,98.83,Electrical,High,Pass,2025,2025-02,Monday,Low,Low,High
QI00018,2025-08-19,Plant B,P006,Bearing Unit,Components,E1011,409,13,96.82,Assembly,Low,Pass,2025,2025-08,Tuesday,Medium-Low,Medium-Low,Medium-High
QI00019,2025-03-08,Plant D,P006,Bearing Unit,Components,E1007,468,7,98.5,Electrical,Low,Pass,2025,2025-03,Saturday,Medium-Low,Low,High
QI00020,2025-03-30,Plant A,P001,Industrial Pump,Pumps,E1018,993,64,93.55,Assembly,Low,Fail,2025,2025-03,Sunday,High,High,Low
QI00021,2025-08-07,Plant B,P001,Industrial Pump,Pumps,E1015,788,47,94.04,Material,Medium,Fail,2025,2025-08,Thursday,High,High,Low
QI00022,2025-02-21,Plant A,P003,Electric Motor,Motors,E1010,466,6,98.71,Assembly,Medium,Pass,2025,2025-02,Friday,Medium-Low,Low,High
QI00023,2025-01-22,Plant B,P001,Industrial Pump,Pumps,E1004,921,76,91.75,Electrical,Medium,Fail,2025,2025-01,Wednesday,High,High,Low
QI00024,2025-04-09,Plant D,P004,Gear Assembly,Assemblies,E1001,745,10,98.66,Surface,High,Pass,2025,2025-04,Wednesday,Medium-High,Medium-Low,High
QI00025,2025-05-11,Plant C,P001,Industrial Pump,Pumps,E1014,602,22,96.35,Assembly,Low,Pass,2025,2025-05,Sunday,Medium-High,Medium-High,Medium-Low
QI00026,2025-03-29,Plant C,P003,Electric Motor,Motors,E1020,231,2,99.13,,Medium,Pass,2025,2025-03,Saturday,Low,Low,High
QI00027,2025-05-16,Plant D,P002,Hydraulic Valve,Valves,E1020,605,33,94.55,Dimensional,Low,Fail,2025,2025-05,Friday,Medium-High,High,Low
QI00028,2025-02-08,Plant A,P006,Bearing Unit,Components,E1009,259,14,94.59,Dimensional,Low,Fail,2025,2025-02,Saturday,Low,Medium-Low,Low
QI00029,2025-01-18,Plant B,P001,Industrial Pump,Pumps,E1013,898,21,97.66,Dimensional,Medium,Pass,2025,2025-01,Saturday,High,Medium-High,Medium-High
QI00030,2025-04-15,Plant C,P006,Bearing Unit,Components,E1017,299,13,95.65,,High,Fail,2025,2025-04,Tuesday,Medium-Low,Medium-Low,Medium-Low
QI00031,2025-05-26,Plant D,P002,Hydraulic Valve,Valves,E1020,561,15,97.33,Assembly,Medium,Pass,2025,2025-05,Monday,Medium-High,Medium-Low,Medium-High
QI00032,2025-12-02,Plant A,P005,Control Panel,Electrical,E1004,645,17,97.36,,Medium,Pass,2025,2025-12,Tuesday,Medium-High,Medium-High,Medium-High
QI00033,2025-08-12,Plant C,P003,Electric Motor,Motors,E1005,188,3,98.4,Assembly,Medium,Pass,2025,2025-08,Tuesday,Low,Low,High
QI00034,2025-04-27,Plant D,P006,Bearing Unit,Components,E1018,280,12,95.71,Electrical,Low,Fail,2025,2025-04,Sunday,Medium-Low,Medium-Low,Medium-Low
QI00035,2025-01-01,Plant B,P001,Industrial Pump,Pumps,E1017,959,58,93.95,Material,Medium,Fail,2025,2025-01,Wednesday,High,High,Low
QI00036,2025-04-27,Plant D,P005,Control Panel,Electrical,E1007,987,48,95.14,Dimensional,Medium,Fail,2025,2025-04,Sunday,High,High,Medium-Low
QI00037,2025-01-26,Plant A,P005,Control Panel,Electrical,E1010,61,1,98.36,Electrical,Medium,Pass,2025,2025-01,Sunday,Low,Low,High
QI00038,2025-01-12,Plant C,P002,Hydraulic Valve,Valves,E1009,322,12,96.27,Electrical,Medium,Pass,2025,2025-01,Sunday,Medium-Low,Medium-Low,Medium-Low
QI00039,2025-10-21,Plant B,P006,Bearing Unit,Components,E1013,537,3,99.44,Surface,Medium,Pass,2025,2025-10,Tuesday,Medium-High,Low,High
QI00040,2025-12-07,Plant A,P006,Bearing Unit,Components,E1018,139,4,97.12,Electrical,High,Pass,2025,2025-12,Sunday,Low,Low,Medium-High
QI00041,2025-06-18,Plant D,P004,Gear Assembly,Assemblies,E1012,74,6,91.89,Dimensional,Low,Fail,2025,2025-06,Wednesday,Low,Low,Low
QI00042,2025-02-22,Plant C,P004,Gear Assembly,Assemblies,E1008,587,23,96.08,Surface,High,Pass,2025,2025-02,Saturday,Medium-High,Medium-High,Medium-Low
QI00043,2025-09-26,Plant C,P004,Gear Assembly,Assemblies,E1018,992,44,95.56,Surface,High,Fail,2025,2025-09,Friday,High,High,Medium-Low
QI00044,2025-09-05,Plant A,P006,Bearing Unit,Components,E1005,714,21,97.06,Material,Low,Pass,2025,2025-09,Friday,Medium-High,Medium-High,Medium-High
QI00045,2025-05-08,Plant B,P006,Bearing Unit,Components,E1007,621,17,97.26,Surface,Medium,Pass,2025,2025-05,Thursday,Medium-High,Medium-High,Medium-High
QI00046,2025-03-17,Plant A,P004,Gear Assembly,Assemblies,E1015,109,6,94.5,Surface,Low,Fail,2025,2025-03,Monday,Low,Low,Low
QI00047,2025-09-26,Plant C,P003,Electric Motor,Motors,E1003,844,17,97.99,Dimensional,Low,Pass,2025,2025-09,Friday,High,Medium-High,Medium-High
QI00048,2025-05-26,Plant C,P001,Industrial Pump,Pumps,E1018,220,4,98.18,Assembly,Medium,Pass,2025,2025-05,Monday,Low,Low,High
QI00049,2025-02-17,Plant C,P001,Industrial Pump,Pumps,E1006,637,20,96.86,Assembly,High,Pass,2025,2025-02,Monday,Medium-High,Medium-High,Medium-High
QI00050,2025-07-18,Plant B,P003,Electric Motor,Motors,E1006,837,18,97.85,,Low,Pass,2025,2025-07,Friday,High,Medium-High,Medium-High
QI00051,2025-03-12,Plant C,P002,Hydraulic Valve,Valves,E1020,496,7,98.59,,High,Pass,2025,2025-03,Wednesday,Medium-Low,Low,High
QI00052,2025-04-02,Plant C,P001,Industrial Pump,Pumps,E1001,769,19,97.53,Surface,Medium,Pass,2025,2025-04,Wednesday,High,Medium-High,Medium-High
QI00053,2025-07-28,Plant A,P006,Bearing Unit,Components,E1017,970,73,92.47,Dimensional,High,Fail,2025,2025-07,Monday,High,High,Low
QI00054,2025-12-08,Plant C,P005,Control Panel,Electrical,E1011,716,37,94.83,Dimensional,High,Fail,2025,2025-12,Monday,Medium-High,High,Medium-Low
QI00055,2025-12-05,Plant D,P006,Bearing Unit,Components,E1002,741,34,95.41,,High,Fail,2025,2025-12,Friday,Medium-High,High,Medium-Low
QI00056,2025-02-17,Plant A,P001,Industrial Pump,Pumps,E1009,643,26,95.96,Assembly,Medium,Fail,2025,2025-02,Monday,Medium-High,Medium-High,Medium-Low
QI00057,2025-01-29,Plant C,P003,Electric Motor,Motors,E1019,59,5,91.53,Dimensional,High,Fail,2025,2025-01,Wednesday,Low,Low,Low
QI00058,2025-06-25,Plant A,P002,Hydraulic Valve,Valves,E1006,292,5,98.29,Dimensional,Low,Pass,2025,2025-06,Wednesday,Medium-Low,Low,High
QI00059,2025-01-19,Plant A,P001,Industrial Pump,Pumps,E1007,227,2,99.12,Electrical,Low,Pass,2025,2025-01,Sunday,Low,Low,High
QI00060,2025-12-21,Plant D,P003,Electric Motor,Motors,E1004,847,21,97.52,Surface,Low,Pass,2025,2025-12,Sunday,High,Medium-High,Medium-High
QI00061,2025-02-16,Plant A,P005,Control Panel,Electrical,E1003,306,9,97.06,Material,Medium,Pass,2025,2025-02,Sunday,Medium-Low,Medium-Low,Medium-High
QI00062,2025-12-11,Plant A,P004,Gear Assembly,Assemblies,E1002,359,5,98.61,Assembly,Low,Pass,2025,2025-12,Thursday,Medium-Low,Low,High
QI00063,2025-03-01,Plant B,P005,Control Panel,Electrical,E1010,565,7,98.76,Assembly,Low,Pass,2025,2025-03,Saturday,Medium-High,Low,High
QI00064,2025-06-25,Plant C,P005,Control Panel,Electrical,E1010,264,2,99.24,Electrical,High,Pass,2025,2025-06,Wednesday,Low,Low,High
QI00065,2025-09-12,Plant B,P002,Hydraulic Valve,Valves,E1017,952,33,96.53,Surface,Medium,Pass,2025,2025-09,Friday,High,High,Medium-High
QI00066,2025-08-17,Plant C,P001,Industrial Pump,Pumps,E1016,79,1,98.73,Assembly,High,Pass,2025,2025-08,Sunday,Low,Low,High
QI00067,2025-05-27,Plant A,P004,Gear Assembly,Assemblies,E1001,395,10,97.47,Material,Low,Pass,2025,2025-05,Tuesday,Medium-Low,Medium-Low,Medium-High
QI00068,2025-10-25,Plant C,P003,Electric Motor,Motors,E1012,114,2,98.25,Electrical,Low,Pass,2025,2025-10,Saturday,Low,Low,High
QI00069,2025-11-29,Plant A,P004,Gear Assembly,Assemblies,E1020,685,16,97.66,Electrical,Low,Pass,2025,2025-11,Saturday,Medium-High,Medium-Low,Medium-High
QI00070,2025-08-27,Plant C,P001,Industrial Pump,Pumps,E1020,846,4,99.53,,Low,Pass,2025,2025-08,Wednesday,High,Low,High
QI00071,2025-11-28,Plant A,P002,Hydraulic Valve,Valves,E1010,202,4,98.02,Dimensional,Low,Pass,2025,2025-11,Friday,Low,Low,Medium-High
QI00072,2025-07-07,Plant C,P001,Industrial Pump,Pumps,E1001,89,2,97.75,Assembly,Low,Pass,2025,2025-07,Monday,Low,Low,Medium-High
QI00073,2025-11-20,Plant C,P003,Electric Motor,Motors,E1016,75,4,94.67,Surface,Low,Fail,2025,2025-11,Thursday,Low,Low,Medium-Low
QI00074,2025-12-01,Plant C,P004,Gear Assembly,Assemblies,E1011,322,14,95.65,Material,Medium,Fail,2025,2025-12,Monday,Medium-Low,Medium-Low,Medium-Low
QI00075,2025-07-28,Plant A,P005,Control Panel,Electrical,E1004,208,6,97.12,Dimensional,Low,Pass,2025,2025-07,Monday,Low,Low,Medium-High
QI00076,2025-03-16,Plant C,P001,Industrial Pump,Pumps,E1003,750,15,98.0,Assembly,Low,Pass,2025,2025-03,Sunday,Medium-High,Medium-Low,Medium-High
QI00077,2025-07-02,Plant A,P006,Bearing Unit,Components,E1013,825,25,96.97,Dimensional,Medium,Pass,2025,2025-07,Wednesday,High,Medium-High,Medium-High
QI00078,2025-03-28,Plant B,P002,Hydraulic Valve,Valves,E1015,630,12,98.1,Dimensional,Medium,Pass,2025,2025-03,Friday,Medium-High,Medium-Low,High
QI00079,2025-09-28,Plant C,P002,Hydraulic Valve,Valves,E1010,50,4,92.0,Material,High,Fail,2025,2025-09,Sunday,Low,Low,Low
QI00080,2025-06-29,Plant D,P004,Gear Assembly,Assemblies,E1006,128,10,92.19,Assembly,Medium,Fail,2025,2025-06,Sunday,Low,Medium-Low,Low
QI00081,2025-09-02,Plant D,P005,Control Panel,Electrical,E1011,277,1,99.64,,High,Pass,2025,2025-09,Tuesday,Low,Low,High
QI00082,2025-12-12,Plant A,P003,Electric Motor,Motors,E1001,376,21,94.41,Electrical,High,Fail,2025,2025-12,Friday,Medium-Low,Medium-High,Low
QI00083,2025-01-07,Plant D,P005,Control Panel,Electrical,E1020,607,14,97.69,Assembly,Medium,Pass,2025,2025-01,Tuesday,Medium-High,Medium-Low,Medium-High
QI00084,2025-09-26,Plant A,P004,Gear Assembly,Assemblies,E1004,669,9,98.65,Material,Low,Pass,2025,2025-09,Friday,Medium-High,Medium-Low,High
QI00085,2025-01-13,Plant A,P005,Control Panel,Electrical,E1010,550,21,96.18,Surface,Low,Pass,2025,2025-01,Monday,Medium-High,Medium-High,Medium-Low
QI00086,2025-08-14,Plant D,P004,Gear Assembly,Assemblies,E1015,524,9,98.28,Dimensional,Medium,Pass,2025,2025-08,Thursday,Medium-High,Medium-Low,High
QI00087,2025-09-23,Plant D,P005,Control Panel,Electrical,E1001,404,12,97.03,Surface,Medium,Pass,2025,2025-09,Tuesday,Medium-Low,Medium-Low,Medium-High
QI00088,2025-08-30,Plant B,P001,Industrial Pump,Pumps,E1015,173,10,94.22,Surface,High,Fail,2025,2025-08,Saturday,Low,Medium-Low,Low
QI00089,2025-06-29,Plant A,P002,Hydraulic Valve,Valves,E1003,709,29,95.91,Surface,Medium,Fail,2025,2025-06,Sunday,Medium-High,Medium-High,Medium-Low
QI00090,2025-06-29,Plant D,P004,Gear Assembly,Assemblies,E1001,473,31,93.45,,Critical,Fail,2025,2025-06,Sunday,Medium-Low,High,Low
QI00091,2025-05-06,Plant B,P004,Gear Assembly,Assemblies,E1006,301,20,93.36,Material,High,Fail,2025,2025-05,Tuesday,Medium-Low,Medium-High,Low
QI00092,2025-10-10,Plant B,P002,Hydraulic Valve,Valves,E1019,563,35,93.78,,High,Fail,2025,2025-10,Friday,Medium-High,High,Low
QI00093,2025-12-22,Plant A,P006,Bearing Unit,Components,E1004,783,19,97.57,,Low,Pass,2025,2025-12,Monday,High,Medium-High,Medium-High
QI00094,2025-07-09,Plant C,P006,Bearing Unit,Components,E1012,750,7,99.07,Electrical,Low,Pass,2025,2025-07,Wednesday,Medium-High,Low,High
QI00095,2025-01-16,Plant D,P003,Electric Motor,Motors,E1002,556,28,94.96,Surface,Medium,Fail,2025,2025-01,Thursday,Medium-High,Medium-High,Medium-Low
QI00096,2025-11-11,Plant D,P004,Gear Assembly,Assemblies,E1017,535,45,91.59,Assembly,Medium,Fail,2025,2025-11,Tuesday,Medium-High,High,Low
QI00097,2025-01-21,Plant D,P001,Industrial Pump,Pumps,E1006,527,22,95.83,,Low,Fail,2025,2025-01,Tuesday,Medium-High,Medium-High,Medium-Low
QI00098,2025-01-16,Plant D,P005,Control Panel,Electrical,E1012,632,39,93.83,Electrical,Medium,Fail,2025,2025-01,Thursday,Medium-High,High,Low
QI00099,2025-09-26,Plant D,P001,Industrial Pump,Pumps,E1015,920,17,98.15,Electrical,Medium,Pass,2025,2025-09,Friday,High,Medium-High,High
QI00100,2025-02-02,Plant D,P004,Gear Assembly,Assemblies,E1017,382,6,98.43,Dimensional,Low,Pass,2025,2025-02,Sunday,Medium-Low,Low,High
QI00101,2025-07-01,Plant B,P003,Electric Motor,Motors,E1001,658,13,98.02,Electrical,Medium,Pass,2025,2025-07,Tuesday,Medium-High,Medium-Low,Medium-High
QI00102,2025-03-10,Plant A,P004,Gear Assembly,Assemblies,E1014,281,4,98.58,Electrical,High,Pass,2025,2025-03,Monday,Medium-Low,Low,High
QI00103,2025-02-21,Plant B,P003,Electric Motor,Motors,E1002,591,42,92.89,Surface,Medium,Fail,2025,2025-02,Friday,Medium-High,High,Low
QI00104,2025-03-06,Plant D,P002,Hydraulic Valve,Valves,E1004,79,1,98.73,,Medium,Pass,2025,2025-03,Thursday,Low,Low,High
QI00105,2025-10-27,Plant A,P005,Control Panel,Electrical,E1020,776,45,94.2,Dimensional,Low,Fail,2025,2025-10,Monday,High,High,Low
QI00106,2025-12-01,Plant D,P001,Industrial Pump,Pumps,E1002,222,4,98.2,,Medium,Pass,2025,2025-12,Monday,Low,Low,High
QI00107,2025-08-16,Plant A,P003,Electric Motor,Motors,E1014,841,29,96.55,Dimensional,High,Pass,2025,2025-08,Saturday,High,Medium-High,Medium-High
QI00108,2025-08-10,Plant B,P001,Industrial Pump,Pumps,E1018,517,26,94.97,,Medium,Fail,2025,2025-08,Sunday,Medium-Low,Medium-High,Medium-Low
QI00109,2025-09-29,Plant A,P002,Hydraulic Valve,Valves,E1008,525,6,98.86,Assembly,Low,Pass,2025,2025-09,Monday,Medium-High,Low,High
QI00110,2025-01-18,Plant B,P004,Gear Assembly,Assemblies,E1020,772,42,94.56,Material,Medium,Fail,2025,2025-01,Saturday,High,High,Low
QI00111,2025-08-06,Plant D,P003,Electric Motor,Motors,E1001,366,2,99.45,Surface,High,Pass,2025,2025-08,Wednesday,Medium-Low,Low,High
QI00112,2025-09-30,Plant A,P005,Control Panel,Electrical,E1016,446,11,97.53,Assembly,Low,Pass,2025,2025-09,Tuesday,Medium-Low,Medium-Low,Medium-High
QI00113,2025-11-04,Plant C,P003,Electric Motor,Motors,E1007,174,8,95.4,,Low,Fail,2025,2025-11,Tuesday,Low,Medium-Low,Medium-Low
QI00114,2025-06-22,Plant C,P006,Bearing Unit,Components,E1006,129,6,95.35,Dimensional,Low,Fail,2025,2025-06,Sunday,Low,Low,Medium-Low
QI00115,2025-02-25,Plant B,P004,Gear Assembly,Assemblies,E1019,745,31,95.84,Dimensional,Medium,Fail,2025,2025-02,Tuesday,Medium-High,High,Medium-Low
QI00116,2025-12-15,Plant B,P004,Gear Assembly,Assemblies,E1010,576,29,94.97,Surface,Medium,Fail,2025,2025-12,Monday,Medium-High,Medium-High,Medium-Low
QI00117,2025-01-09,Plant B,P005,Control Panel,Electrical,E1006,572,29,94.93,Dimensional,High,Fail,2025,2025-01,Thursday,Medium-High,Medium-High,Medium-Low
QI00118,2025-10-10,Plant B,P005,Control Panel,Electrical,E1010,445,10,97.75,Dimensional,Low,Pass,2025,2025-10,Friday,Medium-Low,Medium-Low,Medium-High
QI00119,2025-10-20,Plant D,P002,Hydraulic Valve,Valves,E1019,903,58,93.58,Assembly,Medium,Fail,2025,2025-10,Monday,High,High,Low
QI00120,2025-01-22,Plant C,P001,Industrial Pump,Pumps,E1003,138,9,93.48,Surface,High,Fail,2025,2025-01,Wednesday,Low,Medium-Low,Low
QI00121,2025-03-13,Plant B,P003,Electric Motor,Motors,E1020,52,1,98.08,Assembly,Low,Pass,2025,2025-03,Thursday,Low,Low,Medium-High
QI00122,2025-12-21,Plant A,P002,Hydraulic Valve,Valves,E1003,585,15,97.44,,Medium,Pass,2025,2025-12,Sunday,Medium-High,Medium-Low,Medium-High
QI00123,2025-11-24,Plant A,P001,Industrial Pump,Pumps,E1020,650,9,98.62,Assembly,Medium,Pass,2025,2025-11,Monday,Medium-High,Medium-Low,High
QI00124,2025-06-21,Plant D,P002,Hydraulic Valve,Valves,E1006,570,8,98.6,Dimensional,Low,Pass,2025,2025-06,Saturday,Medium-High,Medium-Low,High
QI00125,2025-05-03,Plant B,P006,Bearing Unit,Components,E1017,607,14,97.69,Assembly,Low,Pass,2025,2025-05,Saturday,Medium-High,Medium-Low,Medium-High
QI00126,2025-04-01,Plant A,P005,Control Panel,Electrical,E1018,655,11,98.32,Electrical,Medium,Pass,2025,2025-04,Tuesday,Medium-High,Medium-Low,High
QI00127,2025-08-12,Plant B,P005,Control Panel,Electrical,E1010,120,7,94.17,Surface,Low,Fail,2025,2025-08,Tuesday,Low,Low,Low
QI00128,2025-10-19,Plant A,P004,Gear Assembly,Assemblies,E1006,749,38,94.93,Surface,Low,Fail,2025,2025-10,Sunday,Medium-High,High,Medium-Low
QI00129,2025-12-20,Plant D,P003,Electric Motor,Motors,E1013,188,9,95.21,,Critical,Fail,2025,2025-12,Saturday,Low,Medium-Low,Medium-Low
QI00130,2025-09-09,Plant A,P003,Electric Motor,Motors,E1006,59,0,100.0,Material,Medium,Pass,2025,2025-09,Tuesday,Low,Low,High
QI00131,2025-10-25,Plant B,P003,Electric Motor,Motors,E1012,564,31,94.5,Dimensional,High,Fail,2025,2025-10,Saturday,Medium-High,High,Low
QI00132,2025-09-13,Plant B,P002,Hydraulic Valve,Valves,E1014,580,2,99.66,Electrical,Low,Pass,2025,2025-09,Saturday,Medium-High,Low,High
QI00133,2025-01-13,Plant D,P002,Hydraulic Valve,Valves,E1017,179,8,95.53,Surface,High,Fail,2025,2025-01,Monday,Low,Medium-Low,Medium-Low
QI00134,2025-12-01,Plant C,P003,Electric Motor,Motors,E1008,450,13,97.11,,Medium,Pass,2025,2025-12,Monday,Medium-Low,Medium-Low,Medium-High
QI00135,2025-04-28,Plant B,P004,Gear Assembly,Assemblies,E1005,270,12,95.56,,High,Fail,2025,2025-04,Monday,Low,Medium-Low,Medium-Low
QI00136,2025-06-27,Plant C,P001,Industrial Pump,Pumps,E1004,691,21,96.96,Surface,Low,Pass,2025,2025-06,Friday,Medium-High,Medium-High,Medium-High
QI00137,2025-11-04,Plant B,P006,Bearing Unit,Components,E1006,486,32,93.42,Surface,Medium,Fail,2025,2025-11,Tuesday,Medium-Low,High,Low
QI00138,2025-06-10,Plant D,P002,Hydraulic Valve,Valves,E1011,449,34,92.43,Assembly,Medium,Fail,2025,2025-06,Tuesday,Medium-Low,High,Low
QI00139,2025-04-05,Plant A,P003,Electric Motor,Motors,E1005,162,7,95.68,Electrical,Medium,Fail,2025,2025-04,Saturday,Low,Low,Medium-Low
QI00140,2025-11-10,Plant C,P005,Control Panel,Electrical,E1014,699,15,97.85,Surface,High,Pass,2025,2025-11,Monday,Medium-High,Medium-Low,Medium-High
QI00141,2025-06-17,Plant A,P002,Hydraulic Valve,Valves,E1010,501,13,97.41,Assembly,Low,Pass,2025,2025-06,Tuesday,Medium-Low,Medium-Low,Medium-High
QI00142,2025-03-28,Plant D,P001,Industrial Pump,Pumps,E1011,604,37,93.87,Surface,High,Fail,2025,2025-03,Friday,Medium-High,High,Low
QI00143,2025-01-03,Plant D,P002,Hydraulic Valve,Valves,E1003,267,14,94.76,Assembly,High,Fail,2025,2025-01,Friday,Low,Medium-Low,Medium-Low
QI00144,2025-01-16,Plant D,P001,Industrial Pump,Pumps,E1008,107,7,93.46,Electrical,Medium,Fail,2025,2025-01,Thursday,Low,Low,Low
QI00145,2025-05-10,Plant B,P001,Industrial Pump,Pumps,E1005,162,7,95.68,Material,Low,Fail,2025,2025-05,Saturday,Low,Low,Medium-Low
QI00146,2025-01-23,Plant B,P002,Hydraulic Valve,Valves,E1020,749,52,93.06,Assembly,High,Fail,2025,2025-01,Thursday,Medium-High,High,Low
QI00147,2025-04-08,Plant B,P001,Industrial Pump,Pumps,E1010,171,8,95.32,Electrical,Medium,Fail,2025,2025-04,Tuesday,Low,Medium-Low,Medium-Low
QI00148,2025-06-07,Plant B,P002,Hydraulic Valve,Valves,E1008,457,22,95.19,Material,High,Fail,2025,2025-06,Saturday,Medium-Low,Medium-High,Medium-Low
QI00149,2025-08-27,Plant C,P002,Hydraulic Valve,Valves,E1009,509,3,99.41,Electrical,High,Pass,2025,2025-08,Wednesday,Medium-Low,Low,High
QI00150,2025-01-10,Plant D,P004,Gear Assembly,Assemblies,E1015,134,3,97.76,Dimensional,Low,Pass,2025,2025-01,Friday,Low,Low,Medium-High
QI00151,2025-11-17,Plant C,P005,Control Panel,Electrical,E1001,667,45,93.25,Surface,Medium,Fail,2025,2025-11,Monday,Medium-High,High,Low
QI00152,2025-01-22,Plant B,P006,Bearing Unit,Components,E1005,449,20,95.55,Surface,Medium,Fail,2025,2025-01,Wednesday,Medium-Low,Medium-High,Medium-Low
QI00153,2025-11-04,Plant A,P001,Industrial Pump,Pumps,E1015,405,6,98.52,Dimensional,High,Pass,2025,2025-11,Tuesday,Medium-Low,Low,High
QI00154,2025-07-03,Plant C,P002,Hydraulic Valve,Valves,E1004,148,4,97.3,Material,Low,Pass,2025,2025-07,Thursday,Low,Low,Medium-High
QI00155,2025-08-05,Plant A,P001,Industrial Pump,Pumps,E1019,570,38,93.33,Electrical,Low,Fail,2025,2025-08,Tuesday,Medium-High,High,Low
QI00156,2025-08-02,Plant B,P002,Hydraulic Valve,Valves,E1010,567,22,96.12,Dimensional,High,Pass,2025,2025-08,Saturday,Medium-High,Medium-High,Medium-Low
QI00157,2025-12-02,Plant C,P006,Bearing Unit,Components,E1002,157,7,95.54,,Low,Fail,2025,2025-12,Tuesday,Low,Low,Medium-Low
QI00158,2025-06-07,Plant C,P002,Hydraulic Valve,Valves,E1005,201,11,94.53,Assembly,Medium,Fail,2025,2025-06,Saturday,Low,Medium-Low,Low
QI00159,2025-07-29,Plant C,P002,Hydraulic Valve,Valves,E1018,955,62,93.51,Electrical,Low,Fail,2025,2025-07,Tuesday,High,High,Low
QI00160,2025-05-13,Plant A,P005,Control Panel,Electrical,E1006,899,10,98.89,Surface,Medium,Pass,2025,2025-05,Tuesday,High,Medium-Low,High
QI00161,2025-02-22,Plant B,P001,Industrial Pump,Pumps,E1010,798,10,98.75,Dimensional,Medium,Pass,2025,2025-02,Saturday,High,Medium-Low,High
QI00162,2025-08-17,Plant D,P005,Control Panel,Electrical,E1015,76,2,97.37,Electrical,Low,Pass,2025,2025-08,Sunday,Low,Low,Medium-High
QI00163,2025-07-02,Plant D,P005,Control Panel,Electrical,E1009,168,10,94.05,,Critical,Fail,2025,2025-07,Wednesday,Low,Medium-Low,Low
QI00164,2025-01-23,Plant B,P005,Control Panel,Electrical,E1013,772,30,96.11,Surface,Low,Pass,2025,2025-01,Thursday,High,Medium-High,Medium-Low
QI00165,2025-04-16,Plant C,P005,Control Panel,Electrical,E1018,149,2,98.66,Assembly,Low,Pass,2025,2025-04,Wednesday,Low,Low,High
QI00166,2025-04-01,Plant D,P004,Gear Assembly,Assemblies,E1007,52,0,100.0,,Low,Pass,2025,2025-04,Tuesday,Low,Low,High
QI00167,2025-04-29,Plant C,P001,Industrial Pump,Pumps,E1002,855,31,96.37,Assembly,Medium,Pass,2025,2025-04,Tuesday,High,High,Medium-Low
QI00168,2025-05-18,Plant B,P001,Industrial Pump,Pumps,E1016,891,59,93.38,Electrical,Low,Fail,2025,2025-05,Sunday,High,High,Low
QI00169,2025-04-30,Plant A,P002,Hydraulic Valve,Valves,E1002,378,18,95.24,Material,Low,Fail,2025,2025-04,Wednesday,Medium-Low,Medium-High,Medium-Low
QI00170,2025-06-10,Plant C,P001,Industrial Pump,Pumps,E1004,578,26,95.5,,High,Fail,2025,2025-06,Tuesday,Medium-High,Medium-High,Medium-Low
QI00171,2025-07-27,Plant A,P006,Bearing Unit,Components,E1002,155,0,100.0,Assembly,Low,Pass,2025,2025-07,Sunday,Low,Low,High
QI00172,2025-12-15,Plant A,P005,Control Panel,Electrical,E1017,279,19,93.19,,Low,Fail,2025,2025-12,Monday,Medium-Low,Medium-High,Low
QI00173,2025-11-14,Plant B,P003,Electric Motor,Motors,E1006,353,6,98.3,Electrical,Low,Pass,2025,2025-11,Friday,Medium-Low,Low,High
QI00174,2025-12-04,Plant B,P001,Industrial Pump,Pumps,E1010,226,11,95.13,,Low,Fail,2025,2025-12,Thursday,Low,Medium-Low,Medium-Low
QI00175,2025-06-04,Plant A,P003,Electric Motor,Motors,E1014,988,3,99.7,,Low,Pass,2025,2025-06,Wednesday,High,Low,High
QI00176,2025-09-20,Plant A,P006,Bearing Unit,Components,E1015,133,4,96.99,Electrical,Low,Pass,2025,2025-09,Saturday,Low,Low,Medium-High
QI00177,2025-12-22,Plant D,P004,Gear Assembly,Assemblies,E1012,312,0,100.0,Assembly,Low,Pass,2025,2025-12,Monday,Medium-Low,Low,High
QI00178,2025-06-04,Plant D,P002,Hydraulic Valve,Valves,E1019,245,11,95.51,Assembly,Low,Fail,2025,2025-06,Wednesday,Low,Medium-Low,Medium-Low
QI00179,2025-11-26,Plant B,P002,Hydraulic Valve,Valves,E1011,298,16,94.63,Material,Low,Fail,2025,2025-11,Wednesday,Medium-Low,Medium-Low,Low
QI00180,2025-11-09,Plant C,P002,Hydraulic Valve,Valves,E1001,431,2,99.54,,Medium,Pass,2025,2025-11,Sunday,Medium-Low,Low,High
QI00181,2025-10-13,Plant A,P004,Gear Assembly,Assemblies,E1008,507,8,98.42,Dimensional,Medium,Pass,2025,2025-10,Monday,Medium-Low,Medium-Low,High
QI00182,2025-09-16,Plant C,P005,Control Panel,Electrical,E1006,710,43,93.94,Material,Low,Fail,2025,2025-09,Tuesday,Medium-High,High,Low
QI00183,2025-06-06,Plant A,P003,Electric Motor,Motors,E1012,767,6,99.22,Material,High,Pass,2025,2025-06,Friday,Medium-High,Low,High
QI00184,2025-01-14,Plant B,P001,Industrial Pump,Pumps,E1020,458,10,97.82,Material,High,Pass,2025,2025-01,Tuesday,Medium-Low,Medium-Low,Medium-High
QI00185,2025-03-18,Plant C,P005,Control Panel,Electrical,E1016,130,4,96.92,Material,High,Pass,2025,2025-03,Tuesday,Low,Low,Medium-High
QI00186,2025-12-05,Plant B,P002,Hydraulic Valve,Valves,E1018,750,40,94.67,Dimensional,Low,Fail,2025,2025-12,Friday,Medium-High,High,Medium-Low
QI00187,2025-12-01,Plant A,P002,Hydraulic Valve,Valves,E1012,461,13,97.18,Electrical,Medium,Pass,2025,2025-12,Monday,Medium-Low,Medium-Low,Medium-High
QI00188,2025-08-08,Plant B,P005,Control Panel,Electrical,E1020,255,14,94.51,,Low,Fail,2025,2025-08,Friday,Low,Medium-Low,Low
QI00189,2025-08-20,Plant C,P003,Electric Motor,Motors,E1002,869,23,97.35,,High,Pass,2025,2025-08,Wednesday,High,Medium-High,Medium-High
QI00190,2025-10-21,Plant D,P005,Control Panel,Electrical,E1007,830,18,97.83,Surface,Low,Pass,2025,2025-10,Tuesday,High,Medium-High,Medium-High
QI00191,2025-05-22,Plant B,P004,Gear Assembly,Assemblies,E1009,851,7,99.18,Assembly,Low,Pass,2025,2025-05,Thursday,High,Low,High
QI00192,2025-09-08,Plant C,P002,Hydraulic Valve,Valves,E1018,944,60,93.64,Material,Medium,Fail,2025,2025-09,Monday,High,High,Low
QI00193,2025-10-23,Plant B,P003,Electric Motor,Motors,E1009,922,18,98.05,Material,Medium,Pass,2025,2025-10,Thursday,High,Medium-High,Medium-High
QI00194,2025-05-20,Plant B,P001,Industrial Pump,Pumps,E1008,437,17,96.11,Assembly,Medium,Pass,2025,2025-05,Tuesday,Medium-Low,Medium-High,Medium-Low
QI00195,2025-05-22,Plant D,P002,Hydraulic Valve,Valves,E1001,861,12,98.61,Dimensional,Low,Pass,2025,2025-05,Thursday,High,Medium-Low,High
QI00196,2025-05-09,Plant C,P005,Control Panel,Electrical,E1005,943,29,96.92,Material,Low,Pass,2025,2025-05,Friday,High,Medium-High,Medium-High
QI00197,2025-11-20,Plant C,P003,Electric Motor,Motors,E1016,816,51,93.75,Material,High,Fail,2025,2025-11,Thursday,High,High,Low
QI00198,2025-11-01,Plant C,P002,Hydraulic Valve,Valves,E1014,448,20,95.54,Material,High,Fail,2025,2025-11,Saturday,Medium-Low,Medium-High,Medium-Low
QI00199,2025-01-18,Plant A,P001,Industrial Pump,Pumps,E1013,57,2,96.49,Material,Medium,Pass,2025,2025-01,Saturday,Low,Low,Medium-High
QI00200,2025-08-31,Plant B,P001,Industrial Pump,Pumps,E1011,675,22,96.74,Electrical,Medium,Pass,2025,2025-08,Sunday,Medium-High,Medium-High,Medium-High
QI00201,2025-06-13,Plant D,P006,Bearing Unit,Components,E1020,566,40,92.93,,Low,Fail,2025,2025-06,Friday,Medium-High,High,Low
QI00202,2025-11-16,Plant C,P005,Control Panel,Electrical,E1013,499,4,99.2,Material,Low,Pass,2025,2025-11,Sunday,Medium-Low,Low,High
QI00203,2025-04-06,Plant D,P004,Gear Assembly,Assemblies,E1015,525,21,96.0,Assembly,Low,Fail,2025,2025-04,Sunday,Medium-High,Medium-High,Medium-Low
QI00204,2025-01-28,Plant A,P005,Control Panel,Electrical,E1016,391,6,98.47,,Medium,Pass,2025,2025-01,Tuesday,Medium-Low,Low,High
QI00205,2025-08-18,Plant A,P003,Electric Motor,Motors,E1013,122,5,95.9,,Medium,Fail,2025,2025-08,Monday,Low,Low,Medium-Low
QI00206,2025-01-25,Plant D,P005,Control Panel,Electrical,E1008,909,46,94.94,,Medium,Fail,2025,2025-01,Saturday,High,High,Medium-Low
QI00207,2025-06-24,Plant C,P003,Electric Motor,Motors,E1018,170,2,98.82,Assembly,Low,Pass,2025,2025-06,Tuesday,Low,Low,High
QI00208,2025-06-10,Plant D,P006,Bearing Unit,Components,E1019,351,3,99.15,Assembly,Low,Pass,2025,2025-06,Tuesday,Medium-Low,Low,High
QI00209,2025-01-30,Plant C,P006,Bearing Unit,Components,E1015,933,21,97.75,Surface,Low,Pass,2025,2025-01,Thursday,High,Medium-High,Medium-High
QI00210,2025-06-14,Plant C,P006,Bearing Unit,Components,E1010,930,49,94.73,Surface,Medium,Fail,2025,2025-06,Saturday,High,High,Medium-Low
QI00211,2025-07-27,Plant A,P004,Gear Assembly,Assemblies,E1004,283,18,93.64,Electrical,Low,Fail,2025,2025-07,Sunday,Medium-Low,Medium-High,Low
QI00212,2025-04-12,Plant D,P006,Bearing Unit,Components,E1006,115,0,100.0,Assembly,Medium,Pass,2025,2025-04,Saturday,Low,Low,High
QI00213,2025-04-16,Plant A,P005,Control Panel,Electrical,E1008,279,6,97.85,Surface,Medium,Pass,2025,2025-04,Wednesday,Medium-Low,Low,Medium-High
QI00214,2025-11-26,Plant B,P001,Industrial Pump,Pumps,E1007,971,15,98.46,,Low,Pass,2025,2025-11,Wednesday,High,Medium-Low,High
QI00215,2025-03-10,Plant A,P003,Electric Motor,Motors,E1012,592,21,96.45,Assembly,Low,Pass,2025,2025-03,Monday,Medium-High,Medium-High,Medium-High
QI00216,2025-01-08,Plant C,P003,Electric Motor,Motors,E1018,868,23,97.35,Assembly,Medium,Pass,2025,2025-01,Wednesday,High,Medium-High,Medium-High
QI00217,2025-05-03,Plant D,P001,Industrial Pump,Pumps,E1018,858,51,94.06,Electrical,Low,Fail,2025,2025-05,Saturday,High,High,Low
QI00218,2025-12-19,Plant B,P005,Control Panel,Electrical,E1019,100,2,98.0,Dimensional,Medium,Pass,2025,2025-12,Friday,Low,Low,Medium-High
QI00219,2025-04-11,Plant B,P004,Gear Assembly,Assemblies,E1004,708,19,97.32,,Medium,Pass,2025,2025-04,Friday,Medium-High,Medium-High,Medium-High
QI00220,2025-01-01,Plant B,P002,Hydraulic Valve,Valves,E1001,656,27,95.88,Surface,Low,Fail,2025,2025-01,Wednesday,Medium-High,Medium-High,Medium-Low
QI00221,2025-12-17,Plant B,P005,Control Panel,Electrical,E1005,378,21,94.44,Assembly,Medium,Fail,2025,2025-12,Wednesday,Medium-Low,Medium-High,Low
QI00222,2025-01-07,Plant D,P006,Bearing Unit,Components,E1007,436,15,96.56,Assembly,High,Pass,2025,2025-01,Tuesday,Medium-Low,Medium-Low,Medium-High
QI00223,2025-11-14,Plant C,P005,Control Panel,Electrical,E1011,87,4,95.4,Assembly,Medium,Fail,2025,2025-11,Friday,Low,Low,Medium-Low
QI00224,2025-04-21,Plant B,P003,Electric Motor,Motors,E1011,759,23,96.97,Assembly,Critical,Pass,2025,2025-04,Monday,Medium-High,Medium-High,Medium-High
QI00225,2025-12-09,Plant C,P003,Electric Motor,Motors,E1010,802,33,95.89,Surface,Low,Fail,2025,2025-12,Tuesday,High,High,Medium-Low
QI00226,2025-07-05,Plant A,P004,Gear Assembly,Assemblies,E1007,222,14,93.69,Surface,Medium,Fail,2025,2025-07,Saturday,Low,Medium-Low,Low
QI00227,2025-08-04,Plant C,P006,Bearing Unit,Components,E1016,542,33,93.91,Assembly,Medium,Fail,2025,2025-08,Monday,Medium-High,High,Low
QI00228,2025-12-09,Plant B,P004,Gear Assembly,Assemblies,E1001,817,48,94.12,Material,High,Fail,2025,2025-12,Tuesday,High,High,Low
QI00229,2025-05-03,Plant A,P004,Gear Assembly,Assemblies,E1001,504,9,98.21,Electrical,Low,Pass,2025,2025-05,Saturday,Medium-Low,Medium-Low,High
QI00230,2025-07-20,Plant A,P001,Industrial Pump,Pumps,E1012,90,3,96.67,Surface,Low,Pass,2025,2025-07,Sunday,Low,Low,Medium-High
QI00231,2025-01-08,Plant A,P002,Hydraulic Valve,Valves,E1016,970,4,99.59,Dimensional,Low,Pass,2025,2025-01,Wednesday,High,Low,High
QI00232,2025-03-05,Plant B,P002,Hydraulic Valve,Valves,E1005,995,11,98.89,Assembly,High,Pass,2025,2025-03,Wednesday,High,Medium-Low,High
QI00233,2025-05-16,Plant C,P006,Bearing Unit,Components,E1014,178,6,96.63,Electrical,Low,Pass,2025,2025-05,Friday,Low,Low,Medium-High
QI00234,2025-07-05,Plant D,P004,Gear Assembly,Assemblies,E1018,103,4,96.12,Dimensional,High,Pass,2025,2025-07,Saturday,Low,Low,Medium-Low
QI00235,2025-05-07,Plant C,P003,Electric Motor,Motors,E1009,135,9,93.33,Assembly,Low,Fail,2025,2025-05,Wednesday,Low,Medium-Low,Low
QI00236,2025-02-18,Plant B,P002,Hydraulic Valve,Valves,E1002,773,24,96.9,Surface,Low,Pass,2025,2025-02,Tuesday,High,Medium-High,Medium-High
QI00237,2025-06-15,Plant B,P005,Control Panel,Electrical,E1012,318,6,98.11,Electrical,Low,Pass,2025,2025-06,Sunday,Medium-Low,Low,High
QI00238,2025-05-07,Plant A,P001,Industrial Pump,Pumps,E1010,345,18,94.78,Surface,Medium,Fail,2025,2025-05,Wednesday,Medium-Low,Medium-High,Medium-Low
QI00239,2025-10-29,Plant C,P003,Electric Motor,Motors,E1002,70,2,97.14,,High,Pass,2025,2025-10,Wednesday,Low,Low,Medium-High
QI00240,2025-11-17,Plant B,P001,Industrial Pump,Pumps,E1015,264,11,95.83,Surface,Low,Fail,2025,2025-11,Monday,Low,Medium-Low,Medium-Low
QI00241,2025-06-26,Plant B,P005,Control Panel,Electrical,E1004,474,11,97.68,Electrical,High,Pass,2025,2025-06,Thursday,Medium-Low,Medium-Low,Medium-High
QI00242,2025-07-22,Plant D,P002,Hydraulic Valve,Valves,E1019,238,13,94.54,,Low,Fail,2025,2025-07,Tuesday,Low,Medium-Low,Low
QI00243,2025-06-06,Plant C,P001,Industrial Pump,Pumps,E1004,210,3,98.57,Surface,Medium,Pass,2025,2025-06,Friday,Low,Low,High
QI00244,2025-12-12,Plant A,P006,Bearing Unit,Components,E1009,762,15,98.03,Assembly,Medium,Pass,2025,2025-12,Friday,Medium-High,Medium-Low,Medium-High
QI00245,2025-08-07,Plant A,P001,Industrial Pump,Pumps,E1013,590,25,95.76,Surface,Low,Fail,2025,2025-08,Thursday,Medium-High,Medium-High,Medium-Low
QI00246,2025-10-12,Plant A,P001,Industrial Pump,Pumps,E1010,430,3,99.3,Dimensional,Low,Pass,2025,2025-10,Sunday,Medium-Low,Low,High
QI00247,2025-10-16,Plant C,P005,Control Panel,Electrical,E1014,293,20,93.17,Assembly,Low,Fail,2025,2025-10,Thursday,Medium-Low,Medium-High,Low
QI00248,2025-01-28,Plant B,P003,Electric Motor,Motors,E1003,232,15,93.53,,Low,Fail,2025,2025-01,Tuesday,Low,Medium-Low,Low
QI00249,2025-12-17,Plant B,P003,Electric Motor,Motors,E1003,593,39,93.42,Electrical,High,Fail,2025,2025-12,Wednesday,Medium-High,High,Low
QI00250,2025-03-24,Plant D,P005,Control Panel,Electrical,E1020,828,15,98.19,Assembly,High,Pass,2025,2025-03,Monday,High,Medium-Low,High
QI00251,2025-04-22,Plant D,P001,Industrial Pump,Pumps,E1016,997,60,93.98,Assembly,Medium,Fail,2025,2025-04,Tuesday,High,High,Low
QI00252,2025-06-03,Plant B,P001,Industrial Pump,Pumps,E1009,597,6,98.99,Electrical,Medium,Pass,2025,2025-06,Tuesday,Medium-High,Low,High
QI00253,2025-01-29,Plant B,P004,Gear Assembly,Assemblies,E1014,142,0,100.0,Assembly,Low,Pass,2025,2025-01,Wednesday,Low,Low,High
QI00254,2025-08-01,Plant C,P006,Bearing Unit,Components,E1016,417,1,99.76,Surface,Low,Pass,2025,2025-08,Friday,Medium-Low,Low,High
QI00255,2025-04-12,Plant D,P002,Hydraulic Valve,Valves,E1009,208,6,97.12,Electrical,High,Pass,2025,2025-04,Saturday,Low,Low,Medium-High
QI00256,2025-12-26,Plant A,P002,Hydraulic Valve,Valves,E1005,447,3,99.33,Electrical,Medium,Pass,2025,2025-12,Friday,Medium-Low,Low,High
QI00257,2025-08-02,Plant A,P003,Electric Motor,Motors,E1013,229,11,95.2,,Medium,Fail,2025,2025-08,Saturday,Low,Medium-Low,Medium-Low
QI00258,2025-10-31,Plant A,P005,Control Panel,Electrical,E1015,487,15,96.92,Surface,Medium,Pass,2025,2025-10,Friday,Medium-Low,Medium-Low,Medium-High
QI00259,2025-06-04,Plant A,P001,Industrial Pump,Pumps,E1004,422,17,95.97,Assembly,Low,Fail,2025,2025-06,Wednesday,Medium-Low,Medium-High,Medium-Low
QI00260,2025-07-19,Plant B,P006,Bearing Unit,Components,E1014,355,19,94.65,Surface,Low,Fail,2025,2025-07,Saturday,Medium-Low,Medium-High,Low
QI00261,2025-06-17,Plant B,P002,Hydraulic Valve,Valves,E1020,428,8,98.13,Surface,Medium,Pass,2025,2025-06,Tuesday,Medium-Low,Medium-Low,High
QI00262,2025-08-26,Plant C,P005,Control Panel,Electrical,E1020,999,58,94.19,Assembly,Medium,Fail,2025,2025-08,Tuesday,High,High,Low
QI00263,2025-06-08,Plant A,P005,Control Panel,Electrical,E1007,267,13,95.13,Material,High,Fail,2025,2025-06,Sunday,Low,Medium-Low,Medium-Low
QI00264,2025-07-12,Plant B,P001,Industrial Pump,Pumps,E1004,378,21,94.44,Electrical,Low,Fail,2025,2025-07,Saturday,Medium-Low,Medium-High,Low
QI00265,2025-06-16,Plant B,P006,Bearing Unit,Components,E1017,914,33,96.39,Surface,Low,Pass,2025,2025-06,Monday,High,High,Medium-Low
QI00266,2025-08-14,Plant B,P005,Control Panel,Electrical,E1009,392,27,93.11,,Low,Fail,2025,2025-08,Thursday,Medium-Low,Medium-High,Low
QI00267,2025-09-08,Plant A,P002,Hydraulic Valve,Valves,E1004,788,33,95.81,Dimensional,Medium,Fail,2025,2025-09,Monday,High,High,Medium-Low
QI00268,2025-10-07,Plant B,P004,Gear Assembly,Assemblies,E1003,773,49,93.66,Material,Medium,Fail,2025,2025-10,Tuesday,High,High,Low
QI00269,2025-08-09,Plant D,P002,Hydraulic Valve,Valves,E1019,914,12,98.69,Material,Low,Pass,2025,2025-08,Saturday,High,Medium-Low,High
QI00270,2025-01-23,Plant A,P006,Bearing Unit,Components,E1009,212,12,94.34,Material,Medium,Fail,2025,2025-01,Thursday,Low,Medium-Low,Low
QI00271,2025-07-08,Plant A,P004,Gear Assembly,Assemblies,E1008,927,53,94.28,,Medium,Fail,2025,2025-07,Tuesday,High,High,Low
QI00272,2025-09-29,Plant D,P005,Control Panel,Electrical,E1007,207,2,99.03,Material,Low,Pass,2025,2025-09,Monday,Low,Low,High
QI00273,2025-01-27,Plant C,P002,Hydraulic Valve,Valves,E1007,159,9,94.34,Surface,Low,Fail,2025,2025-01,Monday,Low,Medium-Low,Low
QI00274,2025-07-29,Plant C,P001,Industrial Pump,Pumps,E1004,616,38,93.83,Surface,Low,Fail,2025,2025-07,Tuesday,Medium-High,High,Low
QI00275,2025-02-04,Plant A,P006,Bearing Unit,Components,E1019,399,11,97.24,Electrical,Low,Pass,2025,2025-02,Tuesday,Medium-Low,Medium-Low,Medium-High
QI00276,2025-07-17,Plant A,P005,Control Panel,Electrical,E1012,775,7,99.1,Dimensional,Medium,Pass,2025,2025-07,Thursday,High,Low,High
QI00277,2025-06-23,Plant A,P001,Industrial Pump,Pumps,E1020,414,26,93.72,,Low,Fail,2025,2025-06,Monday,Medium-Low,Medium-High,Low
QI00278,2025-08-06,Plant D,P004,Gear Assembly,Assemblies,E1006,946,4,99.58,Dimensional,Low,Pass,2025,2025-08,Wednesday,High,Low,High
QI00279,2025-02-25,Plant B,P003,Electric Motor,Motors,E1012,64,2,96.88,Material,Low,Pass,2025,2025-02,Tuesday,Low,Low,Medium-High
QI00280,2025-06-01,Plant D,P003,Electric Motor,Motors,E1020,202,2,99.01,Material,Low,Pass,2025,2025-06,Sunday,Low,Low,High
QI00281,2025-02-07,Plant B,P004,Gear Assembly,Assemblies,E1004,581,11,98.11,,Critical,Pass,2025,2025-02,Friday,Medium-High,Medium-Low,High
QI00282,2025-07-17,Plant B,P003,Electric Motor,Motors,E1002,449,13,97.1,Assembly,Low,Pass,2025,2025-07,Thursday,Medium-Low,Medium-Low,Medium-High
QI00283,2025-01-09,Plant C,P006,Bearing Unit,Components,E1015,101,6,94.06,Material,Medium,Fail,2025,2025-01,Thursday,Low,Low,Low
QI00284,2025-06-27,Plant D,P005,Control Panel,Electrical,E1006,904,59,93.47,Surface,Low,Fail,2025,2025-06,Friday,High,High,Low
QI00285,2025-11-21,Plant D,P005,Control Panel,Electrical,E1018,518,13,97.49,Material,High,Pass,2025,2025-11,Friday,Medium-Low,Medium-Low,Medium-High
QI00286,2025-06-25,Plant A,P006,Bearing Unit,Components,E1005,370,11,97.03,Surface,High,Pass,2025,2025-06,Wednesday,Medium-Low,Medium-Low,Medium-High
QI00287,2025-09-18,Plant D,P002,Hydraulic Valve,Valves,E1004,928,28,96.98,,Low,Pass,2025,2025-09,Thursday,High,Medium-High,Medium-High
QI00288,2025-03-25,Plant B,P005,Control Panel,Electrical,E1011,645,32,95.04,Dimensional,High,Fail,2025,2025-03,Tuesday,Medium-High,High,Medium-Low
QI00289,2025-05-19,Plant B,P003,Electric Motor,Motors,E1011,416,16,96.15,Surface,Low,Pass,2025,2025-05,Monday,Medium-Low,Medium-Low,Medium-Low
QI00290,2025-08-30,Plant D,P006,Bearing Unit,Components,E1009,887,32,96.39,Electrical,Low,Pass,2025,2025-08,Saturday,High,High,Medium-Low
QI00291,2025-11-12,Plant C,P001,Industrial Pump,Pumps,E1003,535,24,95.51,Material,Low,Fail,2025,2025-11,Wednesday,Medium-High,Medium-High,Medium-Low
QI00292,2025-06-04,Plant C,P002,Hydraulic Valve,Valves,E1011,785,21,97.32,Material,Low,Pass,2025,2025-06,Wednesday,High,Medium-High,Medium-High
QI00293,2025-08-09,Plant A,P001,Industrial Pump,Pumps,E1002,690,20,97.1,Surface,Low,Pass,2025,2025-08,Saturday,Medium-High,Medium-High,Medium-High
QI00294,2025-05-15,Plant A,P003,Electric Motor,Motors,E1009,911,18,98.02,Dimensional,Low,Pass,2025,2025-05,Thursday,High,Medium-High,Medium-High
QI00295,2025-07-07,Plant B,P001,Industrial Pump,Pumps,E1010,943,47,95.02,Surface,Low,Fail,2025,2025-07,Monday,High,High,Medium-Low
QI00296,2025-06-27,Plant D,P003,Electric Motor,Motors,E1011,65,4,93.85,Electrical,Medium,Fail,2025,2025-06,Friday,Low,Low,Low
QI00297,2025-03-08,Plant B,P005,Control Panel,Electrical,E1003,460,15,96.74,Assembly,Low,Pass,2025,2025-03,Saturday,Medium-Low,Medium-Low,Medium-High
QI00298,2025-03-10,Plant B,P002,Hydraulic Valve,Valves,E1017,323,17,94.74,Electrical,Low,Fail,2025,2025-03,Monday,Medium-Low,Medium-High,Medium-Low
QI00299,2025-03-18,Plant D,P004,Gear Assembly,Assemblies,E1011,638,24,96.24,Assembly,Medium,Pass,2025,2025-03,Tuesday,Medium-High,Medium-High,Medium-Low
QI00300,2025-01-12,Plant B,P003,Electric Motor,Motors,E1017,861,15,98.26,Electrical,Low,Pass,2025,2025-01,Sunday,High,Medium-Low,High
QI00301,2025-10-10,Plant B,P006,Bearing Unit,Components,E1019,355,19,94.65,,Low,Fail,2025,2025-10,Friday,Medium-Low,Medium-High,Low
QI00302,2025-09-03,Plant C,P006,Bearing Unit,Components,E1004,141,3,97.87,Surface,Low,Pass,2025,2025-09,Wednesday,Low,Low,Medium-High
QI00303,2025-08-25,Plant A,P005,Control Panel,Electrical,E1002,507,26,94.87,Assembly,Medium,Fail,2025,2025-08,Monday,Medium-Low,Medium-High,Medium-Low
QI00304,2025-09-09,Plant C,P006,Bearing Unit,Components,E1014,319,4,98.75,Assembly,Low,Pass,2025,2025-09,Tuesday,Medium-Low,Low,High
QI00305,2025-07-26,Plant A,P001,Industrial Pump,Pumps,E1015,101,5,95.05,Surface,High,Fail,2025,2025-07,Saturday,Low,Low,Medium-Low
QI00306,2025-12-07,Plant A,P005,Control Panel,Electrical,E1003,910,45,95.05,Electrical,Low,Fail,2025,2025-12,Sunday,High,High,Medium-Low
QI00307,2025-04-18,Plant A,P006,Bearing Unit,Components,E1020,170,4,97.65,Electrical,Low,Pass,2025,2025-04,Friday,Low,Low,Medium-High
QI00308,2025-07-28,Plant C,P001,Industrial Pump,Pumps,E1013,99,4,95.96,Dimensional,Low,Fail,2025,2025-07,Monday,Low,Low,Medium-Low
QI00309,2025-11-07,Plant D,P001,Industrial Pump,Pumps,E1013,940,71,92.45,Electrical,Critical,Fail,2025,2025-11,Friday,High,High,Low
QI00310,2025-11-04,Plant B,P001,Industrial Pump,Pumps,E1018,524,35,93.32,Electrical,Medium,Fail,2025,2025-11,Tuesday,Medium-High,High,Low
QI00311,2025-10-20,Plant D,P006,Bearing Unit,Components,E1020,541,30,94.45,Dimensional,Low,Fail,2025,2025-10,Monday,Medium-High,Medium-High,Low
QI00312,2025-04-23,Plant D,P001,Industrial Pump,Pumps,E1007,834,7,99.16,Electrical,Low,Pass,2025,2025-04,Wednesday,High,Low,High
QI00313,2025-01-15,Plant A,P002,Hydraulic Valve,Valves,E1016,429,32,92.54,Electrical,Medium,Fail,2025,2025-01,Wednesday,Medium-Low,High,Low
QI00314,2025-12-06,Plant A,P006,Bearing Unit,Components,E1016,681,30,95.59,Dimensional,Low,Fail,2025,2025-12,Saturday,Medium-High,Medium-High,Medium-Low
QI00315,2025-03-24,Plant C,P001,Industrial Pump,Pumps,E1006,436,14,96.79,Dimensional,Medium,Pass,2025,2025-03,Monday,Medium-Low,Medium-Low,Medium-High
QI00316,2025-03-06,Plant C,P002,Hydraulic Valve,Valves,E1006,656,9,98.63,Assembly,Medium,Pass,2025,2025-03,Thursday,Medium-High,Medium-Low,High
QI00317,2025-01-03,Plant B,P004,Gear Assembly,Assemblies,E1004,710,14,98.03,Material,Low,Pass,2025,2025-01,Friday,Medium-High,Medium-Low,Medium-High
QI00318,2025-12-27,Plant D,P002,Hydraulic Valve,Valves,E1003,338,2,99.41,,Low,Pass,2025,2025-12,Saturday,Medium-Low,Low,High
QI00319,2025-08-24,Plant D,P006,Bearing Unit,Components,E1001,818,43,94.74,Dimensional,Medium,Fail,2025,2025-08,Sunday,High,High,Medium-Low
QI00320,2025-05-09,Plant B,P006,Bearing Unit,Components,E1003,503,5,99.01,Dimensional,Medium,Pass,2025,2025-05,Friday,Medium-Low,Low,High
QI00321,2025-09-04,Plant A,P001,Industrial Pump,Pumps,E1019,420,0,100.0,Dimensional,High,Pass,2025,2025-09,Thursday,Medium-Low,Low,High
QI00322,2025-08-23,Plant C,P006,Bearing Unit,Components,E1009,233,7,97.0,Assembly,Low,Pass,2025,2025-08,Saturday,Low,Low,Medium-High
QI00323,2025-01-30,Plant B,P004,Gear Assembly,Assemblies,E1014,821,26,96.83,Assembly,Medium,Pass,2025,2025-01,Thursday,High,Medium-High,Medium-High
QI00324,2025-03-12,Plant D,P005,Control Panel,Electrical,E1019,711,4,99.44,Electrical,Low,Pass,2025,2025-03,Wednesday,Medium-High,Low,High
QI00325,2025-05-28,Plant B,P002,Hydraulic Valve,Valves,E1019,254,1,99.61,Material,Low,Pass,2025,2025-05,Wednesday,Low,Low,High
QI00326,2025-04-03,Plant B,P005,Control Panel,Electrical,E1013,221,4,98.19,Assembly,Medium,Pass,2025,2025-04,Thursday,Low,Low,High
QI00327,2025-10-10,Plant D,P004,Gear Assembly,Assemblies,E1016,874,50,94.28,,High,Fail,2025,2025-10,Friday,High,High,Low
QI00328,2025-08-05,Plant D,P002,Hydraulic Valve,Valves,E1008,271,3,98.89,Dimensional,Low,Pass,2025,2025-08,Tuesday,Low,Low,High
QI00329,2025-08-26,Plant C,P001,Industrial Pump,Pumps,E1016,217,10,95.39,Dimensional,Medium,Fail,2025,2025-08,Tuesday,Low,Medium-Low,Medium-Low
QI00330,2025-08-15,Plant C,P002,Hydraulic Valve,Valves,E1009,293,5,98.29,Surface,Medium,Pass,2025,2025-08,Friday,Medium-Low,Low,High
QI00331,2025-08-07,Plant D,P001,Industrial Pump,Pumps,E1009,267,4,98.5,Dimensional,Low,Pass,2025,2025-08,Thursday,Low,Low,High
QI00332,2025-11-15,Plant C,P003,Electric Motor,Motors,E1003,105,1,99.05,,High,Pass,2025,2025-11,Saturday,Low,Low,High
QI00333,2025-12-03,Plant C,P002,Hydraulic Valve,Valves,E1007,624,7,98.88,Surface,Medium,Pass,2025,2025-12,Wednesday,Medium-High,Low,High
QI00334,2025-01-31,Plant C,P002,Hydraulic Valve,Valves,E1020,664,15,97.74,Assembly,Medium,Pass,2025,2025-01,Friday,Medium-High,Medium-Low,Medium-High
QI00335,2025-04-24,Plant D,P005,Control Panel,Electrical,E1018,934,25,97.32,Surface,Medium,Pass,2025,2025-04,Thursday,High,Medium-High,Medium-High
QI00336,2025-04-12,Plant A,P005,Control Panel,Electrical,E1002,216,4,98.15,Surface,Medium,Pass,2025,2025-04,Saturday,Low,Low,High
QI00337,2025-04-03,Plant A,P004,Gear Assembly,Assemblies,E1001,568,25,95.6,Dimensional,High,Fail,2025,2025-04,Thursday,Medium-High,Medium-High,Medium-Low
QI00338,2025-07-26,Plant C,P001,Industrial Pump,Pumps,E1012,191,3,98.43,Surface,Low,Pass,2025,2025-07,Saturday,Low,Low,High
QI00339,2025-08-17,Plant A,P006,Bearing Unit,Components,E1016,174,9,94.83,Assembly,Low,Fail,2025,2025-08,Sunday,Low,Medium-Low,Medium-Low
QI00340,2025-03-12,Plant C,P005,Control Panel,Electrical,E1012,139,6,95.68,,High,Fail,2025,2025-03,Wednesday,Low,Low,Medium-Low
QI00341,2025-12-08,Plant A,P004,Gear Assembly,Assemblies,E1010,963,62,93.56,Assembly,High,Fail,2025,2025-12,Monday,High,High,Low
QI00342,2025-05-16,Plant A,P001,Industrial Pump,Pumps,E1009,360,7,98.06,Assembly,Low,Pass,2025,2025-05,Friday,Medium-Low,Low,Medium-High
QI00343,2025-10-11,Plant B,P001,Industrial Pump,Pumps,E1018,420,31,92.62,Dimensional,Low,Fail,2025,2025-10,Saturday,Medium-Low,High,Low
QI00344,2025-12-04,Plant C,P001,Industrial Pump,Pumps,E1004,265,4,98.49,,Medium,Pass,2025,2025-12,Thursday,Low,Low,High
QI00345,2025-12-17,Plant A,P003,Electric Motor,Motors,E1008,490,9,98.16,Dimensional,Low,Pass,2025,2025-12,Wednesday,Medium-Low,Medium-Low,High
QI00346,2025-01-17,Plant A,P001,Industrial Pump,Pumps,E1004,684,6,99.12,,Low,Pass,2025,2025-01,Friday,Medium-High,Low,High
QI00347,2025-08-03,Plant B,P004,Gear Assembly,Assemblies,E1016,933,74,92.07,Assembly,Low,Fail,2025,2025-08,Sunday,High,High,Low
QI00348,2025-09-01,Plant A,P001,Industrial Pump,Pumps,E1008,235,6,97.45,Dimensional,Medium,Pass,2025,2025-09,Monday,Low,Low,Medium-High
QI00349,2025-04-05,Plant B,P006,Bearing Unit,Components,E1007,932,61,93.45,Electrical,Low,Fail,2025,2025-04,Saturday,High,High,Low
QI00350,2025-05-01,Plant A,P006,Bearing Unit,Components,E1013,202,5,97.52,,Medium,Pass,2025,2025-05,Thursday,Low,Low,Medium-High
QI00351,2025-01-06,Plant B,P001,Industrial Pump,Pumps,E1008,810,52,93.58,Surface,Medium,Fail,2025,2025-01,Monday,High,High,Low
QI00352,2025-09-25,Plant B,P004,Gear Assembly,Assemblies,E1007,675,46,93.19,Surface,Medium,Fail,2025,2025-09,Thursday,Medium-High,High,Low
QI00353,2025-03-28,Plant D,P002,Hydraulic Valve,Valves,E1005,145,9,93.79,Dimensional,Low,Fail,2025,2025-03,Friday,Low,Medium-Low,Low
QI00354,2025-07-08,Plant C,P001,Industrial Pump,Pumps,E1018,759,38,94.99,Assembly,Low,Fail,2025,2025-07,Tuesday,Medium-High,High,Medium-Low
QI00355,2025-04-13,Plant D,P004,Gear Assembly,Assemblies,E1019,385,25,93.51,Dimensional,Low,Fail,2025,2025-04,Sunday,Medium-Low,Medium-High,Low
QI00356,2025-04-14,Plant C,P005,Control Panel,Electrical,E1010,564,47,91.67,Material,Medium,Fail,2025,2025-04,Monday,Medium-High,High,Low
QI00357,2025-10-18,Plant A,P004,Gear Assembly,Assemblies,E1011,198,6,96.97,,Medium,Pass,2025,2025-10,Saturday,Low,Low,Medium-High
QI00358,2025-03-08,Plant C,P003,Electric Motor,Motors,E1008,977,32,96.72,,Low,Pass,2025,2025-03,Saturday,High,High,Medium-High
QI00359,2025-04-16,Plant D,P005,Control Panel,Electrical,E1006,947,43,95.46,Dimensional,Medium,Fail,2025,2025-04,Wednesday,High,High,Medium-Low
QI00360,2025-09-05,Plant C,P006,Bearing Unit,Components,E1011,672,30,95.54,Assembly,Medium,Fail,2025,2025-09,Friday,Medium-High,Medium-High,Medium-Low
QI00361,2025-12-14,Plant D,P006,Bearing Unit,Components,E1016,581,35,93.98,Dimensional,Low,Fail,2025,2025-12,Sunday,Medium-High,High,Low
QI00362,2025-07-26,Plant C,P002,Hydraulic Valve,Valves,E1004,764,8,98.95,Assembly,Low,Pass,2025,2025-07,Saturday,Medium-High,Medium-Low,High
QI00363,2025-07-24,Plant A,P002,Hydraulic Valve,Valves,E1002,932,33,96.46,,High,Pass,2025,2025-07,Thursday,High,High,Medium-High
QI00364,2025-11-15,Plant A,P004,Gear Assembly,Assemblies,E1013,451,3,99.33,Assembly,Medium,Pass,2025,2025-11,Saturday,Medium-Low,Low,High
QI00365,2025-03-24,Plant C,P004,Gear Assembly,Assemblies,E1007,743,22,97.04,,Critical,Pass,2025,2025-03,Monday,Medium-High,Medium-High,Medium-High
QI00366,2025-03-23,Plant C,P001,Industrial Pump,Pumps,E1017,380,8,97.89,Material,Low,Pass,2025,2025-03,Sunday,Medium-Low,Medium-Low,Medium-High
QI00367,2025-10-14,Plant A,P001,Industrial Pump,Pumps,E1013,276,12,95.65,Surface,High,Fail,2025,2025-10,Tuesday,Low,Medium-Low,Medium-Low
QI00368,2025-02-06,Plant C,P006,Bearing Unit,Components,E1010,853,14,98.36,Assembly,Low,Pass,2025,2025-02,Thursday,High,Medium-Low,High
QI00369,2025-08-01,Plant B,P003,Electric Motor,Motors,E1013,407,20,95.09,Dimensional,Low,Fail,2025,2025-08,Friday,Medium-Low,Medium-High,Medium-Low
QI00370,2025-05-13,Plant A,P001,Industrial Pump,Pumps,E1010,637,33,94.82,Electrical,Medium,Fail,2025,2025-05,Tuesday,Medium-High,High,Medium-Low
QI00371,2025-04-25,Plant A,P006,Bearing Unit,Components,E1007,878,25,97.15,Surface,Low,Pass,2025,2025-04,Friday,High,Medium-High,Medium-High
QI00372,2025-07-30,Plant D,P004,Gear Assembly,Assemblies,E1010,365,13,96.44,,Medium,Pass,2025,2025-07,Wednesday,Medium-Low,Medium-Low,Medium-High
QI00373,2025-05-12,Plant D,P004,Gear Assembly,Assemblies,E1016,784,19,97.58,Electrical,Low,Pass,2025,2025-05,Monday,High,Medium-High,Medium-High
QI00374,2025-06-03,Plant B,P001,Industrial Pump,Pumps,E1003,934,34,96.36,Assembly,High,Pass,2025,2025-06,Tuesday,High,High,Medium-Low
QI00375,2025-10-21,Plant C,P003,Electric Motor,Motors,E1004,85,1,98.82,Material,Medium,Pass,2025,2025-10,Tuesday,Low,Low,High
QI00376,2025-07-01,Plant B,P006,Bearing Unit,Components,E1004,558,20,96.42,Material,High,Pass,2025,2025-07,Tuesday,Medium-High,Medium-High,Medium-High
QI00377,2025-05-27,Plant C,P004,Gear Assembly,Assemblies,E1004,527,30,94.31,Material,Low,Fail,2025,2025-05,Tuesday,Medium-High,Medium-High,Low
QI00378,2025-08-10,Plant D,P006,Bearing Unit,Components,E1016,477,10,97.9,Surface,Medium,Pass,2025,2025-08,Sunday,Medium-Low,Medium-Low,Medium-High
QI00379,2025-10-09,Plant C,P003,Electric Motor,Motors,E1009,885,36,95.93,Assembly,Low,Fail,2025,2025-10,Thursday,High,High,Medium-Low
QI00380,2025-05-07,Plant D,P004,Gear Assembly,Assemblies,E1006,499,30,93.99,Assembly,Medium,Fail,2025,2025-05,Wednesday,Medium-Low,Medium-High,Low
QI00381,2025-11-04,Plant A,P006,Bearing Unit,Components,E1010,861,48,94.43,Assembly,Medium,Fail,2025,2025-11,Tuesday,High,High,Low
QI00382,2025-07-22,Plant A,P003,Electric Motor,Motors,E1004,894,53,94.07,Dimensional,Low,Fail,2025,2025-07,Tuesday,High,High,Low
QI00383,2025-04-28,Plant C,P003,Electric Motor,Motors,E1012,139,8,94.24,Surface,Low,Fail,2025,2025-04,Monday,Low,Medium-Low,Low
QI00384,2025-03-02,Plant D,P003,Electric Motor,Motors,E1010,590,12,97.97,,Medium,Pass,2025,2025-03,Sunday,Medium-High,Medium-Low,Medium-High
QI00385,2025-08-19,Plant B,P001,Industrial Pump,Pumps,E1012,225,20,91.11,Surface,Medium,Fail,2025,2025-08,Tuesday,Low,Medium-High,Low
QI00386,2025-05-30,Plant D,P002,Hydraulic Valve,Valves,E1019,469,32,93.18,Electrical,Low,Fail,2025,2025-05,Friday,Medium-Low,High,Low
QI00387,2025-05-25,Plant D,P006,Bearing Unit,Components,E1019,781,28,96.41,Surface,Medium,Pass,2025,2025-05,Sunday,High,Medium-High,Medium-High
QI00388,2025-04-21,Plant D,P003,Electric Motor,Motors,E1001,697,16,97.7,Dimensional,Medium,Pass,2025,2025-04,Monday,Medium-High,Medium-Low,Medium-High
QI00389,2025-06-16,Plant A,P006,Bearing Unit,Components,E1004,950,23,97.58,Surface,Medium,Pass,2025,2025-06,Monday,High,Medium-High,Medium-High
QI00390,2025-07-08,Plant D,P003,Electric Motor,Motors,E1013,913,22,97.59,Assembly,Low,Pass,2025,2025-07,Tuesday,High,Medium-High,Medium-High
QI00391,2025-02-18,Plant C,P006,Bearing Unit,Components,E1008,736,18,97.55,,Medium,Pass,2025,2025-02,Tuesday,Medium-High,Medium-High,Medium-High
QI00392,2025-04-17,Plant A,P004,Gear Assembly,Assemblies,E1014,687,47,93.16,Surface,Medium,Fail,2025,2025-04,Thursday,Medium-High,High,Low
QI00393,2025-04-03,Plant A,P006,Bearing Unit,Components,E1016,220,5,97.73,Surface,Medium,Pass,2025,2025-04,Thursday,Low,Low,Medium-High
QI00394,2025-05-04,Plant A,P002,Hydraulic Valve,Valves,E1002,443,17,96.16,Assembly,High,Pass,2025,2025-05,Sunday,Medium-Low,Medium-High,Medium-Low
QI00395,2025-11-13,Plant D,P004,Gear Assembly,Assemblies,E1008,315,3,99.05,Surface,Low,Pass,2025,2025-11,Thursday,Medium-Low,Low,High
QI00396,2025-05-20,Plant B,P004,Gear Assembly,Assemblies,E1013,553,30,94.58,,Low,Fail,2025,2025-05,Tuesday,Medium-High,Medium-High,Low
QI00397,2025-11-10,Plant D,P003,Electric Motor,Motors,E1001,183,3,98.36,Electrical,Low,Pass,2025,2025-11,Monday,Low,Low,High
QI00398,2025-01-11,Plant D,P005,Control Panel,Electrical,E1012,833,8,99.04,Electrical,Low,Pass,2025,2025-01,Saturday,High,Medium-Low,High
QI00399,2025-12-27,Plant B,P002,Hydraulic Valve,Valves,E1017,75,1,98.67,Assembly,Low,Pass,2025,2025-12,Saturday,Low,Low,High
QI00400,2025-06-20,Plant D,P004,Gear Assembly,Assemblies,E1007,326,6,98.16,Material,High,Pass,2025,2025-06,Friday,Medium-Low,Low,High
QI00401,2025-02-05,Plant C,P005,Control Panel,Electrical,E1016,149,2,98.66,Assembly,High,Pass,2025,2025-02,Wednesday,Low,Low,High
QI00402,2025-05-10,Plant B,P005,Control Panel,Electrical,E1014,491,19,96.13,Surface,Low,Pass,2025,2025-05,Saturday,Medium-Low,Medium-High,Medium-Low
QI00403,2025-12-09,Plant C,P004,Gear Assembly,Assemblies,E1010,474,21,95.57,Dimensional,Low,Fail,2025,2025-12,Tuesday,Medium-Low,Medium-High,Medium-Low
QI00404,2025-03-02,Plant C,P003,Electric Motor,Motors,E1003,923,41,95.56,,Low,Fail,2025,2025-03,Sunday,High,High,Medium-Low
QI00405,2025-11-30,Plant A,P001,Industrial Pump,Pumps,E1012,79,5,93.67,Material,High,Fail,2025,2025-11,Sunday,Low,Low,Low
QI00406,2025-02-18,Plant A,P004,Gear Assembly,Assemblies,E1008,694,10,98.56,Dimensional,High,Pass,2025,2025-02,Tuesday,Medium-High,Medium-Low,High
QI00407,2025-07-05,Plant B,P003,Electric Motor,Motors,E1016,955,32,96.65,,Low,Pass,2025,2025-07,Saturday,High,High,Medium-High
QI00408,2025-08-09,Plant D,P002,Hydraulic Valve,Valves,E1001,545,34,93.76,Assembly,Medium,Fail,2025,2025-08,Saturday,Medium-High,High,Low
QI00409,2025-01-06,Plant C,P003,Electric Motor,Motors,E1017,912,48,94.74,Electrical,Low,Fail,2025,2025-01,Monday,High,High,Medium-Low
QI00410,2025-10-27,Plant D,P005,Control Panel,Electrical,E1006,700,40,94.29,Dimensional,Low,Fail,2025,2025-10,Monday,Medium-High,High,Low
QI00411,2025-06-24,Plant C,P002,Hydraulic Valve,Valves,E1001,240,13,94.58,Material,Low,Fail,2025,2025-06,Tuesday,Low,Medium-Low,Low
QI00412,2025-10-06,Plant A,P002,Hydraulic Valve,Valves,E1015,952,64,93.28,Surface,Medium,Fail,2025,2025-10,Monday,High,High,Low
QI00413,2025-12-20,Plant A,P001,Industrial Pump,Pumps,E1013,236,14,94.07,Material,Low,Fail,2025,2025-12,Saturday,Low,Medium-Low,Low
QI00414,2025-12-30,Plant A,P001,Industrial Pump,Pumps,E1006,189,10,94.71,Dimensional,Low,Fail,2025,2025-12,Tuesday,Low,Medium-Low,Medium-Low
QI00415,2025-07-23,Plant B,P004,Gear Assembly,Assemblies,E1013,369,22,94.04,Material,Low,Fail,2025,2025-07,Wednesday,Medium-Low,Medium-High,Low
QI00416,2025-04-06,Plant C,P003,Electric Motor,Motors,E1004,940,35,96.28,Dimensional,Low,Pass,2025,2025-04,Sunday,High,High,Medium-Low
QI00417,2025-10-09,Plant D,P004,Gear Assembly,Assemblies,E1001,798,46,94.24,Surface,Medium,Fail,2025,2025-10,Thursday,High,High,Low
QI00418,2025-05-15,Plant C,P001,Industrial Pump,Pumps,E1010,418,16,96.17,Surface,Low,Pass,2025,2025-05,Thursday,Medium-Low,Medium-Low,Medium-Low
QI00419,2025-02-02,Plant D,P005,Control Panel,Electrical,E1004,346,13,96.24,Dimensional,High,Pass,2025,2025-02,Sunday,Medium-Low,Medium-Low,Medium-Low
QI00420,2025-03-23,Plant D,P001,Industrial Pump,Pumps,E1013,249,2,99.2,Electrical,Low,Pass,2025,2025-03,Sunday,Low,Low,High
QI00421,2025-05-28,Plant D,P003,Electric Motor,Motors,E1004,845,40,95.27,Surface,Low,Fail,2025,2025-05,Wednesday,High,High,Medium-Low
QI00422,2025-04-05,Plant C,P005,Control Panel,Electrical,E1016,428,23,94.63,,Low,Fail,2025,2025-04,Saturday,Medium-Low,Medium-High,Low
QI00423,2025-06-19,Plant A,P004,Gear Assembly,Assemblies,E1009,129,2,98.45,Assembly,Low,Pass,2025,2025-06,Thursday,Low,Low,High
QI00424,2025-07-30,Plant B,P004,Gear Assembly,Assemblies,E1004,496,36,92.74,Assembly,Low,Fail,2025,2025-07,Wednesday,Medium-Low,High,Low
QI00425,2025-07-10,Plant B,P001,Industrial Pump,Pumps,E1020,550,44,92.0,Surface,Low,Fail,2025,2025-07,Thursday,Medium-High,High,Low
QI00426,2025-01-07,Plant A,P001,Industrial Pump,Pumps,E1008,308,5,98.38,Electrical,High,Pass,2025,2025-01,Tuesday,Medium-Low,Low,High
QI00427,2025-11-10,Plant B,P006,Bearing Unit,Components,E1004,662,18,97.28,Dimensional,Medium,Pass,2025,2025-11,Monday,Medium-High,Medium-High,Medium-High
QI00428,2025-12-08,Plant D,P004,Gear Assembly,Assemblies,E1009,593,24,95.95,Material,High,Fail,2025,2025-12,Monday,Medium-High,Medium-High,Medium-Low
QI00429,2025-02-03,Plant B,P004,Gear Assembly,Assemblies,E1011,838,35,95.82,Surface,Low,Fail,2025,2025-02,Monday,High,High,Medium-Low
QI00430,2025-02-20,Plant C,P002,Hydraulic Valve,Valves,E1005,170,2,98.82,Material,Medium,Pass,2025,2025-02,Thursday,Low,Low,High
QI00431,2025-04-30,Plant A,P003,Electric Motor,Motors,E1009,104,0,100.0,Electrical,Low,Pass,2025,2025-04,Wednesday,Low,Low,High
QI00432,2025-05-18,Plant A,P002,Hydraulic Valve,Valves,E1008,542,10,98.15,,Medium,Pass,2025,2025-05,Sunday,Medium-High,Medium-Low,High
QI00433,2025-04-16,Plant A,P002,Hydraulic Valve,Valves,E1004,67,4,94.03,Dimensional,Critical,Fail,2025,2025-04,Wednesday,Low,Low,Low
QI00434,2025-10-09,Plant A,P004,Gear Assembly,Assemblies,E1020,358,14,96.09,Dimensional,High,Pass,2025,2025-10,Thursday,Medium-Low,Medium-Low,Medium-Low
QI00435,2025-02-01,Plant C,P006,Bearing Unit,Components,E1001,929,58,93.76,Assembly,Low,Fail,2025,2025-02,Saturday,High,High,Low
QI00436,2025-05-04,Plant D,P003,Electric Motor,Motors,E1020,682,32,95.31,,Low,Fail,2025,2025-05,Sunday,Medium-High,High,Medium-Low
QI00437,2025-06-19,Plant D,P004,Gear Assembly,Assemblies,E1013,159,6,96.23,Assembly,Low,Pass,2025,2025-06,Thursday,Low,Low,Medium-Low
QI00438,2025-01-12,Plant D,P002,Hydraulic Valve,Valves,E1005,380,6,98.42,Dimensional,Low,Pass,2025,2025-01,Sunday,Medium-Low,Low,High
QI00439,2025-06-17,Plant B,P002,Hydraulic Valve,Valves,E1020,622,20,96.78,Assembly,Low,Pass,2025,2025-06,Tuesday,Medium-High,Medium-High,Medium-High
QI00440,2025-12-09,Plant D,P004,Gear Assembly,Assemblies,E1010,995,24,97.59,,Low,Pass,2025,2025-12,Tuesday,High,Medium-High,Medium-High
QI00441,2025-03-19,Plant B,P001,Industrial Pump,Pumps,E1016,313,25,92.01,Dimensional,Low,Fail,2025,2025-03,Wednesday,Medium-Low,Medium-High,Low
QI00442,2025-02-03,Plant C,P001,Industrial Pump,Pumps,E1008,317,8,97.48,Dimensional,Low,Pass,2025,2025-02,Monday,Medium-Low,Medium-Low,Medium-High
QI00443,2025-07-28,Plant B,P004,Gear Assembly,Assemblies,E1012,484,25,94.83,,Low,Fail,2025,2025-07,Monday,Medium-Low,Medium-High,Medium-Low
QI00444,2025-11-22,Plant D,P005,Control Panel,Electrical,E1003,499,3,99.4,,Medium,Pass,2025,2025-11,Saturday,Medium-Low,Low,High
QI00445,2025-01-08,Plant A,P005,Control Panel,Electrical,E1004,346,20,94.22,Material,Low,Fail,2025,2025-01,Wednesday,Medium-Low,Medium-High,Low
QI00446,2025-08-13,Plant C,P001,Industrial Pump,Pumps,E1017,967,38,96.07,,Low,Pass,2025,2025-08,Wednesday,High,High,Medium-Low
QI00447,2025-08-15,Plant D,P003,Electric Motor,Motors,E1020,688,39,94.33,Dimensional,Medium,Fail,2025,2025-08,Friday,Medium-High,High,Low
QI00448,2025-06-24,Plant D,P006,Bearing Unit,Components,E1013,186,4,97.85,Assembly,Medium,Pass,2025,2025-06,Tuesday,Low,Low,Medium-High
QI00449,2025-03-22,Plant D,P002,Hydraulic Valve,Valves,E1006,639,25,96.09,Assembly,Low,Pass,2025,2025-03,Saturday,Medium-High,Medium-High,Medium-Low
QI00450,2025-10-09,Plant C,P003,Electric Motor,Motors,E1003,768,4,99.48,Material,High,Pass,2025,2025-10,Thursday,Medium-High,Low,High
QI00451,2025-02-26,Plant A,P001,Industrial Pump,Pumps,E1014,956,50,94.77,Material,Low,Fail,2025,2025-02,Wednesday,High,High,Medium-Low
QI00452,2025-05-15,Plant A,P004,Gear Assembly,Assemblies,E1007,446,16,96.41,,Low,Pass,2025,2025-05,Thursday,Medium-Low,Medium-Low,Medium-High
QI00453,2025-08-26,Plant A,P005,Control Panel,Electrical,E1003,233,1,99.57,Electrical,Low,Pass,2025,2025-08,Tuesday,Low,Low,High
QI00454,2025-08-05,Plant D,P001,Industrial Pump,Pumps,E1006,461,10,97.83,Dimensional,Low,Pass,2025,2025-08,Tuesday,Medium-Low,Medium-Low,Medium-High
QI00455,2025-08-15,Plant B,P003,Electric Motor,Motors,E1013,650,38,94.15,Electrical,Medium,Fail,2025,2025-08,Friday,Medium-High,High,Low
QI00456,2025-01-26,Plant D,P003,Electric Motor,Motors,E1014,369,10,97.29,Assembly,Low,Pass,2025,2025-01,Sunday,Medium-Low,Medium-Low,Medium-High
QI00457,2025-07-06,Plant A,P006,Bearing Unit,Components,E1015,790,38,95.19,Surface,Low,Fail,2025,2025-07,Sunday,High,High,Medium-Low
QI00458,2025-04-28,Plant C,P001,Industrial Pump,Pumps,E1016,625,45,92.8,Material,High,Fail,2025,2025-04,Monday,Medium-High,High,Low
QI00459,2025-07-16,Plant B,P002,Hydraulic Valve,Valves,E1001,375,21,94.4,Surface,Low,Fail,2025,2025-07,Wednesday,Medium-Low,Medium-High,Low
QI00460,2025-04-26,Plant B,P003,Electric Motor,Motors,E1015,616,46,92.53,Dimensional,Medium,Fail,2025,2025-04,Saturday,Medium-High,High,Low
QI00461,2025-10-30,Plant D,P002,Hydraulic Valve,Valves,E1007,854,49,94.26,Electrical,Low,Fail,2025,2025-10,Thursday,High,High,Low
QI00462,2025-04-12,Plant C,P002,Hydraulic Valve,Valves,E1009,466,9,98.07,Material,Low,Pass,2025,2025-04,Saturday,Medium-Low,Medium-Low,Medium-High
QI00463,2025-06-12,Plant B,P004,Gear Assembly,Assemblies,E1015,842,14,98.34,Surface,Low,Pass,2025,2025-06,Thursday,High,Medium-Low,High
QI00464,2025-06-27,Plant A,P001,Industrial Pump,Pumps,E1014,931,39,95.81,Material,Medium,Fail,2025,2025-06,Friday,High,High,Medium-Low
QI00465,2025-10-07,Plant D,P001,Industrial Pump,Pumps,E1019,840,33,96.07,Electrical,Medium,Pass,2025,2025-10,Tuesday,High,High,Medium-Low
QI00466,2025-10-13,Plant D,P002,Hydraulic Valve,Valves,E1018,749,7,99.07,Dimensional,Low,Pass,2025,2025-10,Monday,Medium-High,Low,High
QI00467,2025-07-31,Plant A,P004,Gear Assembly,Assemblies,E1009,752,38,94.95,Dimensional,Low,Fail,2025,2025-07,Thursday,Medium-High,High,Medium-Low
QI00468,2025-02-23,Plant A,P003,Electric Motor,Motors,E1001,953,33,96.54,Material,High,Pass,2025,2025-02,Sunday,High,High,Medium-High
QI00469,2025-03-08,Plant A,P003,Electric Motor,Motors,E1012,834,33,96.04,Electrical,High,Pass,2025,2025-03,Saturday,High,High,Medium-Low
QI00470,2025-02-01,Plant B,P001,Industrial Pump,Pumps,E1010,656,22,96.65,,Medium,Pass,2025,2025-02,Saturday,Medium-High,Medium-High,Medium-High
QI00471,2025-09-08,Plant C,P002,Hydraulic Valve,Valves,E1007,139,4,97.12,Assembly,Medium,Pass,2025,2025-09,Monday,Low,Low,Medium-High
QI00472,2025-01-08,Plant B,P004,Gear Assembly,Assemblies,E1014,808,21,97.4,Surface,High,Pass,2025,2025-01,Wednesday,High,Medium-High,Medium-High
QI00473,2025-08-03,Plant C,P004,Gear Assembly,Assemblies,E1001,490,17,96.53,Surface,Low,Pass,2025,2025-08,Sunday,Medium-Low,Medium-High,Medium-High
QI00474,2025-02-15,Plant D,P003,Electric Motor,Motors,E1015,124,15,87.9,Dimensional,Medium,Fail,2025,2025-02,Saturday,Low,Medium-Low,Low
QI00475,2025-03-21,Plant C,P003,Electric Motor,Motors,E1001,623,4,99.36,Assembly,Medium,Pass,2025,2025-03,Friday,Medium-High,Low,High
QI00476,2025-02-04,Plant A,P005,Control Panel,Electrical,E1013,783,26,96.68,Assembly,Medium,Pass,2025,2025-02,Tuesday,High,Medium-High,Medium-High
QI00477,2025-07-08,Plant B,P005,Control Panel,Electrical,E1020,316,14,95.57,Material,Low,Fail,2025,2025-07,Tuesday,Medium-Low,Medium-Low,Medium-Low
QI00478,2025-03-30,Plant A,P002,Hydraulic Valve,Valves,E1002,985,37,96.24,Surface,Medium,Pass,2025,2025-03,Sunday,High,High,Medium-Low
QI00479,2025-12-01,Plant D,P005,Control Panel,Electrical,E1003,985,29,97.06,Surface,Medium,Pass,2025,2025-12,Monday,High,Medium-High,Medium-High
QI00480,2025-05-16,Plant B,P004,Gear Assembly,Assemblies,E1004,682,8,98.83,Dimensional,High,Pass,2025,2025-05,Friday,Medium-High,Medium-Low,High
QI00481,2025-02-03,Plant B,P005,Control Panel,Electrical,E1016,361,9,97.51,Surface,Medium,Pass,2025,2025-02,Monday,Medium-Low,Medium-Low,Medium-High
QI00482,2025-10-08,Plant A,P001,Industrial Pump,Pumps,E1012,870,21,97.59,Electrical,High,Pass,2025,2025-10,Wednesday,High,Medium-High,Medium-High
QI00483,2025-04-23,Plant B,P001,Industrial Pump,Pumps,E1004,902,60,93.35,,High,Fail,2025,2025-04,Wednesday,High,High,Low
QI00484,2025-06-21,Plant A,P006,Bearing Unit,Components,E1012,532,18,96.62,Assembly,Low,Pass,2025,2025-06,Saturday,Medium-High,Medium-High,Medium-High
QI00485,2025-12-05,Plant C,P003,Electric Motor,Motors,E1007,77,0,100.0,Material,Low,Pass,2025,2025-12,Friday,Low,Low,High
QI00486,2025-02-12,Plant D,P003,Electric Motor,Motors,E1020,391,8,97.95,Surface,Medium,Pass,2025,2025-02,Wednesday,Medium-Low,Medium-Low,Medium-High
QI00487,2025-01-13,Plant A,P002,Hydraulic Valve,Valves,E1003,475,4,99.16,Dimensional,High,Pass,2025,2025-01,Monday,Medium-Low,Low,High
QI00488,2025-06-23,Plant D,P001,Industrial Pump,Pumps,E1005,932,69,92.6,Surface,Low,Fail,2025,2025-06,Monday,High,High,Low
QI00489,2025-05-05,Plant B,P006,Bearing Unit,Components,E1012,863,30,96.52,Surface,Medium,Pass,2025,2025-05,Monday,High,Medium-High,Medium-High
QI00490,2025-11-28,Plant D,P002,Hydraulic Valve,Valves,E1012,835,54,93.53,Assembly,Low,Fail,2025,2025-11,Friday,High,High,Low
QI00491,2025-07-26,Plant D,P002,Hydraulic Valve,Valves,E1020,584,15,97.43,Surface,Low,Pass,2025,2025-07,Saturday,Medium-High,Medium-Low,Medium-High
QI00492,2025-12-09,Plant D,P005,Control Panel,Electrical,E1007,459,22,95.21,,Medium,Fail,2025,2025-12,Tuesday,Medium-Low,Medium-High,Medium-Low
QI00493,2025-04-14,Plant B,P003,Electric Motor,Motors,E1012,660,23,96.52,,Medium,Pass,2025,2025-04,Monday,Medium-High,Medium-High,Medium-High
QI00494,2025-05-10,Plant C,P002,Hydraulic Valve,Valves,E1002,334,2,99.4,Surface,Medium,Pass,2025,2025-05,Saturday,Medium-Low,Low,High
QI00495,2025-02-09,Plant C,P002,Hydraulic Valve,Valves,E1014,869,6,99.31,Material,High,Pass,2025,2025-02,Sunday,High,Low,High
QI00496,2025-01-23,Plant C,P003,Electric Motor,Motors,E1016,671,31,95.38,Assembly,Low,Fail,2025,2025-01,Thursday,Medium-High,High,Medium-Low
QI00497,2025-09-09,Plant A,P003,Electric Motor,Motors,E1007,764,18,97.64,Surface,Low,Pass,2025,2025-09,Tuesday,Medium-High,Medium-High,Medium-High
QI00498,2025-11-21,Plant A,P001,Industrial Pump,Pumps,E1004,155,9,94.19,,High,Fail,2025,2025-11,Friday,Low,Medium-Low,Low
QI00499,2025-10-17,Plant B,P003,Electric Motor,Motors,E1020,553,24,95.66,Surface,Medium,Fail,2025,2025-10,Friday,Medium-High,Medium-High,Medium-Low
QI00500,2025-07-21,Plant C,P005,Control Panel,Electrical,E1005,95,5,94.74,Material,Low,Fail,2025,2025-07,Monday,Low,Low,Medium-Low
QI00501,2025-06-04,Plant D,P001,Industrial Pump,Pumps,E1014,818,20,97.56,Surface,Medium,Pass,2025,2025-06,Wednesday,High,Medium-High,Medium-High
QI00502,2025-02-24,Plant C,P006,Bearing Unit,Components,E1009,496,23,95.36,Electrical,High,Fail,2025,2025-02,Monday,Medium-Low,Medium-High,Medium-Low
QI00503,2025-04-16,Plant A,P002,Hydraulic Valve,Valves,E1005,193,9,95.34,Electrical,Medium,Fail,2025,2025-04,Wednesday,Low,Medium-Low,Medium-Low
QI00504,2025-09-17,Plant B,P005,Control Panel,Electrical,E1002,586,41,93.0,,Medium,Fail,2025,2025-09,Wednesday,Medium-High,High,Low
QI00505,2025-07-19,Plant C,P005,Control Panel,Electrical,E1005,111,3,97.3,Dimensional,Low,Pass,2025,2025-07,Saturday,Low,Low,Medium-High
QI00506,2025-11-22,Plant A,P001,Industrial Pump,Pumps,E1003,791,32,95.95,Dimensional,Low,Fail,2025,2025-11,Saturday,High,High,Medium-Low
QI00507,2025-08-05,Plant A,P002,Hydraulic Valve,Valves,E1010,131,1,99.24,Electrical,High,Pass,2025,2025-08,Tuesday,Low,Low,High
QI00508,2025-02-16,Plant D,P001,Industrial Pump,Pumps,E1008,385,30,92.21,Dimensional,Medium,Fail,2025,2025-02,Sunday,Medium-Low,Medium-High,Low
QI00509,2025-04-27,Plant C,P004,Gear Assembly,Assemblies,E1010,260,16,93.85,Assembly,Low,Fail,2025,2025-04,Sunday,Low,Medium-Low,Low
QI00510,2025-07-31,Plant D,P004,Gear Assembly,Assemblies,E1002,449,27,93.99,Material,Medium,Fail,2025,2025-07,Thursday,Medium-Low,Medium-High,Low
QI00511,2025-06-04,Plant C,P001,Industrial Pump,Pumps,E1014,758,33,95.65,,Medium,Fail,2025,2025-06,Wednesday,Medium-High,High,Medium-Low
QI00512,2025-09-20,Plant B,P002,Hydraulic Valve,Valves,E1004,396,20,94.95,Material,Low,Fail,2025,2025-09,Saturday,Medium-Low,Medium-High,Medium-Low
QI00513,2025-05-31,Plant C,P002,Hydraulic Valve,Valves,E1012,247,6,97.57,,Medium,Pass,2025,2025-05,Saturday,Low,Low,Medium-High
QI00514,2025-07-31,Plant D,P003,Electric Motor,Motors,E1020,426,14,96.71,Material,Low,Pass,2025,2025-07,Thursday,Medium-Low,Medium-Low,Medium-High
QI00515,2025-07-11,Plant D,P005,Control Panel,Electrical,E1014,211,15,92.89,,Low,Fail,2025,2025-07,Friday,Low,Medium-Low,Low
QI00516,2025-08-31,Plant A,P001,Industrial Pump,Pumps,E1016,257,0,100.0,Surface,Medium,Pass,2025,2025-08,Sunday,Low,Low,High
QI00517,2025-04-08,Plant C,P005,Control Panel,Electrical,E1005,870,14,98.39,Electrical,Low,Pass,2025,2025-04,Tuesday,High,Medium-Low,High
QI00518,2025-01-29,Plant C,P005,Control Panel,Electrical,E1016,968,27,97.21,,Low,Pass,2025,2025-01,Wednesday,High,Medium-High,Medium-High
QI00519,2025-07-08,Plant B,P004,Gear Assembly,Assemblies,E1004,476,25,94.75,Assembly,High,Fail,2025,2025-07,Tuesday,Medium-Low,Medium-High,Medium-Low
QI00520,2025-06-21,Plant A,P004,Gear Assembly,Assemblies,E1003,93,2,97.85,,Medium,Pass,2025,2025-06,Saturday,Low,Low,Medium-High
QI00521,2025-07-16,Plant D,P006,Bearing Unit,Components,E1001,849,30,96.47,Dimensional,Medium,Pass,2025,2025-07,Wednesday,High,Medium-High,Medium-High
QI00522,2025-06-04,Plant C,P001,Industrial Pump,Pumps,E1004,540,46,91.48,,Low,Fail,2025,2025-06,Wednesday,Medium-High,High,Low
QI00523,2025-05-20,Plant A,P006,Bearing Unit,Components,E1009,328,8,97.56,Material,Low,Pass,2025,2025-05,Tuesday,Medium-Low,Medium-Low,Medium-High
QI00524,2025-10-20,Plant B,P001,Industrial Pump,Pumps,E1001,965,27,97.2,Dimensional,Medium,Pass,2025,2025-10,Monday,High,Medium-High,Medium-High
QI00525,2025-10-17,Plant A,P002,Hydraulic Valve,Valves,E1016,836,44,94.74,Dimensional,Low,Fail,2025,2025-10,Friday,High,High,Medium-Low
QI00526,2025-09-13,Plant C,P001,Industrial Pump,Pumps,E1003,782,44,94.37,Surface,Medium,Fail,2025,2025-09,Saturday,High,High,Low
QI00527,2025-06-13,Plant C,P002,Hydraulic Valve,Valves,E1006,846,9,98.94,,Low,Pass,2025,2025-06,Friday,High,Medium-Low,High
QI00528,2025-05-14,Plant B,P002,Hydraulic Valve,Valves,E1013,195,11,94.36,Assembly,Medium,Fail,2025,2025-05,Wednesday,Low,Medium-Low,Low
QI00529,2025-12-18,Plant B,P001,Industrial Pump,Pumps,E1017,118,2,98.31,,Low,Pass,2025,2025-12,Thursday,Low,Low,High
QI00530,2025-11-25,Plant B,P002,Hydraulic Valve,Valves,E1015,701,23,96.72,Electrical,Low,Pass,2025,2025-11,Tuesday,Medium-High,Medium-High,Medium-High
QI00531,2025-09-23,Plant D,P005,Control Panel,Electrical,E1012,571,13,97.72,,High,Pass,2025,2025-09,Tuesday,Medium-High,Medium-Low,Medium-High
QI00532,2025-01-29,Plant A,P002,Hydraulic Valve,Valves,E1008,160,2,98.75,Electrical,Critical,Pass,2025,2025-01,Wednesday,Low,Low,High
QI00533,2025-05-19,Plant A,P005,Control Panel,Electrical,E1016,598,29,95.15,Surface,Low,Fail,2025,2025-05,Monday,Medium-High,Medium-High,Medium-Low
QI00534,2025-12-14,Plant A,P005,Control Panel,Electrical,E1003,642,44,93.15,Dimensional,Medium,Fail,2025,2025-12,Sunday,Medium-High,High,Low
QI00535,2025-11-08,Plant D,P005,Control Panel,Electrical,E1004,657,32,95.13,,Medium,Fail,2025,2025-11,Saturday,Medium-High,High,Medium-Low
QI00536,2025-03-26,Plant A,P003,Electric Motor,Motors,E1007,104,7,93.27,Surface,Low,Fail,2025,2025-03,Wednesday,Low,Low,Low
QI00537,2025-09-06,Plant B,P006,Bearing Unit,Components,E1015,693,39,94.37,Dimensional,Low,Fail,2025,2025-09,Saturday,Medium-High,High,Low
QI00538,2025-12-17,Plant A,P003,Electric Motor,Motors,E1011,272,2,99.26,Dimensional,Low,Pass,2025,2025-12,Wednesday,Low,Low,High
QI00539,2025-11-10,Plant D,P002,Hydraulic Valve,Valves,E1016,945,17,98.2,Surface,Medium,Pass,2025,2025-11,Monday,High,Medium-High,High
QI00540,2025-08-21,Plant D,P006,Bearing Unit,Components,E1014,624,40,93.59,,Medium,Fail,2025,2025-08,Thursday,Medium-High,High,Low
QI00541,2025-11-04,Plant A,P006,Bearing Unit,Components,E1013,573,39,93.19,Assembly,High,Fail,2025,2025-11,Tuesday,Medium-High,High,Low
QI00542,2025-03-02,Plant D,P006,Bearing Unit,Components,E1009,195,10,94.87,Assembly,Medium,Fail,2025,2025-03,Sunday,Low,Medium-Low,Medium-Low
QI00543,2025-09-30,Plant D,P001,Industrial Pump,Pumps,E1018,313,6,98.08,,High,Pass,2025,2025-09,Tuesday,Medium-Low,Low,Medium-High
QI00544,2025-08-07,Plant A,P002,Hydraulic Valve,Valves,E1003,593,15,97.47,Electrical,High,Pass,2025,2025-08,Thursday,Medium-High,Medium-Low,Medium-High
QI00545,2025-10-13,Plant D,P003,Electric Motor,Motors,E1020,517,13,97.49,,High,Pass,2025,2025-10,Monday,Medium-Low,Medium-Low,Medium-High
QI00546,2025-09-06,Plant D,P006,Bearing Unit,Components,E1005,610,12,98.03,Surface,Low,Pass,2025,2025-09,Saturday,Medium-High,Medium-Low,Medium-High
QI00547,2025-03-13,Plant A,P006,Bearing Unit,Components,E1002,921,16,98.26,,Low,Pass,2025,2025-03,Thursday,High,Medium-Low,High
QI00548,2025-10-20,Plant B,P004,Gear Assembly,Assemblies,E1017,236,11,95.34,Dimensional,Medium,Fail,2025,2025-10,Monday,Low,Medium-Low,Medium-Low
QI00549,2025-07-17,Plant B,P006,Bearing Unit,Components,E1016,392,23,94.13,Material,Medium,Fail,2025,2025-07,Thursday,Medium-Low,Medium-High,Low
QI00550,2025-03-21,Plant D,P006,Bearing Unit,Components,E1020,148,3,97.97,Assembly,Low,Pass,2025,2025-03,Friday,Low,Low,Medium-High
QI00551,2025-05-17,Plant C,P004,Gear Assembly,Assemblies,E1013,728,4,99.45,Surface,High,Pass,2025,2025-05,Saturday,Medium-High,Low,High
QI00552,2025-08-01,Plant C,P002,Hydraulic Valve,Valves,E1020,355,23,93.52,Electrical,High,Fail,2025,2025-08,Friday,Medium-Low,Medium-High,Low
QI00553,2025-11-23,Plant A,P003,Electric Motor,Motors,E1011,774,27,96.51,Surface,Medium,Pass,2025,2025-11,Sunday,High,Medium-High,Medium-High
QI00554,2025-04-17,Plant A,P005,Control Panel,Electrical,E1008,248,10,95.97,Dimensional,Medium,Fail,2025,2025-04,Thursday,Low,Medium-Low,Medium-Low
QI00555,2025-07-26,Plant B,P003,Electric Motor,Motors,E1005,807,27,96.65,Assembly,High,Pass,2025,2025-07,Saturday,High,Medium-High,Medium-High
QI00556,2025-06-01,Plant C,P002,Hydraulic Valve,Valves,E1002,203,11,94.58,,Low,Fail,2025,2025-06,Sunday,Low,Medium-Low,Low
QI00557,2025-05-13,Plant A,P003,Electric Motor,Motors,E1004,968,42,95.66,Assembly,Low,Fail,2025,2025-05,Tuesday,High,High,Medium-Low
QI00558,2025-06-15,Plant C,P004,Gear Assembly,Assemblies,E1003,145,8,94.48,Assembly,High,Fail,2025,2025-06,Sunday,Low,Medium-Low,Low
QI00559,2025-06-29,Plant C,P006,Bearing Unit,Components,E1002,624,27,95.67,Dimensional,Medium,Fail,2025,2025-06,Sunday,Medium-High,Medium-High,Medium-Low
QI00560,2025-05-01,Plant D,P006,Bearing Unit,Components,E1003,755,13,98.28,Dimensional,Low,Pass,2025,2025-05,Thursday,Medium-High,Medium-Low,High
QI00561,2025-06-23,Plant D,P005,Control Panel,Electrical,E1016,984,23,97.66,Electrical,High,Pass,2025,2025-06,Monday,High,Medium-High,Medium-High
QI00562,2025-11-27,Plant C,P002,Hydraulic Valve,Valves,E1020,883,42,95.24,,Low,Fail,2025,2025-11,Thursday,High,High,Medium-Low
QI00563,2025-03-09,Plant B,P006,Bearing Unit,Components,E1009,408,17,95.83,,Medium,Fail,2025,2025-03,Sunday,Medium-Low,Medium-High,Medium-Low
QI00564,2025-07-06,Plant A,P002,Hydraulic Valve,Valves,E1006,863,43,95.02,Surface,Medium,Fail,2025,2025-07,Sunday,High,High,Medium-Low
QI00565,2025-05-18,Plant A,P001,Industrial Pump,Pumps,E1015,448,11,97.54,Assembly,Low,Pass,2025,2025-05,Sunday,Medium-Low,Medium-Low,Medium-High
QI00566,2025-12-20,Plant B,P005,Control Panel,Electrical,E1005,833,40,95.2,Assembly,Low,Fail,2025,2025-12,Saturday,High,High,Medium-Low
QI00567,2025-11-04,Plant D,P002,Hydraulic Valve,Valves,E1009,425,27,93.65,Assembly,High,Fail,2025,2025-11,Tuesday,Medium-Low,Medium-High,Low
QI00568,2025-11-26,Plant D,P003,Electric Motor,Motors,E1006,651,34,94.78,Assembly,Low,Fail,2025,2025-11,Wednesday,Medium-High,High,Medium-Low
QI00569,2025-08-26,Plant B,P003,Electric Motor,Motors,E1003,377,15,96.02,Material,Low,Pass,2025,2025-08,Tuesday,Medium-Low,Medium-Low,Medium-Low
QI00570,2025-01-18,Plant B,P003,Electric Motor,Motors,E1013,321,18,94.39,Dimensional,Medium,Fail,2025,2025-01,Saturday,Medium-Low,Medium-High,Low
QI00571,2025-03-17,Plant D,P003,Electric Motor,Motors,E1015,646,17,97.37,,Low,Pass,2025,2025-03,Monday,Medium-High,Medium-High,Medium-High
QI00572,2025-05-31,Plant C,P002,Hydraulic Valve,Valves,E1011,344,5,98.55,Dimensional,High,Pass,2025,2025-05,Saturday,Medium-Low,Low,High
QI00573,2025-04-18,Plant D,P004,Gear Assembly,Assemblies,E1016,444,28,93.69,Electrical,Low,Fail,2025,2025-04,Friday,Medium-Low,Medium-High,Low
QI00574,2025-06-02,Plant C,P005,Control Panel,Electrical,E1015,521,10,98.08,,Medium,Pass,2025,2025-06,Monday,Medium-Low,Medium-Low,Medium-High
QI00575,2025-11-12,Plant A,P003,Electric Motor,Motors,E1006,597,20,96.65,Electrical,Low,Pass,2025,2025-11,Wednesday,Medium-High,Medium-High,Medium-High
QI00576,2025-02-06,Plant A,P002,Hydraulic Valve,Valves,E1014,67,2,97.01,Dimensional,High,Pass,2025,2025-02,Thursday,Low,Low,Medium-High
QI00577,2025-11-29,Plant C,P006,Bearing Unit,Components,E1011,968,7,99.28,Surface,Medium,Pass,2025,2025-11,Saturday,High,Low,High
QI00578,2025-05-26,Plant C,P006,Bearing Unit,Components,E1020,126,1,99.21,Assembly,Low,Pass,2025,2025-05,Monday,Low,Low,High
QI00579,2025-05-06,Plant D,P002,Hydraulic Valve,Valves,E1010,98,2,97.96,Dimensional,Critical,Pass,2025,2025-05,Tuesday,Low,Low,Medium-High
QI00580,2025-10-12,Plant B,P003,Electric Motor,Motors,E1016,547,7,98.72,Electrical,Low,Pass,2025,2025-10,Sunday,Medium-High,Low,High
QI00581,2025-04-18,Plant C,P001,Industrial Pump,Pumps,E1012,475,12,97.47,Surface,Medium,Pass,2025,2025-04,Friday,Medium-Low,Medium-Low,Medium-High
QI00582,2025-10-13,Plant A,P002,Hydraulic Valve,Valves,E1007,920,49,94.67,,Critical,Fail,2025,2025-10,Monday,High,High,Medium-Low
QI00583,2025-08-28,Plant D,P005,Control Panel,Electrical,E1007,797,43,94.6,Dimensional,Medium,Fail,2025,2025-08,Thursday,High,High,Low
QI00584,2025-04-12,Plant A,P005,Control Panel,Electrical,E1018,605,39,93.55,Assembly,Medium,Fail,2025,2025-04,Saturday,Medium-High,High,Low
QI00585,2025-08-08,Plant D,P001,Industrial Pump,Pumps,E1015,670,38,94.33,Electrical,Low,Fail,2025,2025-08,Friday,Medium-High,High,Low
QI00586,2025-01-07,Plant B,P006,Bearing Unit,Components,E1006,178,9,94.94,Assembly,Low,Fail,2025,2025-01,Tuesday,Low,Medium-Low,Medium-Low
QI00587,2025-08-04,Plant B,P006,Bearing Unit,Components,E1019,568,31,94.54,Surface,Low,Fail,2025,2025-08,Monday,Medium-High,High,Low
QI00588,2025-06-18,Plant A,P002,Hydraulic Valve,Valves,E1008,353,14,96.03,Assembly,Critical,Pass,2025,2025-06,Wednesday,Medium-Low,Medium-Low,Medium-Low
QI00589,2025-03-15,Plant C,P001,Industrial Pump,Pumps,E1020,161,3,98.14,Assembly,Critical,Pass,2025,2025-03,Saturday,Low,Low,High
QI00590,2025-10-20,Plant C,P002,Hydraulic Valve,Valves,E1015,774,32,95.87,Dimensional,Low,Fail,2025,2025-10,Monday,High,High,Medium-Low
QI00591,2025-01-27,Plant A,P002,Hydraulic Valve,Valves,E1004,961,16,98.34,,Low,Pass,2025,2025-01,Monday,High,Medium-Low,High
QI00592,2025-10-04,Plant C,P001,Industrial Pump,Pumps,E1018,865,40,95.38,,Low,Fail,2025,2025-10,Saturday,High,High,Medium-Low
QI00593,2025-02-12,Plant C,P006,Bearing Unit,Components,E1013,988,22,97.77,Dimensional,Low,Pass,2025,2025-02,Wednesday,High,Medium-High,Medium-High
QI00594,2025-11-03,Plant A,P004,Gear Assembly,Assemblies,E1001,868,15,98.27,Assembly,Low,Pass,2025,2025-11,Monday,High,Medium-Low,High
QI00595,2025-04-03,Plant A,P003,Electric Motor,Motors,E1008,412,7,98.3,Assembly,Medium,Pass,2025,2025-04,Thursday,Medium-Low,Low,High
QI00596,2025-03-12,Plant B,P003,Electric Motor,Motors,E1019,115,1,99.13,Dimensional,High,Pass,2025,2025-03,Wednesday,Low,Low,High
QI00597,2025-09-26,Plant A,P003,Electric Motor,Motors,E1017,80,0,100.0,Surface,Medium,Pass,2025,2025-09,Friday,Low,Low,High
QI00598,2025-04-19,Plant B,P001,Industrial Pump,Pumps,E1010,344,30,91.28,,Medium,Fail,2025,2025-04,Saturday,Medium-Low,Medium-High,Low
QI00599,2025-06-30,Plant B,P002,Hydraulic Valve,Valves,E1001,826,27,96.73,Assembly,Medium,Pass,2025,2025-06,Monday,High,Medium-High,Medium-High
QI00600,2025-08-03,Plant D,P002,Hydraulic Valve,Valves,E1001,858,15,98.25,,Medium,Pass,2025,2025-08,Sunday,High,Medium-Low,High
QI00601,2025-04-24,Plant C,P005,Control Panel,Electrical,E1005,368,8,97.83,Assembly,Medium,Pass,2025,2025-04,Thursday,Medium-Low,Medium-Low,Medium-High
QI00602,2025-07-04,Plant A,P002,Hydraulic Valve,Valves,E1001,63,0,100.0,Dimensional,Low,Pass,2025,2025-07,Friday,Low,Low,High
QI00603,2025-05-05,Plant C,P006,Bearing Unit,Components,E1020,619,6,99.03,Dimensional,Low,Pass,2025,2025-05,Monday,Medium-High,Low,High
QI00604,2025-04-15,Plant D,P004,Gear Assembly,Assemblies,E1013,905,51,94.36,Material,Medium,Fail,2025,2025-04,Tuesday,High,High,Low
QI00605,2025-08-25,Plant A,P003,Electric Motor,Motors,E1009,291,21,92.78,Assembly,High,Fail,2025,2025-08,Monday,Medium-Low,Medium-High,Low
QI00606,2025-05-21,Plant A,P006,Bearing Unit,Components,E1016,402,32,92.04,Dimensional,Medium,Fail,2025,2025-05,Wednesday,Medium-Low,High,Low
QI00607,2025-10-20,Plant D,P006,Bearing Unit,Components,E1008,297,13,95.62,Assembly,High,Fail,2025,2025-10,Monday,Medium-Low,Medium-Low,Medium-Low
QI00608,2025-06-07,Plant C,P004,Gear Assembly,Assemblies,E1014,659,31,95.3,,Low,Fail,2025,2025-06,Saturday,Medium-High,High,Medium-Low
QI00609,2025-10-01,Plant B,P003,Electric Motor,Motors,E1017,517,22,95.74,Material,Medium,Fail,2025,2025-10,Wednesday,Medium-Low,Medium-High,Medium-Low
QI00610,2025-12-07,Plant D,P001,Industrial Pump,Pumps,E1004,973,47,95.17,Surface,High,Fail,2025,2025-12,Sunday,High,High,Medium-Low
QI00611,2025-04-27,Plant D,P004,Gear Assembly,Assemblies,E1007,437,27,93.82,Surface,Medium,Fail,2025,2025-04,Sunday,Medium-Low,Medium-High,Low
QI00612,2025-03-03,Plant A,P006,Bearing Unit,Components,E1017,723,41,94.33,,High,Fail,2025,2025-03,Monday,Medium-High,High,Low
QI00613,2025-01-24,Plant B,P002,Hydraulic Valve,Valves,E1016,949,45,95.26,,Medium,Fail,2025,2025-01,Friday,High,High,Medium-Low
QI00614,2025-03-01,Plant D,P003,Electric Motor,Motors,E1014,808,47,94.18,Surface,Low,Fail,2025,2025-03,Saturday,High,High,Low
QI00615,2025-12-28,Plant C,P005,Control Panel,Electrical,E1016,887,61,93.12,,Low,Fail,2025,2025-12,Sunday,High,High,Low
QI00616,2025-11-12,Plant D,P004,Gear Assembly,Assemblies,E1002,491,24,95.11,Dimensional,Medium,Fail,2025,2025-11,Wednesday,Medium-Low,Medium-High,Medium-Low
QI00617,2025-09-22,Plant C,P006,Bearing Unit,Components,E1015,391,5,98.72,Surface,High,Pass,2025,2025-09,Monday,Medium-Low,Low,High
QI00618,2025-06-29,Plant A,P001,Industrial Pump,Pumps,E1011,565,6,98.94,Surface,Low,Pass,2025,2025-06,Sunday,Medium-High,Low,High
QI00619,2025-08-20,Plant D,P006,Bearing Unit,Components,E1013,867,46,94.69,Dimensional,Medium,Fail,2025,2025-08,Wednesday,High,High,Medium-Low
QI00620,2025-05-23,Plant C,P005,Control Panel,Electrical,E1004,822,8,99.03,,Medium,Pass,2025,2025-05,Friday,High,Medium-Low,High
QI00621,2025-11-29,Plant A,P001,Industrial Pump,Pumps,E1001,892,16,98.21,Assembly,Low,Pass,2025,2025-11,Saturday,High,Medium-Low,High
QI00622,2025-09-02,Plant A,P003,Electric Motor,Motors,E1015,94,1,98.94,Surface,Low,Pass,2025,2025-09,Tuesday,Low,Low,High
QI00623,2025-03-22,Plant A,P004,Gear Assembly,Assemblies,E1012,468,26,94.44,,Low,Fail,2025,2025-03,Saturday,Medium-Low,Medium-High,Low
QI00624,2025-05-06,Plant D,P001,Industrial Pump,Pumps,E1009,772,29,96.24,Material,Low,Pass,2025,2025-05,Tuesday,High,Medium-High,Medium-Low
QI00625,2025-05-17,Plant A,P005,Control Panel,Electrical,E1007,805,15,98.14,Dimensional,Low,Pass,2025,2025-05,Saturday,High,Medium-Low,High
QI00626,2025-02-25,Plant A,P006,Bearing Unit,Components,E1003,252,2,99.21,Assembly,Low,Pass,2025,2025-02,Tuesday,Low,Low,High
QI00627,2025-08-01,Plant C,P005,Control Panel,Electrical,E1016,764,49,93.59,Material,Low,Fail,2025,2025-08,Friday,Medium-High,High,Low
QI00628,2025-04-04,Plant A,P002,Hydraulic Valve,Valves,E1004,934,70,92.51,Material,Medium,Fail,2025,2025-04,Friday,High,High,Low
QI00629,2025-10-19,Plant D,P001,Industrial Pump,Pumps,E1014,588,6,98.98,Material,Medium,Pass,2025,2025-10,Sunday,Medium-High,Low,High
QI00630,2025-05-08,Plant B,P004,Gear Assembly,Assemblies,E1013,435,3,99.31,Dimensional,Medium,Pass,2025,2025-05,Thursday,Medium-Low,Low,High
QI00631,2025-08-05,Plant A,P004,Gear Assembly,Assemblies,E1020,999,58,94.19,Surface,Medium,Fail,2025,2025-08,Tuesday,High,High,Low
QI00632,2025-07-18,Plant D,P006,Bearing Unit,Components,E1019,679,39,94.26,,High,Fail,2025,2025-07,Friday,Medium-High,High,Low
QI00633,2025-01-20,Plant A,P006,Bearing Unit,Components,E1002,787,50,93.65,,High,Fail,2025,2025-01,Monday,High,High,Low
QI00634,2025-02-24,Plant D,P006,Bearing Unit,Components,E1010,409,20,95.11,Surface,High,Fail,2025,2025-02,Monday,Medium-Low,Medium-High,Medium-Low
QI00635,2025-09-03,Plant A,P002,Hydraulic Valve,Valves,E1019,517,32,93.81,Dimensional,Low,Fail,2025,2025-09,Wednesday,Medium-Low,High,Low
QI00636,2025-09-08,Plant C,P005,Control Panel,Electrical,E1015,993,16,98.39,,High,Pass,2025,2025-09,Monday,High,Medium-Low,High
QI00637,2025-03-01,Plant B,P006,Bearing Unit,Components,E1007,254,3,98.82,Electrical,Medium,Pass,2025,2025-03,Saturday,Low,Low,High
QI00638,2025-06-12,Plant B,P001,Industrial Pump,Pumps,E1015,296,11,96.28,Surface,Low,Pass,2025,2025-06,Thursday,Medium-Low,Medium-Low,Medium-Low
QI00639,2025-07-21,Plant D,P006,Bearing Unit,Components,E1017,98,3,96.94,Surface,Low,Pass,2025,2025-07,Monday,Low,Low,Medium-High
QI00640,2025-08-15,Plant D,P005,Control Panel,Electrical,E1016,415,18,95.66,Electrical,Medium,Fail,2025,2025-08,Friday,Medium-Low,Medium-High,Medium-Low
QI00641,2025-05-09,Plant B,P001,Industrial Pump,Pumps,E1017,302,19,93.71,Electrical,Low,Fail,2025,2025-05,Friday,Medium-Low,Medium-High,Low
QI00642,2025-02-14,Plant C,P001,Industrial Pump,Pumps,E1016,127,8,93.7,Assembly,Low,Fail,2025,2025-02,Friday,Low,Medium-Low,Low
QI00643,2025-07-16,Plant C,P001,Industrial Pump,Pumps,E1018,818,40,95.11,Dimensional,Medium,Fail,2025,2025-07,Wednesday,High,High,Medium-Low
QI00644,2025-06-15,Plant A,P005,Control Panel,Electrical,E1017,681,8,98.83,,Medium,Pass,2025,2025-06,Sunday,Medium-High,Medium-Low,High
QI00645,2025-09-04,Plant C,P006,Bearing Unit,Components,E1004,466,4,99.14,,High,Pass,2025,2025-09,Thursday,Medium-Low,Low,High
QI00646,2025-08-14,Plant B,P005,Control Panel,Electrical,E1002,84,4,95.24,,Medium,Fail,2025,2025-08,Thursday,Low,Low,Medium-Low
QI00647,2025-10-07,Plant B,P005,Control Panel,Electrical,E1017,487,9,98.15,,Medium,Pass,2025,2025-10,Tuesday,Medium-Low,Medium-Low,High
QI00648,2025-09-17,Plant C,P003,Electric Motor,Motors,E1017,361,4,98.89,Assembly,Low,Pass,2025,2025-09,Wednesday,Medium-Low,Low,High
QI00649,2025-12-13,Plant C,P005,Control Panel,Electrical,E1002,192,14,92.71,Surface,Medium,Fail,2025,2025-12,Saturday,Low,Medium-Low,Low
QI00650,2025-07-16,Plant B,P002,Hydraulic Valve,Valves,E1002,246,11,95.53,Dimensional,Low,Fail,2025,2025-07,Wednesday,Low,Medium-Low,Medium-Low
QI00651,2025-04-17,Plant B,P003,Electric Motor,Motors,E1015,309,9,97.09,Dimensional,High,Pass,2025,2025-04,Thursday,Medium-Low,Medium-Low,Medium-High
QI00652,2025-09-26,Plant B,P001,Industrial Pump,Pumps,E1016,415,28,93.25,Surface,Low,Fail,2025,2025-09,Friday,Medium-Low,Medium-High,Low
QI00653,2025-08-20,Plant B,P006,Bearing Unit,Components,E1011,645,7,98.91,Electrical,Medium,Pass,2025,2025-08,Wednesday,Medium-High,Low,High
QI00654,2025-04-11,Plant B,P004,Gear Assembly,Assemblies,E1002,241,5,97.93,,Low,Pass,2025,2025-04,Friday,Low,Low,Medium-High
QI00655,2025-06-09,Plant C,P006,Bearing Unit,Components,E1008,536,28,94.78,Electrical,High,Fail,2025,2025-06,Monday,Medium-High,Medium-High,Medium-Low
QI00656,2025-04-05,Plant C,P003,Electric Motor,Motors,E1012,583,39,93.31,Assembly,High,Fail,2025,2025-04,Saturday,Medium-High,High,Low
QI00657,2025-07-26,Plant A,P003,Electric Motor,Motors,E1014,73,0,100.0,Material,Low,Pass,2025,2025-07,Saturday,Low,Low,High
QI00658,2025-11-09,Plant A,P001,Industrial Pump,Pumps,E1014,992,31,96.88,Surface,Medium,Pass,2025,2025-11,Sunday,High,High,Medium-High
QI00659,2025-08-23,Plant D,P005,Control Panel,Electrical,E1012,124,1,99.19,,Medium,Pass,2025,2025-08,Saturday,Low,Low,High
QI00660,2025-11-23,Plant A,P005,Control Panel,Electrical,E1002,927,60,93.53,Assembly,High,Fail,2025,2025-11,Sunday,High,High,Low
QI00661,2025-06-03,Plant C,P003,Electric Motor,Motors,E1014,695,35,94.96,Surface,Medium,Fail,2025,2025-06,Tuesday,Medium-High,High,Medium-Low
QI00662,2025-04-10,Plant A,P005,Control Panel,Electrical,E1012,972,27,97.22,,Low,Pass,2025,2025-04,Thursday,High,Medium-High,Medium-High
QI00663,2025-08-26,Plant A,P003,Electric Motor,Motors,E1009,443,5,98.87,Assembly,Low,Pass,2025,2025-08,Tuesday,Medium-Low,Low,High
QI00664,2025-04-17,Plant C,P006,Bearing Unit,Components,E1008,728,22,96.98,Electrical,Medium,Pass,2025,2025-04,Thursday,Medium-High,Medium-High,Medium-High
QI00665,2025-12-12,Plant B,P004,Gear Assembly,Assemblies,E1020,507,22,95.66,Assembly,Low,Fail,2025,2025-12,Friday,Medium-Low,Medium-High,Medium-Low
QI00666,2025-12-30,Plant C,P006,Bearing Unit,Components,E1016,159,11,93.08,Material,Low,Fail,2025,2025-12,Tuesday,Low,Medium-Low,Low
QI00667,2025-05-10,Plant C,P004,Gear Assembly,Assemblies,E1010,139,4,97.12,Dimensional,Low,Pass,2025,2025-05,Saturday,Low,Low,Medium-High
QI00668,2025-10-26,Plant D,P001,Industrial Pump,Pumps,E1007,86,7,91.86,,Medium,Fail,2025,2025-10,Sunday,Low,Low,Low
QI00669,2025-02-12,Plant D,P002,Hydraulic Valve,Valves,E1015,871,27,96.9,,Critical,Pass,2025,2025-02,Wednesday,High,Medium-High,Medium-High
QI00670,2025-03-04,Plant D,P002,Hydraulic Valve,Valves,E1009,612,14,97.71,Assembly,High,Pass,2025,2025-03,Tuesday,Medium-High,Medium-Low,Medium-High
QI00671,2025-03-14,Plant B,P006,Bearing Unit,Components,E1004,621,18,97.1,Assembly,Medium,Pass,2025,2025-03,Friday,Medium-High,Medium-High,Medium-High
QI00672,2025-07-05,Plant A,P005,Control Panel,Electrical,E1006,633,29,95.42,,High,Fail,2025,2025-07,Saturday,Medium-High,Medium-High,Medium-Low
QI00673,2025-04-27,Plant D,P002,Hydraulic Valve,Valves,E1012,689,52,92.45,Electrical,Low,Fail,2025,2025-04,Sunday,Medium-High,High,Low
QI00674,2025-10-31,Plant C,P004,Gear Assembly,Assemblies,E1015,356,16,95.51,,Medium,Fail,2025,2025-10,Friday,Medium-Low,Medium-Low,Medium-Low
QI00675,2025-01-05,Plant D,P001,Industrial Pump,Pumps,E1019,111,1,99.1,Assembly,Low,Pass,2025,2025-01,Sunday,Low,Low,High
QI00676,2025-03-17,Plant C,P004,Gear Assembly,Assemblies,E1002,354,1,99.72,Electrical,Medium,Pass,2025,2025-03,Monday,Medium-Low,Low,High
QI00677,2025-10-18,Plant B,P003,Electric Motor,Motors,E1019,228,2,99.12,Assembly,High,Pass,2025,2025-10,Saturday,Low,Low,High
QI00678,2025-12-15,Plant D,P005,Control Panel,Electrical,E1020,589,26,95.59,Assembly,High,Fail,2025,2025-12,Monday,Medium-High,Medium-High,Medium-Low
QI00679,2025-03-24,Plant C,P005,Control Panel,Electrical,E1020,801,55,93.13,Dimensional,Medium,Fail,2025,2025-03,Monday,High,High,Low
QI00680,2025-03-01,Plant A,P002,Hydraulic Valve,Valves,E1002,981,64,93.48,Material,Medium,Fail,2025,2025-03,Saturday,High,High,Low
QI00681,2025-04-17,Plant B,P003,Electric Motor,Motors,E1015,793,10,98.74,Assembly,High,Pass,2025,2025-04,Thursday,High,Medium-Low,High
QI00682,2025-04-27,Plant C,P002,Hydraulic Valve,Valves,E1012,714,6,99.16,Material,Low,Pass,2025,2025-04,Sunday,Medium-High,Low,High
QI00683,2025-11-03,Plant A,P002,Hydraulic Valve,Valves,E1001,981,21,97.86,Dimensional,Medium,Pass,2025,2025-11,Monday,High,Medium-High,Medium-High
QI00684,2025-12-13,Plant A,P002,Hydraulic Valve,Valves,E1014,894,55,93.85,Assembly,Low,Fail,2025,2025-12,Saturday,High,High,Low
QI00685,2025-03-23,Plant C,P003,Electric Motor,Motors,E1004,493,19,96.15,Material,High,Pass,2025,2025-03,Sunday,Medium-Low,Medium-High,Medium-Low
QI00686,2025-11-11,Plant D,P002,Hydraulic Valve,Valves,E1011,568,27,95.25,,Low,Fail,2025,2025-11,Tuesday,Medium-High,Medium-High,Medium-Low
QI00687,2025-11-16,Plant A,P005,Control Panel,Electrical,E1007,626,5,99.2,,Low,Pass,2025,2025-11,Sunday,Medium-High,Low,High
QI00688,2025-12-27,Plant B,P002,Hydraulic Valve,Valves,E1013,684,6,99.12,,Medium,Pass,2025,2025-12,Saturday,Medium-High,Low,High
QI00689,2025-05-21,Plant A,P003,Electric Motor,Motors,E1014,85,2,97.65,Surface,Low,Pass,2025,2025-05,Wednesday,Low,Low,Medium-High
QI00690,2025-08-10,Plant D,P003,Electric Motor,Motors,E1007,799,38,95.24,,Low,Fail,2025,2025-08,Sunday,High,High,Medium-Low
QI00691,2025-03-11,Plant B,P004,Gear Assembly,Assemblies,E1011,527,30,94.31,Dimensional,Medium,Fail,2025,2025-03,Tuesday,Medium-High,Medium-High,Low
QI00692,2025-01-12,Plant B,P002,Hydraulic Valve,Valves,E1020,122,1,99.18,Surface,High,Pass,2025,2025-01,Sunday,Low,Low,High
QI00693,2025-10-24,Plant B,P003,Electric Motor,Motors,E1020,79,0,100.0,Dimensional,Low,Pass,2025,2025-10,Friday,Low,Low,High
QI00694,2025-04-15,Plant C,P006,Bearing Unit,Components,E1011,788,25,96.83,,High,Pass,2025,2025-04,Tuesday,High,Medium-High,Medium-High
QI00695,2025-07-26,Plant A,P002,Hydraulic Valve,Valves,E1009,352,16,95.45,Dimensional,High,Fail,2025,2025-07,Saturday,Medium-Low,Medium-Low,Medium-Low
QI00696,2025-03-06,Plant D,P001,Industrial Pump,Pumps,E1004,396,4,98.99,Dimensional,Medium,Pass,2025,2025-03,Thursday,Medium-Low,Low,High
QI00697,2025-03-04,Plant C,P005,Control Panel,Electrical,E1002,846,59,93.03,Surface,Medium,Fail,2025,2025-03,Tuesday,High,High,Low
QI00698,2025-06-27,Plant C,P005,Control Panel,Electrical,E1002,560,28,95.0,Assembly,Low,Fail,2025,2025-06,Friday,Medium-High,Medium-High,Medium-Low
QI00699,2025-01-08,Plant B,P006,Bearing Unit,Components,E1009,566,22,96.11,,Low,Pass,2025,2025-01,Wednesday,Medium-High,Medium-High,Medium-Low
QI00700,2025-06-08,Plant C,P002,Hydraulic Valve,Valves,E1019,114,4,96.49,Electrical,Low,Pass,2025,2025-06,Sunday,Low,Low,Medium-High
QI00701,2025-01-11,Plant A,P005,Control Panel,Electrical,E1015,796,28,96.48,Assembly,Low,Pass,2025,2025-01,Saturday,High,Medium-High,Medium-High
QI00702,2025-09-30,Plant C,P005,Control Panel,Electrical,E1018,676,37,94.53,Dimensional,Low,Fail,2025,2025-09,Tuesday,Medium-High,High,Low
QI00703,2025-04-05,Plant C,P001,Industrial Pump,Pumps,E1016,502,4,99.2,Surface,Low,Pass,2025,2025-04,Saturday,Medium-Low,Low,High
QI00704,2025-06-04,Plant B,P005,Control Panel,Electrical,E1002,880,9,98.98,Dimensional,Medium,Pass,2025,2025-06,Wednesday,High,Medium-Low,High
QI00705,2025-07-25,Plant B,P005,Control Panel,Electrical,E1012,807,12,98.51,Electrical,Medium,Pass,2025,2025-07,Friday,High,Medium-Low,High
QI00706,2025-04-25,Plant C,P003,Electric Motor,Motors,E1001,910,54,94.07,Assembly,High,Fail,2025,2025-04,Friday,High,High,Low
QI00707,2025-03-28,Plant B,P005,Control Panel,Electrical,E1002,578,20,96.54,Surface,Low,Pass,2025,2025-03,Friday,Medium-High,Medium-High,Medium-High
QI00708,2025-11-08,Plant D,P002,Hydraulic Valve,Valves,E1014,944,38,95.97,,Low,Fail,2025,2025-11,Saturday,High,High,Medium-Low
QI00709,2025-07-16,Plant D,P005,Control Panel,Electrical,E1007,868,49,94.35,,Medium,Fail,2025,2025-07,Wednesday,High,High,Low
QI00710,2025-12-16,Plant D,P002,Hydraulic Valve,Valves,E1017,418,6,98.56,Dimensional,Low,Pass,2025,2025-12,Tuesday,Medium-Low,Low,High
QI00711,2025-04-08,Plant C,P005,Control Panel,Electrical,E1015,86,5,94.19,Dimensional,Medium,Fail,2025,2025-04,Tuesday,Low,Low,Low
QI00712,2025-01-19,Plant A,P002,Hydraulic Valve,Valves,E1017,905,32,96.46,Material,Medium,Pass,2025,2025-01,Sunday,High,High,Medium-High
QI00713,2025-11-09,Plant A,P005,Control Panel,Electrical,E1009,933,22,97.64,Surface,Medium,Pass,2025,2025-11,Sunday,High,Medium-High,Medium-High
QI00714,2025-01-16,Plant B,P006,Bearing Unit,Components,E1013,430,9,97.91,Surface,Low,Pass,2025,2025-01,Thursday,Medium-Low,Medium-Low,Medium-High
QI00715,2025-02-14,Plant A,P002,Hydraulic Valve,Valves,E1002,268,18,93.28,Electrical,Low,Fail,2025,2025-02,Friday,Low,Medium-High,Low
QI00716,2025-06-04,Plant A,P005,Control Panel,Electrical,E1015,698,52,92.55,,Low,Fail,2025,2025-06,Wednesday,Medium-High,High,Low
QI00717,2025-08-19,Plant C,P001,Industrial Pump,Pumps,E1020,295,2,99.32,Assembly,Low,Pass,2025,2025-08,Tuesday,Medium-Low,Low,High
QI00718,2025-06-06,Plant B,P003,Electric Motor,Motors,E1011,599,41,93.16,Dimensional,Low,Fail,2025,2025-06,Friday,Medium-High,High,Low
QI00719,2025-04-23,Plant A,P003,Electric Motor,Motors,E1019,300,11,96.33,Dimensional,Medium,Pass,2025,2025-04,Wednesday,Medium-Low,Medium-Low,Medium-Low
QI00720,2025-12-25,Plant D,P003,Electric Motor,Motors,E1014,614,9,98.53,Surface,Low,Pass,2025,2025-12,Thursday,Medium-High,Medium-Low,High
QI00721,2025-02-13,Plant B,P003,Electric Motor,Motors,E1004,958,13,98.64,Surface,Medium,Pass,2025,2025-02,Thursday,High,Medium-Low,High
QI00722,2025-12-31,Plant B,P001,Industrial Pump,Pumps,E1011,395,17,95.7,Electrical,Low,Fail,2025,2025-12,Wednesday,Medium-Low,Medium-High,Medium-Low
QI00723,2025-12-31,Plant B,P006,Bearing Unit,Components,E1016,870,43,95.06,,Low,Fail,2025,2025-12,Wednesday,High,High,Medium-Low
QI00724,2025-04-20,Plant D,P006,Bearing Unit,Components,E1002,764,27,96.47,Surface,Low,Pass,2025,2025-04,Sunday,Medium-High,Medium-High,Medium-High
QI00725,2025-04-21,Plant A,P001,Industrial Pump,Pumps,E1002,936,23,97.54,Electrical,Low,Pass,2025,2025-04,Monday,High,Medium-High,Medium-High
QI00726,2025-08-11,Plant D,P005,Control Panel,Electrical,E1009,521,20,96.16,Surface,Low,Pass,2025,2025-08,Monday,Medium-Low,Medium-High,Medium-Low
QI00727,2025-09-22,Plant B,P001,Industrial Pump,Pumps,E1004,936,21,97.76,Dimensional,Low,Pass,2025,2025-09,Monday,High,Medium-High,Medium-High
QI00728,2025-09-28,Plant B,P003,Electric Motor,Motors,E1008,610,4,99.34,,Low,Pass,2025,2025-09,Sunday,Medium-High,Low,High
QI00729,2025-07-31,Plant C,P006,Bearing Unit,Components,E1018,171,8,95.32,Dimensional,Low,Fail,2025,2025-07,Thursday,Low,Medium-Low,Medium-Low
QI00730,2025-11-10,Plant C,P004,Gear Assembly,Assemblies,E1015,375,15,96.0,Surface,High,Fail,2025,2025-11,Monday,Medium-Low,Medium-Low,Medium-Low
QI00731,2025-09-15,Plant C,P005,Control Panel,Electrical,E1002,980,50,94.9,Dimensional,High,Fail,2025,2025-09,Monday,High,High,Medium-Low
QI00732,2025-09-04,Plant C,P002,Hydraulic Valve,Valves,E1011,577,41,92.89,Electrical,Low,Fail,2025,2025-09,Thursday,Medium-High,High,Low
QI00733,2025-02-24,Plant B,P006,Bearing Unit,Components,E1017,830,12,98.55,,Low,Pass,2025,2025-02,Monday,High,Medium-Low,High
QI00734,2025-11-05,Plant D,P003,Electric Motor,Motors,E1007,797,2,99.75,Dimensional,Medium,Pass,2025,2025-11,Wednesday,High,Low,High
QI00735,2025-12-16,Plant C,P006,Bearing Unit,Components,E1008,170,2,98.82,Electrical,High,Pass,2025,2025-12,Tuesday,Low,Low,High
QI00736,2025-03-13,Plant D,P003,Electric Motor,Motors,E1010,188,7,96.28,Dimensional,High,Pass,2025,2025-03,Thursday,Low,Low,Medium-Low
QI00737,2025-10-23,Plant C,P003,Electric Motor,Motors,E1003,136,7,94.85,Material,Low,Fail,2025,2025-10,Thursday,Low,Low,Medium-Low
QI00738,2025-08-01,Plant A,P006,Bearing Unit,Components,E1013,179,3,98.32,Assembly,Low,Pass,2025,2025-08,Friday,Low,Low,High
QI00739,2025-10-22,Plant C,P006,Bearing Unit,Components,E1017,301,6,98.01,Material,Medium,Pass,2025,2025-10,Wednesday,Medium-Low,Low,Medium-High
QI00740,2025-06-20,Plant D,P006,Bearing Unit,Components,E1013,911,20,97.8,Electrical,High,Pass,2025,2025-06,Friday,High,Medium-High,Medium-High
QI00741,2025-09-03,Plant C,P001,Industrial Pump,Pumps,E1019,836,16,98.09,,Low,Pass,2025,2025-09,Wednesday,High,Medium-Low,Medium-High
QI00742,2025-05-21,Plant A,P006,Bearing Unit,Components,E1009,409,21,94.87,Electrical,Medium,Fail,2025,2025-05,Wednesday,Medium-Low,Medium-High,Medium-Low
QI00743,2025-04-14,Plant D,P002,Hydraulic Valve,Valves,E1016,862,43,95.01,Electrical,Low,Fail,2025,2025-04,Monday,High,High,Medium-Low
QI00744,2025-04-15,Plant D,P005,Control Panel,Electrical,E1005,479,3,99.37,Material,Low,Pass,2025,2025-04,Tuesday,Medium-Low,Low,High
QI00745,2025-08-28,Plant D,P003,Electric Motor,Motors,E1009,96,6,93.75,Assembly,Medium,Fail,2025,2025-08,Thursday,Low,Low,Low
QI00746,2025-11-07,Plant B,P006,Bearing Unit,Components,E1009,994,44,95.57,Surface,Low,Fail,2025,2025-11,Friday,High,High,Medium-Low
QI00747,2025-11-17,Plant D,P002,Hydraulic Valve,Valves,E1006,640,20,96.88,Surface,Medium,Pass,2025,2025-11,Monday,Medium-High,Medium-High,Medium-High
QI00748,2025-10-07,Plant B,P004,Gear Assembly,Assemblies,E1010,550,24,95.64,Dimensional,Medium,Fail,2025,2025-10,Tuesday,Medium-High,Medium-High,Medium-Low
QI00749,2025-01-22,Plant A,P006,Bearing Unit,Components,E1018,859,58,93.25,Electrical,High,Fail,2025,2025-01,Wednesday,High,High,Low
QI00750,2025-03-19,Plant D,P001,Industrial Pump,Pumps,E1011,978,6,99.39,Assembly,Low,Pass,2025,2025-03,Wednesday,High,Low,High
QI00751,2025-10-28,Plant D,P003,Electric Motor,Motors,E1015,925,15,98.38,Dimensional,Low,Pass,2025,2025-10,Tuesday,High,Medium-Low,High
QI00752,2025-07-14,Plant D,P002,Hydraulic Valve,Valves,E1007,474,20,95.78,Assembly,Low,Fail,2025,2025-07,Monday,Medium-Low,Medium-High,Medium-Low
QI00753,2025-11-16,Plant A,P006,Bearing Unit,Components,E1014,424,14,96.7,,Medium,Pass,2025,2025-11,Sunday,Medium-Low,Medium-Low,Medium-High
QI00754,2025-12-19,Plant B,P002,Hydraulic Valve,Valves,E1008,903,16,98.23,Surface,Medium,Pass,2025,2025-12,Friday,High,Medium-Low,High
QI00755,2025-01-21,Plant C,P003,Electric Motor,Motors,E1019,780,56,92.82,Surface,Low,Fail,2025,2025-01,Tuesday,High,High,Low
QI00756,2025-06-09,Plant A,P002,Hydraulic Valve,Valves,E1015,160,10,93.75,,Medium,Fail,2025,2025-06,Monday,Low,Medium-Low,Low
QI00757,2025-08-20,Plant A,P002,Hydraulic Valve,Valves,E1019,276,14,94.93,Material,Medium,Fail,2025,2025-08,Wednesday,Low,Medium-Low,Medium-Low
QI00758,2025-12-27,Plant A,P006,Bearing Unit,Components,E1018,836,16,98.09,Dimensional,Low,Pass,2025,2025-12,Saturday,High,Medium-Low,Medium-High
QI00759,2025-10-28,Plant B,P006,Bearing Unit,Components,E1017,817,47,94.25,Electrical,Medium,Fail,2025,2025-10,Tuesday,High,High,Low
QI00760,2025-02-13,Plant B,P005,Control Panel,Electrical,E1003,88,1,98.86,Assembly,Low,Pass,2025,2025-02,Thursday,Low,Low,High
QI00761,2025-10-24,Plant B,P001,Industrial Pump,Pumps,E1003,184,3,98.37,Assembly,High,Pass,2025,2025-10,Friday,Low,Low,High
QI00762,2025-12-18,Plant B,P005,Control Panel,Electrical,E1007,344,19,94.48,Assembly,Medium,Fail,2025,2025-12,Thursday,Medium-Low,Medium-High,Low
QI00763,2025-06-29,Plant B,P001,Industrial Pump,Pumps,E1010,659,6,99.09,Assembly,Low,Pass,2025,2025-06,Sunday,Medium-High,Low,High
QI00764,2025-04-11,Plant D,P001,Industrial Pump,Pumps,E1017,83,4,95.18,Material,Medium,Fail,2025,2025-04,Friday,Low,Low,Medium-Low
QI00765,2025-04-25,Plant C,P005,Control Panel,Electrical,E1015,477,11,97.69,Surface,Medium,Pass,2025,2025-04,Friday,Medium-Low,Medium-Low,Medium-High
QI00766,2025-08-01,Plant C,P003,Electric Motor,Motors,E1008,117,8,93.16,Material,Low,Fail,2025,2025-08,Friday,Low,Medium-Low,Low
QI00767,2025-01-18,Plant B,P002,Hydraulic Valve,Valves,E1017,752,23,96.94,,Medium,Pass,2025,2025-01,Saturday,Medium-High,Medium-High,Medium-High
QI00768,2025-01-27,Plant B,P004,Gear Assembly,Assemblies,E1003,248,12,95.16,Electrical,Low,Fail,2025,2025-01,Monday,Low,Medium-Low,Medium-Low
QI00769,2025-12-24,Plant D,P005,Control Panel,Electrical,E1004,609,4,99.34,Material,Medium,Pass,2025,2025-12,Wednesday,Medium-High,Low,High
QI00770,2025-10-12,Plant B,P005,Control Panel,Electrical,E1008,308,14,95.45,Surface,High,Fail,2025,2025-10,Sunday,Medium-Low,Medium-Low,Medium-Low
QI00771,2025-05-29,Plant D,P003,Electric Motor,Motors,E1013,774,40,94.83,Surface,Medium,Fail,2025,2025-05,Thursday,High,High,Medium-Low
QI00772,2025-10-12,Plant D,P002,Hydraulic Valve,Valves,E1001,723,25,96.54,,Low,Pass,2025,2025-10,Sunday,Medium-High,Medium-High,Medium-High
QI00773,2025-05-17,Plant A,P006,Bearing Unit,Components,E1018,674,19,97.18,Dimensional,Low,Pass,2025,2025-05,Saturday,Medium-High,Medium-High,Medium-High
QI00774,2025-07-08,Plant A,P005,Control Panel,Electrical,E1011,186,2,98.92,Surface,Low,Pass,2025,2025-07,Tuesday,Low,Low,High
QI00775,2025-07-09,Plant B,P004,Gear Assembly,Assemblies,E1006,878,24,97.27,Electrical,Medium,Pass,2025,2025-07,Wednesday,High,Medium-High,Medium-High
QI00776,2025-07-18,Plant D,P002,Hydraulic Valve,Valves,E1016,965,14,98.55,Electrical,Medium,Pass,2025,2025-07,Friday,High,Medium-Low,High
QI00777,2025-04-12,Plant B,P005,Control Panel,Electrical,E1019,985,31,96.85,Assembly,Low,Pass,2025,2025-04,Saturday,High,High,Medium-High
QI00778,2025-04-01,Plant A,P006,Bearing Unit,Components,E1017,430,30,93.02,Surface,High,Fail,2025,2025-04,Tuesday,Medium-Low,Medium-High,Low
QI00779,2025-08-12,Plant A,P005,Control Panel,Electrical,E1018,573,21,96.34,Dimensional,Low,Pass,2025,2025-08,Tuesday,Medium-High,Medium-High,Medium-Low
QI00780,2025-01-05,Plant A,P006,Bearing Unit,Components,E1011,920,24,97.39,Electrical,Medium,Pass,2025,2025-01,Sunday,High,Medium-High,Medium-High
QI00781,2025-12-19,Plant A,P001,Industrial Pump,Pumps,E1014,287,19,93.38,Assembly,Medium,Fail,2025,2025-12,Friday,Medium-Low,Medium-High,Low
QI00782,2025-01-15,Plant A,P001,Industrial Pump,Pumps,E1012,333,3,99.1,Assembly,Medium,Pass,2025,2025-01,Wednesday,Medium-Low,Low,High
QI00783,2025-01-05,Plant B,P005,Control Panel,Electrical,E1020,737,28,96.2,Assembly,Medium,Pass,2025,2025-01,Sunday,Medium-High,Medium-High,Medium-Low
QI00784,2025-08-18,Plant B,P003,Electric Motor,Motors,E1007,786,32,95.93,Assembly,Low,Fail,2025,2025-08,Monday,High,High,Medium-Low
QI00785,2025-12-23,Plant A,P001,Industrial Pump,Pumps,E1017,507,36,92.9,Surface,High,Fail,2025,2025-12,Tuesday,Medium-Low,High,Low
QI00786,2025-12-03,Plant B,P005,Control Panel,Electrical,E1005,636,30,95.28,Material,Medium,Fail,2025,2025-12,Wednesday,Medium-High,Medium-High,Medium-Low
QI00787,2025-04-24,Plant A,P006,Bearing Unit,Components,E1014,184,12,93.48,Dimensional,Medium,Fail,2025,2025-04,Thursday,Low,Medium-Low,Low
QI00788,2025-01-04,Plant A,P002,Hydraulic Valve,Valves,E1013,131,1,99.24,Surface,Medium,Pass,2025,2025-01,Saturday,Low,Low,High
QI00789,2025-07-03,Plant A,P006,Bearing Unit,Components,E1012,644,30,95.34,Material,Low,Fail,2025,2025-07,Thursday,Medium-High,Medium-High,Medium-Low
QI00790,2025-08-01,Plant B,P004,Gear Assembly,Assemblies,E1014,703,37,94.74,Surface,Medium,Fail,2025,2025-08,Friday,Medium-High,High,Medium-Low
QI00791,2025-09-04,Plant B,P001,Industrial Pump,Pumps,E1009,258,1,99.61,Electrical,Medium,Pass,2025,2025-09,Thursday,Low,Low,High
QI00792,2025-02-03,Plant D,P005,Control Panel,Electrical,E1004,776,2,99.74,Surface,Medium,Pass,2025,2025-02,Monday,High,Low,High
QI00793,2025-10-23,Plant B,P001,Industrial Pump,Pumps,E1019,452,28,93.81,Electrical,Medium,Fail,2025,2025-10,Thursday,Medium-Low,Medium-High,Low
QI00794,2025-07-15,Plant B,P006,Bearing Unit,Components,E1001,871,45,94.83,Surface,High,Fail,2025,2025-07,Tuesday,High,High,Medium-Low
QI00795,2025-05-07,Plant C,P006,Bearing Unit,Components,E1013,816,26,96.81,,Low,Pass,2025,2025-05,Wednesday,High,Medium-High,Medium-High
QI00796,2025-05-22,Plant A,P002,Hydraulic Valve,Valves,E1006,237,14,94.09,Surface,High,Fail,2025,2025-05,Thursday,Low,Medium-Low,Low
QI00797,2025-05-16,Plant A,P003,Electric Motor,Motors,E1001,542,33,93.91,Assembly,Low,Fail,2025,2025-05,Friday,Medium-High,High,Low
QI00798,2025-05-08,Plant B,P005,Control Panel,Electrical,E1017,808,56,93.07,,Medium,Fail,2025,2025-05,Thursday,High,High,Low
QI00799,2025-11-19,Plant B,P002,Hydraulic Valve,Valves,E1003,304,18,94.08,Assembly,Low,Fail,2025,2025-11,Wednesday,Medium-Low,Medium-High,Low
QI00800,2025-06-23,Plant D,P004,Gear Assembly,Assemblies,E1017,372,9,97.58,Assembly,Low,Pass,2025,2025-06,Monday,Medium-Low,Medium-Low,Medium-High
QI00801,2025-08-06,Plant C,P005,Control Panel,Electrical,E1002,723,33,95.44,Assembly,Low,Fail,2025,2025-08,Wednesday,Medium-High,High,Medium-Low
QI00802,2025-04-24,Plant A,P004,Gear Assembly,Assemblies,E1007,906,49,94.59,Electrical,Low,Fail,2025,2025-04,Thursday,High,High,Low
QI00803,2025-12-16,Plant A,P003,Electric Motor,Motors,E1001,474,32,93.25,Material,Low,Fail,2025,2025-12,Tuesday,Medium-Low,High,Low
QI00804,2025-01-12,Plant B,P005,Control Panel,Electrical,E1015,464,17,96.34,Dimensional,Medium,Pass,2025,2025-01,Sunday,Medium-Low,Medium-High,Medium-Low
QI00805,2025-09-01,Plant B,P005,Control Panel,Electrical,E1004,216,2,99.07,,Low,Pass,2025,2025-09,Monday,Low,Low,High
QI00806,2025-02-21,Plant C,P002,Hydraulic Valve,Valves,E1006,639,16,97.5,Assembly,Medium,Pass,2025,2025-02,Friday,Medium-High,Medium-Low,Medium-High
QI00807,2025-07-05,Plant A,P001,Industrial Pump,Pumps,E1013,534,17,96.82,,Low,Pass,2025,2025-07,Saturday,Medium-High,Medium-High,Medium-High
QI00808,2025-08-21,Plant C,P005,Control Panel,Electrical,E1013,485,27,94.43,Dimensional,Low,Fail,2025,2025-08,Thursday,Medium-Low,Medium-High,Low
QI00809,2025-01-02,Plant A,P003,Electric Motor,Motors,E1020,736,39,94.7,,Low,Fail,2025,2025-01,Thursday,Medium-High,High,Medium-Low
QI00810,2025-01-01,Plant B,P005,Control Panel,Electrical,E1001,581,28,95.18,Dimensional,Low,Fail,2025,2025-01,Wednesday,Medium-High,Medium-High,Medium-Low
QI00811,2025-08-27,Plant C,P005,Control Panel,Electrical,E1002,657,24,96.35,Material,Low,Pass,2025,2025-08,Wednesday,Medium-High,Medium-High,Medium-Low
QI00812,2025-02-24,Plant D,P005,Control Panel,Electrical,E1006,530,32,93.96,Electrical,Critical,Fail,2025,2025-02,Monday,Medium-High,High,Low
QI00813,2025-08-08,Plant B,P005,Control Panel,Electrical,E1011,229,4,98.25,Assembly,Low,Pass,2025,2025-08,Friday,Low,Low,High
QI00814,2025-04-14,Plant D,P003,Electric Motor,Motors,E1018,656,7,98.93,Assembly,Medium,Pass,2025,2025-04,Monday,Medium-High,Low,High
QI00815,2025-12-21,Plant D,P002,Hydraulic Valve,Valves,E1013,120,4,96.67,Dimensional,Low,Pass,2025,2025-12,Sunday,Low,Low,Medium-High
QI00816,2025-11-20,Plant D,P001,Industrial Pump,Pumps,E1012,751,39,94.81,Electrical,High,Fail,2025,2025-11,Thursday,Medium-High,High,Medium-Low
QI00817,2025-12-04,Plant A,P003,Electric Motor,Motors,E1020,950,49,94.84,Surface,Low,Fail,2025,2025-12,Thursday,High,High,Medium-Low
QI00818,2025-11-02,Plant D,P003,Electric Motor,Motors,E1007,490,16,96.73,Assembly,High,Pass,2025,2025-11,Sunday,Medium-Low,Medium-Low,Medium-High
QI00819,2025-10-04,Plant A,P004,Gear Assembly,Assemblies,E1020,693,2,99.71,Material,Low,Pass,2025,2025-10,Saturday,Medium-High,Low,High
QI00820,2025-01-10,Plant C,P001,Industrial Pump,Pumps,E1007,188,7,96.28,Dimensional,Low,Pass,2025,2025-01,Friday,Low,Low,Medium-Low
QI00821,2025-12-07,Plant B,P002,Hydraulic Valve,Valves,E1007,836,43,94.86,Electrical,Medium,Fail,2025,2025-12,Sunday,High,High,Medium-Low
QI00822,2025-04-14,Plant A,P006,Bearing Unit,Components,E1002,151,8,94.7,Assembly,Medium,Fail,2025,2025-04,Monday,Low,Medium-Low,Medium-Low
QI00823,2025-12-11,Plant A,P002,Hydraulic Valve,Valves,E1011,517,14,97.29,Surface,Low,Pass,2025,2025-12,Thursday,Medium-Low,Medium-Low,Medium-High
QI00824,2025-07-17,Plant C,P006,Bearing Unit,Components,E1001,332,4,98.8,,Low,Pass,2025,2025-07,Thursday,Medium-Low,Low,High
QI00825,2025-01-14,Plant C,P004,Gear Assembly,Assemblies,E1013,78,4,94.87,Assembly,Medium,Fail,2025,2025-01,Tuesday,Low,Low,Medium-Low
QI00826,2025-06-17,Plant B,P004,Gear Assembly,Assemblies,E1012,67,2,97.01,Surface,Low,Pass,2025,2025-06,Tuesday,Low,Low,Medium-High
QI00827,2025-12-26,Plant C,P003,Electric Motor,Motors,E1013,982,14,98.57,Dimensional,Medium,Pass,2025,2025-12,Friday,High,Medium-Low,High
QI00828,2025-12-04,Plant A,P002,Hydraulic Valve,Valves,E1007,805,49,93.91,Assembly,Medium,Fail,2025,2025-12,Thursday,High,High,Low
QI00829,2025-01-30,Plant B,P006,Bearing Unit,Components,E1012,736,50,93.21,Electrical,Medium,Fail,2025,2025-01,Thursday,Medium-High,High,Low
QI00830,2025-01-14,Plant B,P002,Hydraulic Valve,Valves,E1017,557,28,94.97,Surface,Low,Fail,2025,2025-01,Tuesday,Medium-High,Medium-High,Medium-Low
QI00831,2025-08-26,Plant B,P006,Bearing Unit,Components,E1008,650,33,94.92,Dimensional,Medium,Fail,2025,2025-08,Tuesday,Medium-High,High,Medium-Low
QI00832,2025-03-03,Plant D,P002,Hydraulic Valve,Valves,E1003,69,2,97.1,Assembly,Low,Pass,2025,2025-03,Monday,Low,Low,Medium-High
QI00833,2025-04-20,Plant D,P003,Electric Motor,Motors,E1007,375,2,99.47,Assembly,Low,Pass,2025,2025-04,Sunday,Medium-Low,Low,High
QI00834,2025-11-05,Plant A,P006,Bearing Unit,Components,E1019,405,3,99.26,Dimensional,Medium,Pass,2025,2025-11,Wednesday,Medium-Low,Low,High
QI00835,2025-06-09,Plant D,P002,Hydraulic Valve,Valves,E1020,482,29,93.98,Assembly,High,Fail,2025,2025-06,Monday,Medium-Low,Medium-High,Low
QI00836,2025-11-28,Plant C,P005,Control Panel,Electrical,E1008,448,4,99.11,,Low,Pass,2025,2025-11,Friday,Medium-Low,Low,High
QI00837,2025-02-24,Plant B,P004,Gear Assembly,Assemblies,E1014,67,5,92.54,,Low,Fail,2025,2025-02,Monday,Low,Low,Low
QI00838,2025-09-06,Plant A,P004,Gear Assembly,Assemblies,E1014,599,15,97.5,,Medium,Pass,2025,2025-09,Saturday,Medium-High,Medium-Low,Medium-High
QI00839,2025-09-13,Plant C,P006,Bearing Unit,Components,E1002,425,18,95.76,Material,Low,Fail,2025,2025-09,Saturday,Medium-Low,Medium-High,Medium-Low
QI00840,2025-01-22,Plant B,P004,Gear Assembly,Assemblies,E1006,650,21,96.77,Surface,Medium,Pass,2025,2025-01,Wednesday,Medium-High,Medium-High,Medium-High
QI00841,2025-04-13,Plant C,P004,Gear Assembly,Assemblies,E1016,389,15,96.14,Dimensional,Critical,Pass,2025,2025-04,Sunday,Medium-Low,Medium-Low,Medium-Low
QI00842,2025-10-28,Plant D,P005,Control Panel,Electrical,E1009,199,1,99.5,Electrical,Critical,Pass,2025,2025-10,Tuesday,Low,Low,High
QI00843,2025-09-21,Plant C,P001,Industrial Pump,Pumps,E1015,765,52,93.2,Assembly,Low,Fail,2025,2025-09,Sunday,Medium-High,High,Low
QI00844,2025-08-24,Plant D,P002,Hydraulic Valve,Valves,E1019,282,12,95.74,,Medium,Fail,2025,2025-08,Sunday,Medium-Low,Medium-Low,Medium-Low
QI00845,2025-11-17,Plant C,P006,Bearing Unit,Components,E1015,153,9,94.12,Surface,High,Fail,2025,2025-11,Monday,Low,Medium-Low,Low
QI00846,2025-08-21,Plant A,P004,Gear Assembly,Assemblies,E1012,672,31,95.39,Electrical,Low,Fail,2025,2025-08,Thursday,Medium-High,High,Medium-Low
QI00847,2025-06-17,Plant D,P002,Hydraulic Valve,Valves,E1009,786,11,98.6,Assembly,Medium,Pass,2025,2025-06,Tuesday,High,Medium-Low,High
QI00848,2025-08-21,Plant D,P002,Hydraulic Valve,Valves,E1016,270,12,95.56,Electrical,Low,Fail,2025,2025-08,Thursday,Low,Medium-Low,Medium-Low
QI00849,2025-01-05,Plant B,P005,Control Panel,Electrical,E1006,75,1,98.67,Electrical,Low,Pass,2025,2025-01,Sunday,Low,Low,High
QI00850,2025-02-14,Plant D,P002,Hydraulic Valve,Valves,E1020,113,4,96.46,Surface,Critical,Pass,2025,2025-02,Friday,Low,Low,Medium-High
QI00851,2025-02-15,Plant B,P004,Gear Assembly,Assemblies,E1015,303,22,92.74,,Medium,Fail,2025,2025-02,Saturday,Medium-Low,Medium-High,Low
QI00852,2025-06-13,Plant D,P006,Bearing Unit,Components,E1013,298,2,99.33,Electrical,Low,Pass,2025,2025-06,Friday,Medium-Low,Low,High
QI00853,2025-06-18,Plant D,P002,Hydraulic Valve,Valves,E1010,785,5,99.36,Assembly,High,Pass,2025,2025-06,Wednesday,High,Low,High
QI00854,2025-12-01,Plant D,P005,Control Panel,Electrical,E1014,875,25,97.14,Surface,Medium,Pass,2025,2025-12,Monday,High,Medium-High,Medium-High
QI00855,2025-06-13,Plant D,P006,Bearing Unit,Components,E1003,180,13,92.78,Electrical,High,Fail,2025,2025-06,Friday,Low,Medium-Low,Low
QI00856,2025-09-13,Plant B,P006,Bearing Unit,Components,E1012,79,1,98.73,Surface,Low,Pass,2025,2025-09,Saturday,Low,Low,High
QI00857,2025-03-07,Plant A,P006,Bearing Unit,Components,E1001,836,43,94.86,Surface,Low,Fail,2025,2025-03,Friday,High,High,Medium-Low
QI00858,2025-09-17,Plant C,P004,Gear Assembly,Assemblies,E1016,59,0,100.0,Surface,Low,Pass,2025,2025-09,Wednesday,Low,Low,High
QI00859,2025-03-29,Plant D,P005,Control Panel,Electrical,E1010,138,7,94.93,Dimensional,Medium,Fail,2025,2025-03,Saturday,Low,Low,Medium-Low
QI00860,2025-08-28,Plant D,P003,Electric Motor,Motors,E1009,479,9,98.12,Assembly,Low,Pass,2025,2025-08,Thursday,Medium-Low,Medium-Low,High
QI00861,2025-11-07,Plant A,P001,Industrial Pump,Pumps,E1018,196,2,98.98,Electrical,Low,Pass,2025,2025-11,Friday,Low,Low,High
QI00862,2025-02-28,Plant B,P002,Hydraulic Valve,Valves,E1001,176,5,97.16,,Critical,Pass,2025,2025-02,Friday,Low,Low,Medium-High
QI00863,2025-06-19,Plant C,P002,Hydraulic Valve,Valves,E1010,747,6,99.2,Dimensional,High,Pass,2025,2025-06,Thursday,Medium-High,Low,High
QI00864,2025-09-15,Plant A,P002,Hydraulic Valve,Valves,E1007,173,1,99.42,Dimensional,Medium,Pass,2025,2025-09,Monday,Low,Low,High
QI00865,2025-02-15,Plant A,P003,Electric Motor,Motors,E1010,668,12,98.2,,High,Pass,2025,2025-02,Saturday,Medium-High,Medium-Low,High
QI00866,2025-01-02,Plant A,P006,Bearing Unit,Components,E1012,390,18,95.38,Dimensional,High,Fail,2025,2025-01,Thursday,Medium-Low,Medium-High,Medium-Low
QI00867,2025-05-09,Plant A,P006,Bearing Unit,Components,E1011,567,8,98.59,Dimensional,Medium,Pass,2025,2025-05,Friday,Medium-High,Medium-Low,High
QI00868,2025-09-26,Plant D,P001,Industrial Pump,Pumps,E1009,100,1,99.0,Dimensional,Medium,Pass,2025,2025-09,Friday,Low,Low,High
QI00869,2025-11-22,Plant C,P005,Control Panel,Electrical,E1005,447,4,99.11,,High,Pass,2025,2025-11,Saturday,Medium-Low,Low,High
QI00870,2025-10-05,Plant D,P003,Electric Motor,Motors,E1004,363,8,97.8,Material,Medium,Pass,2025,2025-10,Sunday,Medium-Low,Medium-Low,Medium-High
QI00871,2025-01-17,Plant A,P003,Electric Motor,Motors,E1020,697,22,96.84,Surface,Low,Pass,2025,2025-01,Friday,Medium-High,Medium-High,Medium-High
QI00872,2025-07-06,Plant C,P004,Gear Assembly,Assemblies,E1013,563,19,96.63,Assembly,Low,Pass,2025,2025-07,Sunday,Medium-High,Medium-High,Medium-High
QI00873,2025-12-08,Plant A,P006,Bearing Unit,Components,E1008,551,31,94.37,Electrical,Low,Fail,2025,2025-12,Monday,Medium-High,High,Low
QI00874,2025-11-22,Plant B,P003,Electric Motor,Motors,E1016,579,8,98.62,,High,Pass,2025,2025-11,Saturday,Medium-High,Medium-Low,High
QI00875,2025-04-26,Plant A,P003,Electric Motor,Motors,E1001,810,54,93.33,Dimensional,Medium,Fail,2025,2025-04,Saturday,High,High,Low
QI00876,2025-09-16,Plant A,P002,Hydraulic Valve,Valves,E1017,746,8,98.93,,High,Pass,2025,2025-09,Tuesday,Medium-High,Medium-Low,High
QI00877,2025-09-06,Plant B,P006,Bearing Unit,Components,E1015,783,41,94.76,Dimensional,Medium,Fail,2025,2025-09,Saturday,High,High,Medium-Low
QI00878,2025-07-17,Plant D,P004,Gear Assembly,Assemblies,E1015,789,48,93.92,Electrical,Low,Fail,2025,2025-07,Thursday,High,High,Low
QI00879,2025-12-03,Plant C,P005,Control Panel,Electrical,E1018,909,36,96.04,Surface,Medium,Pass,2025,2025-12,Wednesday,High,High,Medium-Low
QI00880,2025-08-15,Plant A,P001,Industrial Pump,Pumps,E1006,468,35,92.52,Material,Low,Fail,2025,2025-08,Friday,Medium-Low,High,Low
QI00881,2025-06-26,Plant A,P005,Control Panel,Electrical,E1002,243,5,97.94,Assembly,Low,Pass,2025,2025-06,Thursday,Low,Low,Medium-High
QI00882,2025-08-31,Plant B,P004,Gear Assembly,Assemblies,E1005,361,9,97.51,Assembly,High,Pass,2025,2025-08,Sunday,Medium-Low,Medium-Low,Medium-High
QI00883,2025-12-23,Plant C,P002,Hydraulic Valve,Valves,E1019,771,22,97.15,Material,Medium,Pass,2025,2025-12,Tuesday,High,Medium-High,Medium-High
QI00884,2025-02-04,Plant B,P001,Industrial Pump,Pumps,E1007,348,2,99.43,Assembly,High,Pass,2025,2025-02,Tuesday,Medium-Low,Low,High
QI00885,2025-05-15,Plant A,P005,Control Panel,Electrical,E1009,378,8,97.88,Material,Low,Pass,2025,2025-05,Thursday,Medium-Low,Medium-Low,Medium-High
QI00886,2025-11-02,Plant D,P006,Bearing Unit,Components,E1002,525,17,96.76,Surface,Medium,Pass,2025,2025-11,Sunday,Medium-High,Medium-High,Medium-High
QI00887,2025-01-10,Plant D,P006,Bearing Unit,Components,E1007,633,4,99.37,Electrical,Low,Pass,2025,2025-01,Friday,Medium-High,Low,High
QI00888,2025-07-02,Plant C,P001,Industrial Pump,Pumps,E1014,166,5,96.99,Dimensional,Medium,Pass,2025,2025-07,Wednesday,Low,Low,Medium-High
QI00889,2025-07-21,Plant A,P001,Industrial Pump,Pumps,E1015,313,5,98.4,Electrical,Low,Pass,2025,2025-07,Monday,Medium-Low,Low,High
QI00890,2025-01-19,Plant B,P001,Industrial Pump,Pumps,E1012,566,28,95.05,Material,Medium,Fail,2025,2025-01,Sunday,Medium-High,Medium-High,Medium-Low
QI00891,2025-01-23,Plant A,P003,Electric Motor,Motors,E1020,830,54,93.49,Material,Low,Fail,2025,2025-01,Thursday,High,High,Low
QI00892,2025-04-05,Plant B,P004,Gear Assembly,Assemblies,E1004,568,18,96.83,Material,Low,Pass,2025,2025-04,Saturday,Medium-High,Medium-High,Medium-High
QI00893,2025-03-05,Plant B,P006,Bearing Unit,Components,E1013,70,2,97.14,Surface,Medium,Pass,2025,2025-03,Wednesday,Low,Low,Medium-High
QI00894,2025-08-08,Plant C,P006,Bearing Unit,Components,E1009,526,16,96.96,Assembly,Medium,Pass,2025,2025-08,Friday,Medium-High,Medium-Low,Medium-High
QI00895,2025-04-06,Plant B,P004,Gear Assembly,Assemblies,E1012,598,23,96.15,Electrical,Medium,Pass,2025,2025-04,Sunday,Medium-High,Medium-High,Medium-Low
QI00896,2025-12-19,Plant C,P002,Hydraulic Valve,Valves,E1010,222,4,98.2,,Medium,Pass,2025,2025-12,Friday,Low,Low,High
QI00897,2025-09-22,Plant D,P006,Bearing Unit,Components,E1009,997,80,91.98,Surface,High,Fail,2025,2025-09,Monday,High,High,Low
QI00898,2025-06-06,Plant C,P005,Control Panel,Electrical,E1007,993,39,96.07,Assembly,High,Pass,2025,2025-06,Friday,High,High,Medium-Low
QI00899,2025-07-26,Plant C,P002,Hydraulic Valve,Valves,E1012,111,6,94.59,Material,Low,Fail,2025,2025-07,Saturday,Low,Low,Low
QI00900,2025-10-01,Plant C,P005,Control Panel,Electrical,E1016,255,22,91.37,,Low,Fail,2025,2025-10,Wednesday,Low,Medium-High,Low
QI00901,2025-12-04,Plant D,P001,Industrial Pump,Pumps,E1015,662,31,95.32,Electrical,Medium,Fail,2025,2025-12,Thursday,Medium-High,High,Medium-Low
QI00902,2025-09-03,Plant C,P006,Bearing Unit,Components,E1007,680,29,95.74,Electrical,Low,Fail,2025,2025-09,Wednesday,Medium-High,Medium-High,Medium-Low
QI00903,2025-07-18,Plant B,P005,Control Panel,Electrical,E1008,228,2,99.12,Electrical,Low,Pass,2025,2025-07,Friday,Low,Low,High
QI00904,2025-10-12,Plant B,P005,Control Panel,Electrical,E1007,693,40,94.23,Surface,Low,Fail,2025,2025-10,Sunday,Medium-High,High,Low
QI00905,2025-03-24,Plant C,P001,Industrial Pump,Pumps,E1011,937,27,97.12,Assembly,Low,Pass,2025,2025-03,Monday,High,Medium-High,Medium-High
QI00906,2025-11-13,Plant B,P002,Hydraulic Valve,Valves,E1004,391,11,97.19,,Medium,Pass,2025,2025-11,Thursday,Medium-Low,Medium-Low,Medium-High
QI00907,2025-05-13,Plant C,P005,Control Panel,Electrical,E1018,489,4,99.18,Dimensional,Low,Pass,2025,2025-05,Tuesday,Medium-Low,Low,High
QI00908,2025-04-15,Plant D,P006,Bearing Unit,Components,E1019,124,3,97.58,Assembly,Low,Pass,2025,2025-04,Tuesday,Low,Low,Medium-High
QI00909,2025-08-25,Plant B,P002,Hydraulic Valve,Valves,E1007,339,21,93.81,,High,Fail,2025,2025-08,Monday,Medium-Low,Medium-High,Low
QI00910,2025-03-10,Plant C,P002,Hydraulic Valve,Valves,E1013,606,12,98.02,Dimensional,High,Pass,2025,2025-03,Monday,Medium-High,Medium-Low,Medium-High
QI00911,2025-07-03,Plant A,P004,Gear Assembly,Assemblies,E1009,193,13,93.26,Electrical,High,Fail,2025,2025-07,Thursday,Low,Medium-Low,Low
QI00912,2025-04-28,Plant D,P006,Bearing Unit,Components,E1018,698,15,97.85,,Low,Pass,2025,2025-04,Monday,Medium-High,Medium-Low,Medium-High
QI00913,2025-06-29,Plant A,P006,Bearing Unit,Components,E1007,257,3,98.83,,Low,Pass,2025,2025-06,Sunday,Low,Low,High
QI00914,2025-09-28,Plant C,P001,Industrial Pump,Pumps,E1020,792,40,94.95,Electrical,Low,Fail,2025,2025-09,Sunday,High,High,Medium-Low
QI00915,2025-03-31,Plant B,P001,Industrial Pump,Pumps,E1016,321,20,93.77,Dimensional,Low,Fail,2025,2025-03,Monday,Medium-Low,Medium-High,Low
QI00916,2025-03-29,Plant C,P003,Electric Motor,Motors,E1005,656,49,92.53,Dimensional,Low,Fail,2025,2025-03,Saturday,Medium-High,High,Low
QI00917,2025-03-24,Plant B,P006,Bearing Unit,Components,E1007,464,24,94.83,Assembly,High,Fail,2025,2025-03,Monday,Medium-Low,Medium-High,Medium-Low
QI00918,2025-01-20,Plant C,P002,Hydraulic Valve,Valves,E1006,446,11,97.53,Dimensional,Critical,Pass,2025,2025-01,Monday,Medium-Low,Medium-Low,Medium-High
QI00919,2025-04-17,Plant C,P003,Electric Motor,Motors,E1002,433,38,91.22,Dimensional,High,Fail,2025,2025-04,Thursday,Medium-Low,High,Low
QI00920,2025-11-25,Plant B,P006,Bearing Unit,Components,E1007,310,19,93.87,Material,Medium,Fail,2025,2025-11,Tuesday,Medium-Low,Medium-High,Low
QI00921,2025-12-14,Plant B,P001,Industrial Pump,Pumps,E1009,940,9,99.04,Material,Medium,Pass,2025,2025-12,Sunday,High,Medium-Low,High
QI00922,2025-09-29,Plant C,P001,Industrial Pump,Pumps,E1013,688,25,96.37,,Medium,Pass,2025,2025-09,Monday,Medium-High,Medium-High,Medium-Low
QI00923,2025-11-27,Plant A,P006,Bearing Unit,Components,E1017,992,43,95.67,Dimensional,High,Fail,2025,2025-11,Thursday,High,High,Medium-Low
QI00924,2025-04-08,Plant D,P003,Electric Motor,Motors,E1017,216,7,96.76,Surface,Medium,Pass,2025,2025-04,Tuesday,Low,Low,Medium-High
QI00925,2025-08-20,Plant A,P001,Industrial Pump,Pumps,E1015,67,5,92.54,,Low,Fail,2025,2025-08,Wednesday,Low,Low,Low
QI00926,2025-02-26,Plant A,P001,Industrial Pump,Pumps,E1018,709,3,99.58,Material,Low,Pass,2025,2025-02,Wednesday,Medium-High,Low,High
QI00927,2025-05-29,Plant A,P004,Gear Assembly,Assemblies,E1015,296,18,93.92,Material,Medium,Fail,2025,2025-05,Thursday,Medium-Low,Medium-High,Low
QI00928,2025-08-23,Plant A,P005,Control Panel,Electrical,E1011,691,14,97.97,,Low,Pass,2025,2025-08,Saturday,Medium-High,Medium-Low,Medium-High
QI00929,2025-05-17,Plant B,P006,Bearing Unit,Components,E1012,345,14,95.94,,High,Fail,2025,2025-05,Saturday,Medium-Low,Medium-Low,Medium-Low
QI00930,2025-09-24,Plant A,P004,Gear Assembly,Assemblies,E1017,463,37,92.01,Assembly,Medium,Fail,2025,2025-09,Wednesday,Medium-Low,High,Low
QI00931,2025-08-17,Plant D,P005,Control Panel,Electrical,E1012,827,19,97.7,Surface,Medium,Pass,2025,2025-08,Sunday,High,Medium-High,Medium-High
QI00932,2025-12-27,Plant B,P006,Bearing Unit,Components,E1007,369,16,95.66,Assembly,Low,Fail,2025,2025-12,Saturday,Medium-Low,Medium-Low,Medium-Low
QI00933,2025-11-17,Plant A,P004,Gear Assembly,Assemblies,E1007,603,44,92.7,Assembly,Medium,Fail,2025,2025-11,Monday,Medium-High,High,Low
QI00934,2025-10-09,Plant B,P004,Gear Assembly,Assemblies,E1010,764,40,94.76,Surface,Low,Fail,2025,2025-10,Thursday,Medium-High,High,Medium-Low
QI00935,2025-07-21,Plant A,P006,Bearing Unit,Components,E1016,742,26,96.5,Material,Medium,Pass,2025,2025-07,Monday,Medium-High,Medium-High,Medium-High
QI00936,2025-08-20,Plant A,P002,Hydraulic Valve,Valves,E1011,910,17,98.13,Dimensional,Low,Pass,2025,2025-08,Wednesday,High,Medium-High,High
QI00937,2025-01-19,Plant D,P003,Electric Motor,Motors,E1016,230,9,96.09,Material,Critical,Pass,2025,2025-01,Sunday,Low,Medium-Low,Medium-Low
QI00938,2025-01-16,Plant B,P006,Bearing Unit,Components,E1002,345,19,94.49,Dimensional,Medium,Fail,2025,2025-01,Thursday,Medium-Low,Medium-High,Low
QI00939,2025-02-25,Plant B,P004,Gear Assembly,Assemblies,E1002,705,31,95.6,Electrical,Medium,Fail,2025,2025-02,Tuesday,Medium-High,High,Medium-Low
QI00940,2025-12-23,Plant C,P002,Hydraulic Valve,Valves,E1018,993,24,97.58,,High,Pass,2025,2025-12,Tuesday,High,Medium-High,Medium-High
QI00941,2025-04-24,Plant A,P004,Gear Assembly,Assemblies,E1005,942,39,95.86,Dimensional,Critical,Fail,2025,2025-04,Thursday,High,High,Medium-Low
QI00942,2025-03-09,Plant A,P003,Electric Motor,Motors,E1014,110,0,100.0,Electrical,Low,Pass,2025,2025-03,Sunday,Low,Low,High
QI00943,2025-03-19,Plant D,P002,Hydraulic Valve,Valves,E1008,258,0,100.0,Dimensional,High,Pass,2025,2025-03,Wednesday,Low,Low,High
QI00944,2025-01-30,Plant D,P006,Bearing Unit,Components,E1006,215,6,97.21,,Low,Pass,2025,2025-01,Thursday,Low,Low,Medium-High
QI00945,2025-01-07,Plant B,P005,Control Panel,Electrical,E1009,931,18,98.07,,Medium,Pass,2025,2025-01,Tuesday,High,Medium-High,Medium-High
QI00946,2025-06-01,Plant D,P003,Electric Motor,Motors,E1006,349,5,98.57,,Low,Pass,2025,2025-06,Sunday,Medium-Low,Low,High
QI00947,2025-12-29,Plant B,P001,Industrial Pump,Pumps,E1017,704,40,94.32,,Medium,Fail,2025,2025-12,Monday,Medium-High,High,Low
QI00948,2025-01-22,Plant A,P006,Bearing Unit,Components,E1008,400,16,96.0,Material,Medium,Fail,2025,2025-01,Wednesday,Medium-Low,Medium-Low,Medium-Low
QI00949,2025-01-30,Plant A,P006,Bearing Unit,Components,E1003,110,12,89.09,Surface,Medium,Fail,2025,2025-01,Thursday,Low,Medium-Low,Low
QI00950,2025-06-16,Plant B,P006,Bearing Unit,Components,E1012,312,16,94.87,Surface,Medium,Fail,2025,2025-06,Monday,Medium-Low,Medium-Low,Medium-Low
QI00951,2025-05-28,Plant D,P002,Hydraulic Valve,Valves,E1013,173,10,94.22,Electrical,Medium,Fail,2025,2025-05,Wednesday,Low,Medium-Low,Low
QI00952,2025-02-18,Plant D,P001,Industrial Pump,Pumps,E1018,287,7,97.56,Assembly,Low,Pass,2025,2025-02,Tuesday,Medium-Low,Low,Medium-High
QI00953,2025-11-21,Plant B,P002,Hydraulic Valve,Valves,E1011,591,16,97.29,Material,High,Pass,2025,2025-11,Friday,Medium-High,Medium-Low,Medium-High
QI00954,2025-10-25,Plant A,P005,Control Panel,Electrical,E1002,981,39,96.02,Surface,Medium,Pass,2025,2025-10,Saturday,High,High,Medium-Low
QI00955,2025-09-19,Plant B,P002,Hydraulic Valve,Valves,E1014,816,16,98.04,Dimensional,Medium,Pass,2025,2025-09,Friday,High,Medium-Low,Medium-High
QI00956,2025-06-30,Plant D,P006,Bearing Unit,Components,E1001,930,56,93.98,Electrical,Critical,Fail,2025,2025-06,Monday,High,High,Low
QI00957,2025-10-17,Plant B,P004,Gear Assembly,Assemblies,E1015,139,12,91.37,Dimensional,Low,Fail,2025,2025-10,Friday,Low,Medium-Low,Low
QI00958,2025-05-02,Plant A,P001,Industrial Pump,Pumps,E1018,188,4,97.87,Material,Medium,Pass,2025,2025-05,Friday,Low,Low,Medium-High
QI00959,2025-05-04,Plant C,P001,Industrial Pump,Pumps,E1018,940,43,95.43,Assembly,Medium,Fail,2025,2025-05,Sunday,High,High,Medium-Low
QI00960,2025-09-23,Plant B,P002,Hydraulic Valve,Valves,E1017,411,28,93.19,Material,Low,Fail,2025,2025-09,Tuesday,Medium-Low,Medium-High,Low
QI00961,2025-01-28,Plant C,P004,Gear Assembly,Assemblies,E1001,462,5,98.92,Dimensional,Low,Pass,2025,2025-01,Tuesday,Medium-Low,Low,High
QI00962,2025-09-16,Plant B,P004,Gear Assembly,Assemblies,E1014,909,8,99.12,,High,Pass,2025,2025-09,Tuesday,High,Medium-Low,High
QI00963,2025-03-18,Plant D,P002,Hydraulic Valve,Valves,E1020,768,50,93.49,Dimensional,Low,Fail,2025,2025-03,Tuesday,Medium-High,High,Low
QI00964,2025-07-13,Plant D,P003,Electric Motor,Motors,E1016,142,2,98.59,Surface,Medium,Pass,2025,2025-07,Sunday,Low,Low,High
QI00965,2025-02-04,Plant C,P005,Control Panel,Electrical,E1004,183,4,97.81,Assembly,Medium,Pass,2025,2025-02,Tuesday,Low,Low,Medium-High
QI00966,2025-04-24,Plant B,P002,Hydraulic Valve,Valves,E1006,929,34,96.34,Dimensional,Medium,Pass,2025,2025-04,Thursday,High,High,Medium-Low
QI00967,2025-03-03,Plant D,P006,Bearing Unit,Components,E1016,253,7,97.23,Dimensional,Medium,Pass,2025,2025-03,Monday,Low,Low,Medium-High
QI00968,2025-02-21,Plant C,P004,Gear Assembly,Assemblies,E1020,868,42,95.16,Dimensional,High,Fail,2025,2025-02,Friday,High,High,Medium-Low
QI00969,2025-04-26,Plant C,P005,Control Panel,Electrical,E1006,897,49,94.54,Assembly,Low,Fail,2025,2025-04,Saturday,High,High,Low
QI00970,2025-02-16,Plant B,P002,Hydraulic Valve,Valves,E1015,671,47,93.0,,Medium,Fail,2025,2025-02,Sunday,Medium-High,High,Low
QI00971,2025-04-11,Plant D,P005,Control Panel,Electrical,E1001,87,4,95.4,Assembly,Medium,Fail,2025,2025-04,Friday,Low,Low,Medium-Low
QI00972,2025-10-06,Plant C,P003,Electric Motor,Motors,E1007,506,42,91.7,Assembly,Low,Fail,2025,2025-10,Monday,Medium-Low,High,Low
QI00973,2025-04-17,Plant A,P004,Gear Assembly,Assemblies,E1011,583,24,95.88,Surface,High,Fail,2025,2025-04,Thursday,Medium-High,Medium-High,Medium-Low
QI00974,2025-02-04,Plant A,P003,Electric Motor,Motors,E1001,786,9,98.85,Dimensional,High,Pass,2025,2025-02,Tuesday,High,Medium-Low,High
QI00975,2025-12-25,Plant D,P003,Electric Motor,Motors,E1008,907,64,92.94,Dimensional,Low,Fail,2025,2025-12,Thursday,High,High,Low
QI00976,2025-10-15,Plant D,P004,Gear Assembly,Assemblies,E1014,487,0,100.0,,Medium,Pass,2025,2025-10,Wednesday,Medium-Low,Low,High
QI00977,2025-01-02,Plant A,P006,Bearing Unit,Components,E1005,729,47,93.55,Dimensional,Medium,Fail,2025,2025-01,Thursday,Medium-High,High,Low
QI00978,2025-08-27,Plant C,P003,Electric Motor,Motors,E1013,696,6,99.14,,Low,Pass,2025,2025-08,Wednesday,Medium-High,Low,High
QI00979,2025-09-29,Plant B,P002,Hydraulic Valve,Valves,E1015,671,36,94.63,Dimensional,High,Fail,2025,2025-09,Monday,Medium-High,High,Low
QI00980,2025-05-24,Plant C,P002,Hydraulic Valve,Valves,E1009,273,17,93.77,Assembly,Medium,Fail,2025,2025-05,Saturday,Low,Medium-High,Low
QI00981,2025-04-02,Plant D,P005,Control Panel,Electrical,E1008,217,6,97.24,,Medium,Pass,2025,2025-04,Wednesday,Low,Low,Medium-High
QI00982,2025-08-09,Plant D,P002,Hydraulic Valve,Valves,E1019,156,5,96.79,Electrical,Low,Pass,2025,2025-08,Saturday,Low,Low,Medium-High
QI00983,2025-02-23,Plant B,P002,Hydraulic Valve,Valves,E1017,429,10,97.67,Material,Low,Pass,2025,2025-02,Sunday,Medium-Low,Medium-Low,Medium-High
QI00984,2025-08-16,Plant C,P005,Control Panel,Electrical,E1019,73,1,98.63,Surface,Low,Pass,2025,2025-08,Saturday,Low,Low,High
QI00985,2025-02-02,Plant B,P001,Industrial Pump,Pumps,E1018,560,7,98.75,Surface,Medium,Pass,2025,2025-02,Sunday,Medium-High,Low,High
QI00986,2025-08-02,Plant C,P004,Gear Assembly,Assemblies,E1018,858,46,94.64,Surface,Medium,Fail,2025,2025-08,Saturday,High,High,Low
QI00987,2025-05-16,Plant C,P002,Hydraulic Valve,Valves,E1004,356,8,97.75,,Low,Pass,2025,2025-05,Friday,Medium-Low,Medium-Low,Medium-High
QI00988,2025-09-05,Plant A,P005,Control Panel,Electrical,E1002,984,29,97.05,Surface,Low,Pass,2025,2025-09,Friday,High,Medium-High,Medium-High
QI00989,2025-02-22,Plant C,P003,Electric Motor,Motors,E1005,407,12,97.05,Surface,Medium,Pass,2025,2025-02,Saturday,Medium-Low,Medium-Low,Medium-High
QI00990,2025-03-05,Plant D,P003,Electric Motor,Motors,E1017,419,21,94.99,,Medium,Fail,2025,2025-03,Wednesday,Medium-Low,Medium-High,Medium-Low
QI00991,2025-11-10,Plant D,P006,Bearing Unit,Components,E1007,772,11,98.58,Surface,Medium,Pass,2025,2025-11,Monday,High,Medium-Low,High
QI00992,2025-02-06,Plant D,P002,Hydraulic Valve,Valves,E1016,220,10,95.45,Electrical,Medium,Fail,2025,2025-02,Thursday,Low,Medium-Low,Medium-Low
QI00993,2025-07-31,Plant A,P004,Gear Assembly,Assemblies,E1001,630,34,94.6,,Low,Fail,2025,2025-07,Thursday,Medium-High,High,Low
QI00994,2025-01-12,Plant B,P005,Control Panel,Electrical,E1012,271,10,96.31,Electrical,Low,Pass,2025,2025-01,Sunday,Low,Medium-Low,Medium-Low
QI00995,2025-03-25,Plant D,P006,Bearing Unit,Components,E1019,492,4,99.19,Electrical,Low,Pass,2025,2025-03,Tuesday,Medium-Low,Low,High
QI00996,2025-04-04,Plant D,P006,Bearing Unit,Components,E1009,202,16,92.08,,Medium,Fail,2025,2025-04,Friday,Low,Medium-Low,Low
QI00997,2025-12-08,Plant B,P005,Control Panel,Electrical,E1016,911,8,99.12,Surface,Low,Pass,2025,2025-12,Monday,High,Medium-Low,High
QI00998,2025-07-26,Plant A,P005,Control Panel,Electrical,E1007,425,5,98.82,Surface,Medium,Pass,2025,2025-07,Saturday,Medium-Low,Low,High
QI00999,2025-02-07,Plant C,P005,Control Panel,Electrical,E1015,330,15,95.45,Electrical,Medium,Fail,2025,2025-02,Friday,Medium-Low,Medium-Low,Medium-Low
QI01000,2025-12-14,Plant B,P005,Control Panel,Electrical,E1012,762,16,97.9,Material,High,Pass,2025,2025-12,Sunday,Medium-High,Medium-Low,Medium-High
QI01001,2025-07-22,Plant C,P004,Gear Assembly,Assemblies,E1004,268,2,99.25,Dimensional,Critical,Pass,2025,2025-07,Tuesday,Low,Low,High
QI01002,2025-09-27,Plant C,P005,Control Panel,Electrical,E1006,969,62,93.6,Electrical,High,Fail,2025,2025-09,Saturday,High,High,Low
QI01003,2025-03-16,Plant C,P004,Gear Assembly,Assemblies,E1006,665,21,96.84,Surface,Medium,Pass,2025,2025-03,Sunday,Medium-High,Medium-High,Medium-High
QI01004,2025-05-08,Plant B,P004,Gear Assembly,Assemblies,E1015,860,47,94.53,Surface,Medium,Fail,2025,2025-05,Thursday,High,High,Low
QI01005,2025-11-25,Plant B,P004,Gear Assembly,Assemblies,E1003,876,9,98.97,Assembly,Medium,Pass,2025,2025-11,Tuesday,High,Medium-Low,High
QI01006,2025-06-01,Plant C,P003,Electric Motor,Motors,E1002,871,53,93.92,Surface,High,Fail,2025,2025-06,Sunday,High,High,Low
QI01007,2025-01-10,Plant A,P001,Industrial Pump,Pumps,E1005,535,13,97.57,Assembly,High,Pass,2025,2025-01,Friday,Medium-High,Medium-Low,Medium-High
QI01008,2025-02-07,Plant A,P006,Bearing Unit,Components,E1008,559,7,98.75,Electrical,Low,Pass,2025,2025-02,Friday,Medium-High,Low,High
QI01009,2025-04-15,Plant A,P002,Hydraulic Valve,Valves,E1019,384,20,94.79,Surface,Low,Fail,2025,2025-04,Tuesday,Medium-Low,Medium-High,Medium-Low
QI01010,2025-06-14,Plant D,P003,Electric Motor,Motors,E1016,791,48,93.93,Surface,Medium,Fail,2025,2025-06,Saturday,High,High,Low
QI01011,2025-02-01,Plant C,P001,Industrial Pump,Pumps,E1019,459,8,98.26,Dimensional,Medium,Pass,2025,2025-02,Saturday,Medium-Low,Medium-Low,High
QI01012,2025-07-31,Plant D,P006,Bearing Unit,Components,E1016,103,2,98.06,Dimensional,Medium,Pass,2025,2025-07,Thursday,Low,Low,Medium-High
QI01013,2025-01-14,Plant A,P003,Electric Motor,Motors,E1006,750,31,95.87,Assembly,High,Fail,2025,2025-01,Tuesday,Medium-High,High,Medium-Low
QI01014,2025-08-18,Plant B,P006,Bearing Unit,Components,E1001,783,48,93.87,Assembly,Medium,Fail,2025,2025-08,Monday,High,High,Low
QI01015,2025-05-12,Plant A,P004,Gear Assembly,Assemblies,E1018,124,8,93.55,Dimensional,Low,Fail,2025,2025-05,Monday,Low,Medium-Low,Low
QI01016,2025-06-01,Plant D,P004,Gear Assembly,Assemblies,E1008,398,3,99.25,Assembly,Critical,Pass,2025,2025-06,Sunday,Medium-Low,Low,High
QI01017,2025-04-06,Plant D,P005,Control Panel,Electrical,E1005,733,10,98.64,,Low,Pass,2025,2025-04,Sunday,Medium-High,Medium-Low,High
QI01018,2025-01-10,Plant A,P004,Gear Assembly,Assemblies,E1012,442,15,96.61,Dimensional,Low,Pass,2025,2025-01,Friday,Medium-Low,Medium-Low,Medium-High
QI01019,2025-12-29,Plant C,P003,Electric Motor,Motors,E1018,603,33,94.53,Electrical,Medium,Fail,2025,2025-12,Monday,Medium-High,High,Low
QI01020,2025-01-16,Plant B,P006,Bearing Unit,Components,E1005,206,5,97.57,Material,Low,Pass,2025,2025-01,Thursday,Low,Low,Medium-High
QI01021,2025-06-16,Plant B,P002,Hydraulic Valve,Valves,E1013,896,49,94.53,Dimensional,Low,Fail,2025,2025-06,Monday,High,High,Low
QI01022,2025-04-06,Plant A,P006,Bearing Unit,Components,E1012,130,1,99.23,Material,Low,Pass,2025,2025-04,Sunday,Low,Low,High
QI01023,2025-01-18,Plant C,P004,Gear Assembly,Assemblies,E1016,257,16,93.77,,Low,Fail,2025,2025-01,Saturday,Low,Medium-Low,Low
QI01024,2025-01-07,Plant C,P006,Bearing Unit,Components,E1014,875,36,95.89,Dimensional,Medium,Fail,2025,2025-01,Tuesday,High,High,Medium-Low
QI01025,2025-07-03,Plant A,P001,Industrial Pump,Pumps,E1011,135,7,94.81,,Low,Fail,2025,2025-07,Thursday,Low,Low,Medium-Low
QI01026,2025-09-02,Plant B,P006,Bearing Unit,Components,E1009,793,42,94.7,Electrical,Medium,Fail,2025,2025-09,Tuesday,High,High,Medium-Low
QI01027,2025-03-23,Plant B,P003,Electric Motor,Motors,E1010,496,6,98.79,Dimensional,Low,Pass,2025,2025-03,Sunday,Medium-Low,Low,High
QI01028,2025-05-11,Plant B,P001,Industrial Pump,Pumps,E1016,226,6,97.35,Electrical,Medium,Pass,2025,2025-05,Sunday,Low,Low,Medium-High
QI01029,2025-05-09,Plant C,P005,Control Panel,Electrical,E1019,560,37,93.39,Dimensional,Low,Fail,2025,2025-05,Friday,Medium-High,High,Low
QI01030,2025-10-16,Plant A,P005,Control Panel,Electrical,E1010,668,19,97.16,Assembly,Low,Pass,2025,2025-10,Thursday,Medium-High,Medium-High,Medium-High
QI01031,2025-03-15,Plant C,P006,Bearing Unit,Components,E1004,188,11,94.15,Dimensional,Low,Fail,2025,2025-03,Saturday,Low,Medium-Low,Low
QI01032,2025-12-30,Plant B,P002,Hydraulic Valve,Valves,E1008,151,8,94.7,Material,Low,Fail,2025,2025-12,Tuesday,Low,Medium-Low,Medium-Low
QI01033,2025-02-28,Plant C,P003,Electric Motor,Motors,E1011,522,26,95.02,Electrical,Medium,Fail,2025,2025-02,Friday,Medium-High,Medium-High,Medium-Low
QI01034,2025-03-13,Plant B,P002,Hydraulic Valve,Valves,E1006,871,11,98.74,Electrical,Medium,Pass,2025,2025-03,Thursday,High,Medium-Low,High
QI01035,2025-06-09,Plant A,P001,Industrial Pump,Pumps,E1004,591,17,97.12,Surface,High,Pass,2025,2025-06,Monday,Medium-High,Medium-High,Medium-High
QI01036,2025-03-28,Plant B,P002,Hydraulic Valve,Valves,E1005,243,17,93.0,Electrical,High,Fail,2025,2025-03,Friday,Low,Medium-High,Low
QI01037,2025-01-17,Plant D,P001,Industrial Pump,Pumps,E1018,882,17,98.07,Surface,Medium,Pass,2025,2025-01,Friday,High,Medium-High,Medium-High
QI01038,2025-03-30,Plant D,P002,Hydraulic Valve,Valves,E1003,805,38,95.28,Material,Low,Fail,2025,2025-03,Sunday,High,High,Medium-Low
QI01039,2025-05-29,Plant A,P005,Control Panel,Electrical,E1007,535,16,97.01,Surface,Medium,Pass,2025,2025-05,Thursday,Medium-High,Medium-Low,Medium-High
QI01040,2025-11-07,Plant C,P003,Electric Motor,Motors,E1012,363,11,96.97,Assembly,Low,Pass,2025,2025-11,Friday,Medium-Low,Medium-Low,Medium-High
QI01041,2025-01-06,Plant C,P002,Hydraulic Valve,Valves,E1003,746,15,97.99,Surface,Medium,Pass,2025,2025-01,Monday,Medium-High,Medium-Low,Medium-High
QI01042,2025-03-25,Plant C,P006,Bearing Unit,Components,E1017,854,48,94.38,Assembly,Low,Fail,2025,2025-03,Tuesday,High,High,Low
QI01043,2025-03-25,Plant B,P001,Industrial Pump,Pumps,E1003,296,8,97.3,Assembly,High,Pass,2025,2025-03,Tuesday,Medium-Low,Medium-Low,Medium-High
QI01044,2025-09-07,Plant D,P006,Bearing Unit,Components,E1011,679,33,95.14,Electrical,High,Fail,2025,2025-09,Sunday,Medium-High,High,Medium-Low
QI01045,2025-06-03,Plant A,P003,Electric Motor,Motors,E1006,487,37,92.4,Assembly,Low,Fail,2025,2025-06,Tuesday,Medium-Low,High,Low
QI01046,2025-03-13,Plant C,P006,Bearing Unit,Components,E1011,122,1,99.18,Electrical,Medium,Pass,2025,2025-03,Thursday,Low,Low,High
QI01047,2025-04-19,Plant C,P005,Control Panel,Electrical,E1004,118,15,87.29,,Medium,Fail,2025,2025-04,Saturday,Low,Medium-Low,Low
QI01048,2025-04-22,Plant A,P005,Control Panel,Electrical,E1017,803,10,98.75,Material,Low,Pass,2025,2025-04,Tuesday,High,Medium-Low,High
QI01049,2025-06-21,Plant B,P004,Gear Assembly,Assemblies,E1001,201,11,94.53,Assembly,High,Fail,2025,2025-06,Saturday,Low,Medium-Low,Low
QI01050,2025-07-06,Plant C,P003,Electric Motor,Motors,E1012,880,17,98.07,,Low,Pass,2025,2025-07,Sunday,High,Medium-High,Medium-High
QI01051,2025-10-12,Plant B,P002,Hydraulic Valve,Valves,E1003,143,10,93.01,,Low,Fail,2025,2025-10,Sunday,Low,Medium-Low,Low
QI01052,2025-09-30,Plant B,P005,Control Panel,Electrical,E1016,484,26,94.63,Assembly,Medium,Fail,2025,2025-09,Tuesday,Medium-Low,Medium-High,Low
QI01053,2025-01-18,Plant B,P002,Hydraulic Valve,Valves,E1003,832,29,96.51,Dimensional,Low,Pass,2025,2025-01,Saturday,High,Medium-High,Medium-High
QI01054,2025-06-17,Plant C,P002,Hydraulic Valve,Valves,E1014,480,22,95.42,Assembly,Low,Fail,2025,2025-06,Tuesday,Medium-Low,Medium-High,Medium-Low
QI01055,2025-11-15,Plant C,P001,Industrial Pump,Pumps,E1017,506,29,94.27,Surface,Medium,Fail,2025,2025-11,Saturday,Medium-Low,Medium-High,Low
QI01056,2025-03-23,Plant A,P006,Bearing Unit,Components,E1019,479,10,97.91,Assembly,Medium,Pass,2025,2025-03,Sunday,Medium-Low,Medium-Low,Medium-High
QI01057,2025-03-16,Plant A,P002,Hydraulic Valve,Valves,E1007,278,10,96.4,Assembly,Medium,Pass,2025,2025-03,Sunday,Medium-Low,Medium-Low,Medium-Low
QI01058,2025-12-01,Plant B,P004,Gear Assembly,Assemblies,E1011,79,0,100.0,Assembly,Medium,Pass,2025,2025-12,Monday,Low,Low,High
QI01059,2025-12-12,Plant C,P003,Electric Motor,Motors,E1016,674,48,92.88,Assembly,Low,Fail,2025,2025-12,Friday,Medium-High,High,Low
QI01060,2025-09-06,Plant B,P003,Electric Motor,Motors,E1019,384,15,96.09,Assembly,Medium,Pass,2025,2025-09,Saturday,Medium-Low,Medium-Low,Medium-Low
QI01061,2025-05-11,Plant A,P001,Industrial Pump,Pumps,E1005,709,25,96.47,Dimensional,Low,Pass,2025,2025-05,Sunday,Medium-High,Medium-High,Medium-High
QI01062,2025-12-21,Plant B,P004,Gear Assembly,Assemblies,E1001,618,10,98.38,Surface,Critical,Pass,2025,2025-12,Sunday,Medium-High,Medium-Low,High
QI01063,2025-07-20,Plant D,P006,Bearing Unit,Components,E1010,226,4,98.23,Assembly,Low,Pass,2025,2025-07,Sunday,Low,Low,High
QI01064,2025-12-29,Plant B,P004,Gear Assembly,Assemblies,E1018,873,17,98.05,Electrical,Low,Pass,2025,2025-12,Monday,High,Medium-High,Medium-High
QI01065,2025-10-23,Plant C,P003,Electric Motor,Motors,E1010,617,12,98.06,Material,High,Pass,2025,2025-10,Thursday,Medium-High,Medium-Low,Medium-High
QI01066,2025-03-09,Plant B,P004,Gear Assembly,Assemblies,E1001,458,1,99.78,Dimensional,Critical,Pass,2025,2025-03,Sunday,Medium-Low,Low,High
QI01067,2025-01-20,Plant B,P006,Bearing Unit,Components,E1013,826,44,94.67,Surface,High,Fail,2025,2025-01,Monday,High,High,Medium-Low
QI01068,2025-09-28,Plant C,P005,Control Panel,Electrical,E1004,286,2,99.3,Assembly,Low,Pass,2025,2025-09,Sunday,Medium-Low,Low,High
QI01069,2025-04-03,Plant D,P002,Hydraulic Valve,Valves,E1012,327,21,93.58,Electrical,Medium,Fail,2025,2025-04,Thursday,Medium-Low,Medium-High,Low
QI01070,2025-05-13,Plant C,P002,Hydraulic Valve,Valves,E1016,126,4,96.83,Surface,Low,Pass,2025,2025-05,Tuesday,Low,Low,Medium-High
QI01071,2025-10-22,Plant A,P003,Electric Motor,Motors,E1019,982,35,96.44,Electrical,High,Pass,2025,2025-10,Wednesday,High,High,Medium-High
QI01072,2025-10-23,Plant D,P003,Electric Motor,Motors,E1012,685,11,98.39,Dimensional,Low,Pass,2025,2025-10,Thursday,Medium-High,Medium-Low,High
QI01073,2025-05-15,Plant D,P006,Bearing Unit,Components,E1006,589,23,96.1,Dimensional,Low,Pass,2025,2025-05,Thursday,Medium-High,Medium-High,Medium-Low
QI01074,2025-12-18,Plant C,P004,Gear Assembly,Assemblies,E1016,703,32,95.45,Dimensional,Medium,Fail,2025,2025-12,Thursday,Medium-High,High,Medium-Low
QI01075,2025-12-22,Plant B,P006,Bearing Unit,Components,E1012,207,6,97.1,Assembly,Low,Pass,2025,2025-12,Monday,Low,Low,Medium-High
QI01076,2025-02-02,Plant A,P001,Industrial Pump,Pumps,E1010,216,7,96.76,,Medium,Pass,2025,2025-02,Sunday,Low,Low,Medium-High
QI01077,2025-10-20,Plant A,P003,Electric Motor,Motors,E1005,234,1,99.57,Surface,High,Pass,2025,2025-10,Monday,Low,Low,High
QI01078,2025-02-01,Plant D,P003,Electric Motor,Motors,E1019,438,4,99.09,Dimensional,Medium,Pass,2025,2025-02,Saturday,Medium-Low,Low,High
QI01079,2025-02-12,Plant A,P003,Electric Motor,Motors,E1012,61,0,100.0,Material,Low,Pass,2025,2025-02,Wednesday,Low,Low,High
QI01080,2025-10-19,Plant D,P006,Bearing Unit,Components,E1008,980,27,97.24,,High,Pass,2025,2025-10,Sunday,High,Medium-High,Medium-High
QI01081,2025-12-20,Plant D,P006,Bearing Unit,Components,E1004,218,8,96.33,Dimensional,Low,Pass,2025,2025-12,Saturday,Low,Medium-Low,Medium-Low
QI01082,2025-11-01,Plant A,P004,Gear Assembly,Assemblies,E1007,880,18,97.95,Electrical,Low,Pass,2025,2025-11,Saturday,High,Medium-High,Medium-High
QI01083,2025-10-08,Plant D,P005,Control Panel,Electrical,E1005,475,17,96.42,Dimensional,Medium,Pass,2025,2025-10,Wednesday,Medium-Low,Medium-High,Medium-High
QI01084,2025-04-18,Plant B,P003,Electric Motor,Motors,E1011,942,20,97.88,Dimensional,Low,Pass,2025,2025-04,Friday,High,Medium-High,Medium-High
QI01085,2025-04-06,Plant D,P005,Control Panel,Electrical,E1017,498,23,95.38,Assembly,Low,Fail,2025,2025-04,Sunday,Medium-Low,Medium-High,Medium-Low
QI01086,2025-03-07,Plant B,P006,Bearing Unit,Components,E1003,543,10,98.16,,Low,Pass,2025,2025-03,Friday,Medium-High,Medium-Low,High
QI01087,2025-01-09,Plant B,P004,Gear Assembly,Assemblies,E1002,498,24,95.18,Assembly,High,Fail,2025,2025-01,Thursday,Medium-Low,Medium-High,Medium-Low
QI01088,2025-08-18,Plant B,P006,Bearing Unit,Components,E1019,155,11,92.9,,High,Fail,2025,2025-08,Monday,Low,Medium-Low,Low
QI01089,2025-08-09,Plant A,P001,Industrial Pump,Pumps,E1002,815,34,95.83,Electrical,Medium,Fail,2025,2025-08,Saturday,High,High,Medium-Low
QI01090,2025-12-24,Plant B,P002,Hydraulic Valve,Valves,E1014,476,8,98.32,,Low,Pass,2025,2025-12,Wednesday,Medium-Low,Medium-Low,High
QI01091,2025-10-05,Plant A,P002,Hydraulic Valve,Valves,E1001,965,41,95.75,Surface,Low,Fail,2025,2025-10,Sunday,High,High,Medium-Low
QI01092,2025-04-09,Plant C,P006,Bearing Unit,Components,E1016,147,3,97.96,Dimensional,Low,Pass,2025,2025-04,Wednesday,Low,Low,Medium-High
QI01093,2025-09-28,Plant B,P002,Hydraulic Valve,Valves,E1015,680,46,93.24,Material,Low,Fail,2025,2025-09,Sunday,Medium-High,High,Low
QI01094,2025-09-20,Plant D,P002,Hydraulic Valve,Valves,E1018,275,11,96.0,Electrical,Low,Fail,2025,2025-09,Saturday,Low,Medium-Low,Medium-Low
QI01095,2025-12-28,Plant C,P004,Gear Assembly,Assemblies,E1002,496,22,95.56,Surface,Medium,Fail,2025,2025-12,Sunday,Medium-Low,Medium-High,Medium-Low
QI01096,2025-06-13,Plant C,P002,Hydraulic Valve,Valves,E1011,936,64,93.16,Assembly,Medium,Fail,2025,2025-06,Friday,High,High,Low
QI01097,2025-01-16,Plant B,P004,Gear Assembly,Assemblies,E1017,713,36,94.95,Surface,Low,Fail,2025,2025-01,Thursday,Medium-High,High,Medium-Low
QI01098,2025-06-18,Plant A,P001,Industrial Pump,Pumps,E1013,525,12,97.71,Assembly,Medium,Pass,2025,2025-06,Wednesday,Medium-High,Medium-Low,Medium-High
QI01099,2025-01-21,Plant C,P003,Electric Motor,Motors,E1012,252,4,98.41,Surface,Medium,Pass,2025,2025-01,Tuesday,Low,Low,High
QI01100,2025-01-28,Plant B,P003,Electric Motor,Motors,E1002,724,26,96.41,Material,Medium,Pass,2025,2025-01,Tuesday,Medium-High,Medium-High,Medium-High
QI01101,2025-11-26,Plant C,P003,Electric Motor,Motors,E1018,346,28,91.91,Surface,Low,Fail,2025,2025-11,Wednesday,Medium-Low,Medium-High,Low
QI01102,2025-03-24,Plant C,P004,Gear Assembly,Assemblies,E1010,683,48,92.97,Assembly,High,Fail,2025,2025-03,Monday,Medium-High,High,Low
QI01103,2025-09-30,Plant B,P004,Gear Assembly,Assemblies,E1012,65,2,96.92,Dimensional,Medium,Pass,2025,2025-09,Tuesday,Low,Low,Medium-High
QI01104,2025-11-17,Plant D,P004,Gear Assembly,Assemblies,E1017,427,13,96.96,Material,Low,Pass,2025,2025-11,Monday,Medium-Low,Medium-Low,Medium-High
QI01105,2025-02-05,Plant D,P001,Industrial Pump,Pumps,E1014,385,19,95.06,Assembly,Medium,Fail,2025,2025-02,Wednesday,Medium-Low,Medium-High,Medium-Low
QI01106,2025-11-10,Plant D,P005,Control Panel,Electrical,E1019,667,38,94.3,Surface,Low,Fail,2025,2025-11,Monday,Medium-High,High,Low
QI01107,2025-10-03,Plant C,P004,Gear Assembly,Assemblies,E1013,823,21,97.45,Surface,Medium,Pass,2025,2025-10,Friday,High,Medium-High,Medium-High
QI01108,2025-08-21,Plant A,P004,Gear Assembly,Assemblies,E1003,69,0,100.0,Surface,Medium,Pass,2025,2025-08,Thursday,Low,Low,High
QI01109,2025-04-14,Plant A,P003,Electric Motor,Motors,E1008,489,25,94.89,Assembly,Medium,Fail,2025,2025-04,Monday,Medium-Low,Medium-High,Medium-Low
QI01110,2025-01-06,Plant C,P006,Bearing Unit,Components,E1005,293,18,93.86,Assembly,Medium,Fail,2025,2025-01,Monday,Medium-Low,Medium-High,Low
QI01111,2025-01-23,Plant C,P002,Hydraulic Valve,Valves,E1012,293,18,93.86,Surface,Medium,Fail,2025,2025-01,Thursday,Medium-Low,Medium-High,Low
QI01112,2025-06-19,Plant B,P002,Hydraulic Valve,Valves,E1001,441,3,99.32,Material,Low,Pass,2025,2025-06,Thursday,Medium-Low,Low,High
QI01113,2025-06-01,Plant A,P001,Industrial Pump,Pumps,E1016,773,14,98.19,,Low,Pass,2025,2025-06,Sunday,High,Medium-Low,High
QI01114,2025-09-01,Plant C,P002,Hydraulic Valve,Valves,E1012,785,38,95.16,Dimensional,Low,Fail,2025,2025-09,Monday,High,High,Medium-Low
QI01115,2025-08-29,Plant D,P005,Control Panel,Electrical,E1017,914,60,93.44,Electrical,Low,Fail,2025,2025-08,Friday,High,High,Low
QI01116,2025-09-18,Plant A,P003,Electric Motor,Motors,E1009,311,11,96.46,Assembly,Low,Pass,2025,2025-09,Thursday,Medium-Low,Medium-Low,Medium-High
QI01117,2025-02-15,Plant C,P001,Industrial Pump,Pumps,E1013,269,9,96.65,Assembly,Medium,Pass,2025,2025-02,Saturday,Low,Medium-Low,Medium-High
QI01118,2025-09-30,Plant B,P002,Hydraulic Valve,Valves,E1004,57,3,94.74,Dimensional,Low,Fail,2025,2025-09,Tuesday,Low,Low,Medium-Low
QI01119,2025-03-16,Plant B,P002,Hydraulic Valve,Valves,E1004,495,32,93.54,Surface,Medium,Fail,2025,2025-03,Sunday,Medium-Low,High,Low
QI01120,2025-10-10,Plant A,P006,Bearing Unit,Components,E1015,63,8,87.3,Dimensional,Medium,Fail,2025,2025-10,Friday,Low,Medium-Low,Low
QI01121,2025-07-15,Plant D,P003,Electric Motor,Motors,E1010,436,10,97.71,Assembly,Low,Pass,2025,2025-07,Tuesday,Medium-Low,Medium-Low,Medium-High
QI01122,2025-01-23,Plant A,P001,Industrial Pump,Pumps,E1006,691,29,95.8,Assembly,Medium,Fail,2025,2025-01,Thursday,Medium-High,Medium-High,Medium-Low
QI01123,2025-03-28,Plant C,P003,Electric Motor,Motors,E1003,71,0,100.0,Dimensional,High,Pass,2025,2025-03,Friday,Low,Low,High
QI01124,2025-05-01,Plant D,P001,Industrial Pump,Pumps,E1015,274,19,93.07,Surface,Low,Fail,2025,2025-05,Thursday,Low,Medium-High,Low
QI01125,2025-05-29,Plant C,P002,Hydraulic Valve,Valves,E1006,284,3,98.94,Surface,High,Pass,2025,2025-05,Thursday,Medium-Low,Low,High
QI01126,2025-05-30,Plant D,P003,Electric Motor,Motors,E1011,390,16,95.9,,Medium,Fail,2025,2025-05,Friday,Medium-Low,Medium-Low,Medium-Low
QI01127,2025-03-06,Plant D,P003,Electric Motor,Motors,E1002,760,36,95.26,Surface,Medium,Fail,2025,2025-03,Thursday,Medium-High,High,Medium-Low
QI01128,2025-06-09,Plant C,P005,Control Panel,Electrical,E1002,183,11,93.99,Assembly,Low,Fail,2025,2025-06,Monday,Low,Medium-Low,Low
QI01129,2025-10-11,Plant A,P006,Bearing Unit,Components,E1001,227,10,95.59,Material,Medium,Fail,2025,2025-10,Saturday,Low,Medium-Low,Medium-Low
QI01130,2025-03-23,Plant B,P003,Electric Motor,Motors,E1011,605,8,98.68,,Medium,Pass,2025,2025-03,Sunday,Medium-High,Medium-Low,High
QI01131,2025-01-07,Plant D,P001,Industrial Pump,Pumps,E1005,569,25,95.61,Assembly,Medium,Fail,2025,2025-01,Tuesday,Medium-High,Medium-High,Medium-Low
QI01132,2025-07-01,Plant D,P005,Control Panel,Electrical,E1006,841,27,96.79,Surface,High,Pass,2025,2025-07,Tuesday,High,Medium-High,Medium-High
QI01133,2025-12-24,Plant B,P003,Electric Motor,Motors,E1003,588,10,98.3,,Medium,Pass,2025,2025-12,Wednesday,Medium-High,Medium-Low,High
QI01134,2025-01-14,Plant A,P003,Electric Motor,Motors,E1020,486,34,93.0,Material,Low,Fail,2025,2025-01,Tuesday,Medium-Low,High,Low
QI01135,2025-07-02,Plant B,P005,Control Panel,Electrical,E1005,100,6,94.0,Material,Low,Fail,2025,2025-07,Wednesday,Low,Low,Low
QI01136,2025-11-10,Plant A,P002,Hydraulic Valve,Valves,E1020,973,48,95.07,Dimensional,Low,Fail,2025,2025-11,Monday,High,High,Medium-Low
QI01137,2025-02-13,Plant D,P003,Electric Motor,Motors,E1009,492,26,94.72,Dimensional,High,Fail,2025,2025-02,Thursday,Medium-Low,Medium-High,Medium-Low
QI01138,2025-06-23,Plant D,P004,Gear Assembly,Assemblies,E1019,630,32,94.92,Material,Low,Fail,2025,2025-06,Monday,Medium-High,High,Medium-Low
QI01139,2025-01-14,Plant C,P006,Bearing Unit,Components,E1005,330,21,93.64,,Low,Fail,2025,2025-01,Tuesday,Medium-Low,Medium-High,Low
QI01140,2025-10-27,Plant A,P002,Hydraulic Valve,Valves,E1012,93,2,97.85,Material,Low,Pass,2025,2025-10,Monday,Low,Low,Medium-High
QI01141,2025-03-14,Plant B,P003,Electric Motor,Motors,E1012,736,55,92.53,,High,Fail,2025,2025-03,Friday,Medium-High,High,Low
QI01142,2025-08-11,Plant A,P002,Hydraulic Valve,Valves,E1016,680,28,95.88,Assembly,Medium,Fail,2025,2025-08,Monday,Medium-High,Medium-High,Medium-Low
QI01143,2025-01-02,Plant A,P001,Industrial Pump,Pumps,E1007,414,20,95.17,Surface,Critical,Fail,2025,2025-01,Thursday,Medium-Low,Medium-High,Medium-Low
QI01144,2025-07-29,Plant A,P002,Hydraulic Valve,Valves,E1014,937,65,93.06,Assembly,Medium,Fail,2025,2025-07,Tuesday,High,High,Low
QI01145,2025-09-18,Plant A,P005,Control Panel,Electrical,E1009,318,12,96.23,Material,High,Pass,2025,2025-09,Thursday,Medium-Low,Medium-Low,Medium-Low
QI01146,2025-03-31,Plant B,P003,Electric Motor,Motors,E1015,742,28,96.23,Assembly,Low,Pass,2025,2025-03,Monday,Medium-High,Medium-High,Medium-Low
QI01147,2025-12-09,Plant C,P002,Hydraulic Valve,Valves,E1011,614,49,92.02,,Low,Fail,2025,2025-12,Tuesday,Medium-High,High,Low
QI01148,2025-11-30,Plant D,P004,Gear Assembly,Assemblies,E1004,342,3,99.12,Electrical,Low,Pass,2025,2025-11,Sunday,Medium-Low,Low,High
QI01149,2025-09-09,Plant B,P001,Industrial Pump,Pumps,E1011,752,18,97.61,Dimensional,Medium,Pass,2025,2025-09,Tuesday,Medium-High,Medium-High,Medium-High
QI01150,2025-11-29,Plant B,P001,Industrial Pump,Pumps,E1009,243,8,96.71,,Medium,Pass,2025,2025-11,Saturday,Low,Medium-Low,Medium-High
QI01151,2025-12-21,Plant D,P002,Hydraulic Valve,Valves,E1006,420,3,99.29,Dimensional,Low,Pass,2025,2025-12,Sunday,Medium-Low,Low,High
QI01152,2025-02-16,Plant C,P005,Control Panel,Electrical,E1017,601,30,95.01,Material,Low,Fail,2025,2025-02,Sunday,Medium-High,Medium-High,Medium-Low
QI01153,2025-12-01,Plant B,P001,Industrial Pump,Pumps,E1009,127,3,97.64,,Medium,Pass,2025,2025-12,Monday,Low,Low,Medium-High
QI01154,2025-06-12,Plant D,P002,Hydraulic Valve,Valves,E1006,238,9,96.22,Surface,Low,Pass,2025,2025-06,Thursday,Low,Medium-Low,Medium-Low
QI01155,2025-04-26,Plant C,P002,Hydraulic Valve,Valves,E1006,656,23,96.49,,Medium,Pass,2025,2025-04,Saturday,Medium-High,Medium-High,Medium-High
QI01156,2025-03-20,Plant C,P001,Industrial Pump,Pumps,E1004,439,9,97.95,Surface,Low,Pass,2025,2025-03,Thursday,Medium-Low,Medium-Low,Medium-High
QI01157,2025-01-08,Plant A,P002,Hydraulic Valve,Valves,E1020,74,6,91.89,Material,Medium,Fail,2025,2025-01,Wednesday,Low,Low,Low
QI01158,2025-01-23,Plant B,P002,Hydraulic Valve,Valves,E1011,664,39,94.13,Dimensional,Medium,Fail,2025,2025-01,Thursday,Medium-High,High,Low
QI01159,2025-09-26,Plant C,P006,Bearing Unit,Components,E1003,351,17,95.16,Assembly,Medium,Fail,2025,2025-09,Friday,Medium-Low,Medium-High,Medium-Low
QI01160,2025-10-06,Plant B,P004,Gear Assembly,Assemblies,E1018,720,36,95.0,Assembly,Low,Fail,2025,2025-10,Monday,Medium-High,High,Medium-Low
QI01161,2025-01-31,Plant D,P002,Hydraulic Valve,Valves,E1016,407,2,99.51,Electrical,Low,Pass,2025,2025-01,Friday,Medium-Low,Low,High
QI01162,2025-06-19,Plant B,P006,Bearing Unit,Components,E1016,769,8,98.96,Assembly,High,Pass,2025,2025-06,Thursday,High,Medium-Low,High
QI01163,2025-05-10,Plant C,P006,Bearing Unit,Components,E1012,908,23,97.47,,Medium,Pass,2025,2025-05,Saturday,High,Medium-High,Medium-High
QI01164,2025-06-06,Plant D,P002,Hydraulic Valve,Valves,E1014,143,1,99.3,Material,Medium,Pass,2025,2025-06,Friday,Low,Low,High
QI01165,2025-01-22,Plant D,P005,Control Panel,Electrical,E1009,885,30,96.61,,Medium,Pass,2025,2025-01,Wednesday,High,Medium-High,Medium-High
QI01166,2025-05-06,Plant A,P001,Industrial Pump,Pumps,E1007,600,18,97.0,Electrical,Low,Pass,2025,2025-05,Tuesday,Medium-High,Medium-High,Medium-High
QI01167,2025-06-18,Plant D,P006,Bearing Unit,Components,E1014,385,15,96.1,Assembly,High,Pass,2025,2025-06,Wednesday,Medium-Low,Medium-Low,Medium-Low
QI01168,2025-06-15,Plant C,P006,Bearing Unit,Components,E1020,213,6,97.18,Surface,Medium,Pass,2025,2025-06,Sunday,Low,Low,Medium-High
QI01169,2025-06-06,Plant A,P005,Control Panel,Electrical,E1020,952,35,96.32,,Medium,Pass,2025,2025-06,Friday,High,High,Medium-Low
QI01170,2025-11-26,Plant C,P003,Electric Motor,Motors,E1010,390,7,98.21,Dimensional,High,Pass,2025,2025-11,Wednesday,Medium-Low,Low,High
QI01171,2025-01-22,Plant C,P005,Control Panel,Electrical,E1011,883,13,98.53,Surface,Low,Pass,2025,2025-01,Wednesday,High,Medium-Low,High
QI01172,2025-09-21,Plant A,P003,Electric Motor,Motors,E1007,616,31,94.97,Surface,Medium,Fail,2025,2025-09,Sunday,Medium-High,High,Medium-Low
QI01173,2025-10-30,Plant A,P003,Electric Motor,Motors,E1019,121,6,95.04,Electrical,High,Fail,2025,2025-10,Thursday,Low,Low,Medium-Low
QI01174,2025-09-20,Plant B,P005,Control Panel,Electrical,E1019,91,7,92.31,,Low,Fail,2025,2025-09,Saturday,Low,Low,Low
QI01175,2025-07-31,Plant C,P004,Gear Assembly,Assemblies,E1011,460,32,93.04,Electrical,Low,Fail,2025,2025-07,Thursday,Medium-Low,High,Low
QI01176,2025-06-13,Plant B,P005,Control Panel,Electrical,E1006,947,33,96.52,,Medium,Pass,2025,2025-06,Friday,High,High,Medium-High
QI01177,2025-05-16,Plant D,P006,Bearing Unit,Components,E1008,887,44,95.04,Electrical,Low,Fail,2025,2025-05,Friday,High,High,Medium-Low
QI01178,2025-09-09,Plant D,P001,Industrial Pump,Pumps,E1001,693,4,99.42,,High,Pass,2025,2025-09,Tuesday,Medium-High,Low,High
QI01179,2025-07-24,Plant B,P005,Control Panel,Electrical,E1008,70,1,98.57,Assembly,Low,Pass,2025,2025-07,Thursday,Low,Low,High
QI01180,2025-12-10,Plant A,P004,Gear Assembly,Assemblies,E1005,50,1,98.0,Surface,Medium,Pass,2025,2025-12,Wednesday,Low,Low,Medium-High
QI01181,2025-10-29,Plant D,P005,Control Panel,Electrical,E1010,727,20,97.25,Electrical,Low,Pass,2025,2025-10,Wednesday,Medium-High,Medium-High,Medium-High
QI01182,2025-08-30,Plant A,P004,Gear Assembly,Assemblies,E1002,621,16,97.42,Electrical,Low,Pass,2025,2025-08,Saturday,Medium-High,Medium-Low,Medium-High
QI01183,2025-11-16,Plant B,P001,Industrial Pump,Pumps,E1004,125,1,99.2,Surface,High,Pass,2025,2025-11,Sunday,Low,Low,High
QI01184,2025-10-06,Plant A,P002,Hydraulic Valve,Valves,E1002,652,13,98.01,Surface,Medium,Pass,2025,2025-10,Monday,Medium-High,Medium-Low,Medium-High
QI01185,2025-03-02,Plant C,P004,Gear Assembly,Assemblies,E1015,447,21,95.3,Surface,Low,Fail,2025,2025-03,Sunday,Medium-Low,Medium-High,Medium-Low
QI01186,2025-11-02,Plant D,P004,Gear Assembly,Assemblies,E1020,768,24,96.88,Surface,Low,Pass,2025,2025-11,Sunday,Medium-High,Medium-High,Medium-High
QI01187,2025-10-29,Plant A,P006,Bearing Unit,Components,E1010,137,4,97.08,Assembly,Medium,Pass,2025,2025-10,Wednesday,Low,Low,Medium-High
QI01188,2025-10-26,Plant A,P004,Gear Assembly,Assemblies,E1002,643,11,98.29,Electrical,High,Pass,2025,2025-10,Sunday,Medium-High,Medium-Low,High
QI01189,2025-04-05,Plant C,P001,Industrial Pump,Pumps,E1006,66,2,96.97,Material,Medium,Pass,2025,2025-04,Saturday,Low,Low,Medium-High
QI01190,2025-05-28,Plant A,P003,Electric Motor,Motors,E1014,378,23,93.92,,Medium,Fail,2025,2025-05,Wednesday,Medium-Low,Medium-High,Low
QI01191,2025-09-16,Plant B,P004,Gear Assembly,Assemblies,E1005,992,35,96.47,Electrical,Low,Pass,2025,2025-09,Tuesday,High,High,Medium-High
QI01192,2025-01-30,Plant B,P001,Industrial Pump,Pumps,E1002,259,17,93.44,Electrical,High,Fail,2025,2025-01,Thursday,Low,Medium-High,Low
QI01193,2025-01-18,Plant B,P006,Bearing Unit,Components,E1014,873,22,97.48,Dimensional,Medium,Pass,2025,2025-01,Saturday,High,Medium-High,Medium-High
QI01194,2025-07-06,Plant D,P006,Bearing Unit,Components,E1013,432,16,96.3,Electrical,Medium,Pass,2025,2025-07,Sunday,Medium-Low,Medium-Low,Medium-Low
QI01195,2025-07-31,Plant A,P002,Hydraulic Valve,Valves,E1002,614,42,93.16,Material,Medium,Fail,2025,2025-07,Thursday,Medium-High,High,Low
QI01196,2025-02-04,Plant D,P004,Gear Assembly,Assemblies,E1009,689,34,95.07,Surface,Medium,Fail,2025,2025-02,Tuesday,Medium-High,High,Medium-Low
QI01197,2025-05-27,Plant D,P003,Electric Motor,Motors,E1003,195,2,98.97,Surface,High,Pass,2025,2025-05,Tuesday,Low,Low,High
QI01198,2025-10-09,Plant A,P001,Industrial Pump,Pumps,E1015,502,6,98.8,Electrical,Medium,Pass,2025,2025-10,Thursday,Medium-Low,Low,High
QI01199,2025-02-04,Plant A,P002,Hydraulic Valve,Valves,E1003,865,13,98.5,,High,Pass,2025,2025-02,Tuesday,High,Medium-Low,High
QI01200,2025-03-17,Plant B,P003,Electric Motor,Motors,E1012,442,7,98.42,Assembly,Medium,Pass,2025,2025-03,Monday,Medium-Low,Low,High
