Production_ID,Date,Plant,Product_ID,Product_Name,Category,Shift,Planned_Qty,Actual_Qty,Good_Qty,Defect_Qty,Defect_Rate_Pct,Downtime_Min,OEE_Pct,Unit_Cost,Production_Cost,Date_year,Date_month,Date_day_of_week,Planned_Qty_group,Actual_Qty_group,Good_Qty_group,Defect_Qty_group,Defect_Rate_Pct_group,Downtime_Min_group,OEE_Pct_group,Production_Cost_group
PR00001,2025-04-13,Plant A,P006,Bearing Unit,Components,A,937,910,881,29,3.25,22,90.13,125,113750,2025,2025-04,Sunday,Medium-High,Medium-High,Medium-High,Medium-High,Medium-High,Medium-Low,Medium-High,Low
PR00002,2025-12-15,Plant C,P001,Industrial Pump,Pumps,A,577,554,546,8,1.52,31,94.89,420,232680,2025,2025-12,Monday,Medium-Low,Medium-Low,Medium-Low,Low,Low,Medium-High,High,Medium-Low
PR00003,2025-09-28,Plant A,P001,Industrial Pump,Pumps,B,1288,1190,1153,37,3.15,31,92.63,420,499800,2025,2025-09,Sunday,High,High,High,High,Medium-High,Medium-High,Medium-High,Medium-High
PR00004,2025-04-17,Plant D,P005,Control Panel,Electrical,C,888,871,846,25,2.98,31,90.61,680,592280,2025,2025-04,Thursday,Medium-High,Medium-High,Medium-High,Medium-High,Medium-High,Medium-High,Medium-High,High
PR00005,2025-03-13,Plant A,P005,Control Panel,Electrical,A,948,896,870,26,3.0,25,92.44,680,609280,2025,2025-03,Thursday,Medium-High,Medium-High,Medium-High,Medium-High,Medium-High,Medium-Low,Medium-High,High
PR00006,2025-07-08,Plant B,P002,Hydraulic Valve,Valves,C,917,903,886,17,1.97,51,87.32,185,167055,2025,2025-07,Tuesday,Medium-High,Medium-High,Medium-High,Medium-Low,Medium-Low,High,Medium-Low,Medium-Low
PR00007,2025-01-21,Plant A,P004,Gear Assembly,Assemblies,A,434,406,384,22,5.45,34,82.29,540,219240,2025,2025-01,Tuesday,Low,Low,Low,Medium-High,High,Medium-High,Low,Medium-Low
PR00008,2025-04-13,Plant D,P002,Hydraulic Valve,Valves,C,879,839,812,27,3.27,40,85.14,185,155215,2025,2025-04,Sunday,Medium-High,Medium-High,Medium-High,Medium-High,Medium-High,Medium-High,Low,Low
PR00009,2025-05-02,Plant B,P003,Electric Motor,Motors,C,789,778,760,18,2.44,13,96.03,760,591280,2025,2025-05,Friday,Medium-Low,Medium-Low,Medium-Low,Medium-Low,Medium-Low,Low,High,High
PR00010,2025-08-03,Plant C,P001,Industrial Pump,Pumps,B,777,724,702,22,3.14,9,96.04,420,304080,2025,2025-08,Sunday,Medium-Low,Medium-Low,Medium-Low,Medium-High,Medium-High,Low,High,Medium-Low
PR00011,2025-11-27,Plant A,P006,Bearing Unit,Components,B,683,626,615,11,1.79,47,90.02,125,78250,2025,2025-11,Thursday,Medium-Low,Medium-Low,Medium-Low,Low,Low,Medium-High,Medium-High,Low
PR00012,2025-03-29,Plant C,P001,Industrial Pump,Pumps,B,462,419,410,9,2.3,53,86.64,420,175980,2025,2025-03,Saturday,Low,Low,Low,Low,Medium-Low,High,Medium-Low,Medium-Low
PR00013,2025-04-10,Plant A,P001,Industrial Pump,Pumps,B,740,716,674,42,5.91,12,90.92,420,300720,2025,2025-04,Thursday,Medium-Low,Medium-Low,Medium-Low,High,High,Low,Medium-High,Medium-Low
PR00014,2025-12-26,Plant D,P002,Hydraulic Valve,Valves,A,714,672,660,12,1.8,11,94.98,185,124320,2025,2025-12,Friday,Medium-Low,Medium-Low,Medium-Low,Medium-Low,Low,Low,High,Low
PR00015,2025-06-01,Plant A,P006,Bearing Unit,Components,A,587,529,515,14,2.7,67,83.79,125,66125,2025,2025-06,Sunday,Medium-Low,Low,Low,Medium-Low,Medium-Low,High,Low,Low
PR00016,2025-05-11,Plant A,P006,Bearing Unit,Components,A,486,478,468,10,2.21,19,92.48,125,59750,2025,2025-05,Sunday,Low,Low,Low,Low,Medium-Low,Medium-Low,Medium-High,Low
PR00017,2025-05-30,Plant A,P006,Bearing Unit,Components,B,429,414,408,6,1.45,16,92.51,125,51750,2025,2025-05,Friday,Low,Low,Low,Low,Low,Low,Medium-High,Low
PR00018,2025-11-05,Plant B,P002,Hydraulic Valve,Valves,A,493,466,451,15,3.35,11,94.5,185,86210,2025,2025-11,Wednesday,Low,Low,Low,Medium-Low,Medium-High,Low,High,Low
PR00019,2025-09-15,Plant B,P001,Industrial Pump,Pumps,B,615,583,567,16,2.85,11,96.08,420,244860,2025,2025-09,Monday,Medium-Low,Medium-Low,Medium-Low,Medium-Low,Medium-High,Low,High,Medium-Low
PR00020,2025-12-10,Plant A,P002,Hydraulic Valve,Valves,C,443,362,348,14,3.98,110,76.98,185,66970,2025,2025-12,Wednesday,Low,Low,Low,Medium-Low,High,High,Low,Low
PR00021,2025-10-21,Plant C,P005,Control Panel,Electrical,A,315,287,276,11,3.85,26,89.55,680,195160,2025,2025-10,Tuesday,Low,Low,Low,Low,High,Medium-Low,Medium-Low,Medium-Low
PR00022,2025-07-11,Plant B,P005,Control Panel,Electrical,B,722,710,682,28,3.97,23,87.35,680,482800,2025,2025-07,Friday,Medium-Low,Medium-Low,Medium-Low,Medium-High,High,Medium-Low,Medium-Low,Medium-High
PR00023,2025-10-04,Plant B,P002,Hydraulic Valve,Valves,B,544,521,513,8,1.61,10,94.93,185,96385,2025,2025-10,Saturday,Low,Low,Low,Low,Low,Low,High,Low
PR00024,2025-06-10,Plant B,P006,Bearing Unit,Components,C,1226,1099,1060,39,3.63,5,93.28,125,137375,2025,2025-06,Tuesday,High,High,High,High,Medium-High,Low,High,Low
PR00025,2025-11-10,Plant B,P001,Industrial Pump,Pumps,C,428,374,361,13,3.66,88,77.21,420,157080,2025,2025-11,Monday,Low,Low,Low,Medium-Low,Medium-High,High,Low,Medium-Low
PR00026,2025-01-22,Plant B,P002,Hydraulic Valve,Valves,C,1206,1155,1139,16,1.47,59,86.94,185,213675,2025,2025-01,Wednesday,High,High,High,Medium-Low,Low,High,Medium-Low,Medium-Low
PR00027,2025-09-10,Plant A,P002,Hydraulic Valve,Valves,C,1186,1145,1118,27,2.39,33,90.54,185,211825,2025,2025-09,Wednesday,High,High,High,Medium-High,Medium-Low,Medium-High,Medium-High,Medium-Low
PR00028,2025-08-24,Plant A,P002,Hydraulic Valve,Valves,A,640,618,613,5,0.91,23,95.59,185,114330,2025,2025-08,Sunday,Medium-Low,Medium-Low,Medium-Low,Low,Low,Medium-Low,High,Low
PR00029,2025-12-11,Plant D,P003,Electric Motor,Motors,C,303,278,268,10,3.67,32,88.49,760,211280,2025,2025-12,Thursday,Low,Low,Low,Low,Medium-High,Medium-High,Medium-Low,Medium-Low
PR00030,2025-02-18,Plant D,P005,Control Panel,Electrical,B,605,542,523,19,3.66,31,83.86,680,368560,2025,2025-02,Tuesday,Medium-Low,Medium-Low,Low,Medium-Low,Medium-High,Medium-High,Low,Medium-High
PR00031,2025-02-28,Plant B,P006,Bearing Unit,Components,A,1207,1108,1057,51,4.66,73,78.86,125,138500,2025,2025-02,Friday,High,High,High,High,High,High,Low,Low
PR00032,2025-06-19,Plant A,P004,Gear Assembly,Assemblies,C,906,885,863,22,2.5,39,88.62,540,477900,2025,2025-06,Thursday,Medium-High,Medium-High,Medium-High,Medium-High,Medium-Low,Medium-High,Medium-Low,Medium-High
PR00033,2025-07-07,Plant C,P006,Bearing Unit,Components,A,1291,1286,1243,43,3.39,19,92.22,125,160750,2025,2025-07,Monday,High,High,High,High,Medium-High,Medium-Low,Medium-High,Medium-Low
PR00034,2025-09-28,Plant B,P004,Gear Assembly,Assemblies,B,620,565,542,23,4.08,15,90.16,540,305100,2025,2025-09,Sunday,Medium-Low,Medium-Low,Medium-Low,Medium-High,High,Low,Medium-High,Medium-Low
PR00035,2025-07-09,Plant A,P003,Electric Motor,Motors,A,858,865,850,15,1.82,29,91.92,760,657400,2025,2025-07,Wednesday,Medium-High,Medium-High,Medium-High,Medium-Low,Low,Medium-Low,Medium-High,High
PR00036,2025-06-24,Plant A,P002,Hydraulic Valve,Valves,B,917,885,871,14,1.62,24,93.88,185,163725,2025,2025-06,Tuesday,Medium-High,Medium-High,Medium-High,Medium-Low,Low,Medium-Low,High,Medium-Low
PR00037,2025-02-20,Plant C,P003,Electric Motor,Motors,B,1010,967,950,17,1.86,38,89.29,760,734920,2025,2025-02,Thursday,Medium-High,Medium-High,Medium-High,Medium-Low,Low,Medium-High,Medium-Low,High
PR00038,2025-12-30,Plant C,P003,Electric Motor,Motors,B,830,833,814,19,2.35,4,97.03,760,633080,2025,2025-12,Tuesday,Medium-Low,Medium-High,Medium-High,Medium-Low,Medium-Low,Low,High,High
PR00039,2025-02-24,Plant A,P001,Industrial Pump,Pumps,B,709,669,658,11,1.67,32,91.24,420,280980,2025,2025-02,Monday,Medium-Low,Medium-Low,Medium-Low,Low,Low,Medium-High,Medium-High,Medium-Low
PR00040,2025-09-01,Plant A,P005,Control Panel,Electrical,A,1117,1004,985,19,1.92,12,95.03,680,682720,2025,2025-09,Monday,Medium-High,Medium-High,Medium-High,Medium-Low,Medium-Low,Low,High,High
PR00041,2025-11-16,Plant A,P004,Gear Assembly,Assemblies,C,792,770,740,30,3.95,18,84.63,540,415800,2025,2025-11,Sunday,Medium-Low,Medium-Low,Medium-Low,High,High,Medium-Low,Low,Medium-High
PR00042,2025-05-11,Plant C,P002,Hydraulic Valve,Valves,A,311,301,293,8,2.67,26,88.51,185,55685,2025,2025-05,Sunday,Low,Low,Low,Low,Medium-Low,Medium-Low,Medium-Low,Low
PR00043,2025-11-03,Plant A,P004,Gear Assembly,Assemblies,B,494,446,432,14,3.2,80,76.92,540,240840,2025,2025-11,Monday,Low,Low,Low,Medium-Low,Medium-High,High,Low,Medium-Low
PR00044,2025-05-15,Plant A,P006,Bearing Unit,Components,C,789,767,752,15,2.08,42,88.91,125,95875,2025,2025-05,Thursday,Medium-Low,Medium-Low,Medium-Low,Medium-Low,Medium-Low,Medium-High,Medium-Low,Low
PR00045,2025-01-21,Plant C,P004,Gear Assembly,Assemblies,C,1094,1084,1063,21,2.0,26,94.34,540,585360,2025,2025-01,Tuesday,Medium-High,High,High,Medium-High,Medium-Low,Medium-Low,High,High
PR00046,2025-11-25,Plant A,P006,Bearing Unit,Components,B,1180,1076,1042,34,3.17,8,93.41,125,134500,2025,2025-11,Tuesday,High,High,High,High,Medium-High,Low,High,Low
PR00047,2025-06-16,Plant C,P005,Control Panel,Electrical,B,481,458,445,13,2.96,28,91.66,680,311440,2025,2025-06,Monday,Low,Low,Low,Medium-Low,Medium-High,Medium-Low,Medium-High,Medium-Low
PR00048,2025-10-01,Plant A,P006,Bearing Unit,Components,C,1261,1107,1065,42,3.81,12,93.18,125,138375,2025,2025-10,Wednesday,High,High,High,High,High,Low,High,Low
PR00049,2025-03-30,Plant A,P004,Gear Assembly,Assemblies,C,955,872,833,39,4.49,59,81.74,540,470880,2025,2025-03,Sunday,Medium-High,Medium-High,Medium-High,High,High,High,Low,Medium-High
PR00050,2025-11-12,Plant A,P004,Gear Assembly,Assemblies,B,993,944,927,17,1.9,27,92.9,540,509760,2025,2025-11,Wednesday,Medium-High,Medium-High,Medium-High,Medium-Low,Medium-Low,Medium-Low,High,Medium-High
PR00051,2025-01-14,Plant C,P006,Bearing Unit,Components,A,329,319,307,12,3.92,10,92.61,125,39875,2025,2025-01,Tuesday,Low,Low,Low,Medium-Low,High,Low,Medium-High,Low
PR00052,2025-08-30,Plant D,P003,Electric Motor,Motors,A,1077,1004,990,14,1.4,26,92.42,760,763040,2025,2025-08,Saturday,Medium-High,Medium-High,Medium-High,Medium-Low,Low,Medium-Low,Medium-High,High
PR00053,2025-09-22,Plant D,P005,Control Panel,Electrical,A,743,665,629,36,5.5,57,81.13,680,452200,2025,2025-09,Monday,Medium-Low,Medium-Low,Medium-Low,High,High,High,Low,Medium-High
PR00054,2025-12-12,Plant B,P001,Industrial Pump,Pumps,B,597,501,493,8,1.78,55,89.22,420,210420,2025,2025-12,Friday,Medium-Low,Low,Low,Low,Low,High,Medium-Low,Medium-Low
PR00055,2025-02-22,Plant C,P002,Hydraulic Valve,Valves,A,1107,1069,1030,39,3.7,24,90.6,185,197765,2025,2025-02,Saturday,Medium-High,High,High,High,High,Medium-Low,Medium-High,Medium-Low
PR00056,2025-12-06,Plant A,P004,Gear Assembly,Assemblies,B,1144,1088,1073,15,1.39,48,88.75,540,587520,2025,2025-12,Saturday,High,High,High,Medium-Low,Low,Medium-High,Medium-Low,High
PR00057,2025-04-02,Plant A,P002,Hydraulic Valve,Valves,A,1315,1255,1223,32,2.6,34,87.55,185,232175,2025,2025-04,Wednesday,High,High,High,High,Medium-Low,Medium-High,Medium-Low,Medium-Low
PR00058,2025-09-21,Plant D,P001,Industrial Pump,Pumps,A,853,758,722,36,4.81,22,91.22,420,318360,2025,2025-09,Sunday,Medium-High,Medium-Low,Medium-Low,High,High,Medium-Low,Medium-High,Medium-High
PR00059,2025-02-04,Plant A,P002,Hydraulic Valve,Valves,C,602,597,587,10,1.74,5,93.58,185,110445,2025,2025-02,Tuesday,Medium-Low,Medium-Low,Medium-Low,Low,Low,Low,High,Low
PR00060,2025-07-25,Plant A,P001,Industrial Pump,Pumps,B,720,696,657,39,5.67,46,78.88,420,292320,2025,2025-07,Friday,Medium-Low,Medium-Low,Medium-Low,High,High,Medium-High,Low,Medium-Low
PR00061,2025-03-22,Plant A,P006,Bearing Unit,Components,A,484,462,450,12,2.79,15,93.56,125,57750,2025,2025-03,Saturday,Low,Low,Low,Medium-Low,Medium-High,Low,High,Low
PR00062,2025-02-19,Plant A,P003,Electric Motor,Motors,C,767,735,706,29,4.07,33,85.53,760,558600,2025,2025-02,Wednesday,Medium-Low,Medium-Low,Medium-Low,Medium-High,High,Medium-High,Low,High
PR00063,2025-12-26,Plant A,P004,Gear Assembly,Assemblies,A,1053,983,951,32,3.32,5,96.2,540,530820,2025,2025-12,Friday,Medium-High,Medium-High,Medium-High,High,Medium-High,Low,High,High
PR00064,2025-01-02,Plant C,P001,Industrial Pump,Pumps,B,662,624,603,21,3.39,31,85.35,420,262080,2025,2025-01,Thursday,Medium-Low,Medium-Low,Medium-Low,Medium-High,Medium-High,Medium-High,Low,Medium-Low
PR00065,2025-02-23,Plant B,P002,Hydraulic Valve,Valves,B,635,584,579,5,0.95,26,95.3,185,108040,2025,2025-02,Sunday,Medium-Low,Medium-Low,Medium-Low,Low,Low,Medium-Low,High,Low
PR00066,2025-04-16,Plant D,P004,Gear Assembly,Assemblies,A,461,450,441,9,2.19,41,90.16,540,243000,2025,2025-04,Wednesday,Low,Low,Low,Low,Medium-Low,Medium-High,Medium-High,Medium-Low
PR00067,2025-09-17,Plant D,P003,Electric Motor,Motors,C,311,294,282,12,4.35,23,89.11,760,223440,2025,2025-09,Wednesday,Low,Low,Low,Medium-Low,High,Medium-Low,Medium-Low,Medium-Low
PR00068,2025-11-06,Plant B,P006,Bearing Unit,Components,B,1396,1278,1248,30,2.35,30,86.28,125,159750,2025,2025-11,Thursday,High,High,High,High,Medium-Low,Medium-High,Medium-Low,Medium-Low
PR00069,2025-07-10,Plant A,P004,Gear Assembly,Assemblies,B,887,805,782,23,2.98,56,80.88,540,434700,2025,2025-07,Thursday,Medium-High,Medium-High,Medium-High,Medium-High,Medium-High,High,Low,Medium-High
PR00070,2025-08-06,Plant B,P001,Industrial Pump,Pumps,A,500,462,459,3,0.79,103,78.69,420,194040,2025,2025-08,Wednesday,Low,Low,Low,Low,Low,High,Low,Medium-Low
PR00071,2025-02-13,Plant C,P003,Electric Motor,Motors,A,821,763,747,16,2.1,120,72.38,760,579880,2025,2025-02,Thursday,Medium-Low,Medium-Low,Medium-Low,Medium-Low,Medium-Low,High,Low,High
PR00072,2025-06-11,Plant A,P002,Hydraulic Valve,Valves,C,804,737,706,31,4.26,134,68.26,185,136345,2025,2025-06,Wednesday,Medium-Low,Medium-Low,Medium-Low,High,High,High,Low,Low
PR00073,2025-07-21,Plant C,P003,Electric Motor,Motors,A,1087,1048,1037,11,1.13,29,92.37,760,796480,2025,2025-07,Monday,Medium-High,Medium-High,High,Low,Low,Medium-Low,Medium-High,High
PR00074,2025-09-27,Plant B,P003,Electric Motor,Motors,B,1362,1221,1176,45,3.73,33,87.49,760,927960,2025,2025-09,Saturday,High,High,High,High,High,Medium-High,Medium-Low,High
PR00075,2025-12-17,Plant B,P005,Control Panel,Electrical,B,359,327,318,9,3.03,101,70.4,680,222360,2025,2025-12,Wednesday,Low,Low,Low,Low,Medium-High,High,Low,Medium-Low
PR00076,2025-10-31,Plant B,P003,Electric Motor,Motors,B,877,866,845,21,2.49,70,83.91,760,658160,2025,2025-10,Friday,Medium-High,Medium-High,Medium-High,Medium-High,Medium-Low,High,Low,High
PR00077,2025-09-28,Plant A,P003,Electric Motor,Motors,A,620,564,551,13,2.44,17,91.64,760,428640,2025,2025-09,Sunday,Medium-Low,Medium-Low,Medium-Low,Medium-Low,Medium-Low,Medium-Low,Medium-High,Medium-High
PR00078,2025-08-03,Plant D,P004,Gear Assembly,Assemblies,A,1222,1144,1120,24,2.16,14,93.16,540,617760,2025,2025-08,Sunday,High,High,High,Medium-High,Medium-Low,Low,High,High
PR00079,2025-09-09,Plant C,P002,Hydraulic Valve,Valves,B,868,864,845,19,2.28,3,93.84,185,159840,2025,2025-09,Tuesday,Medium-High,Medium-High,Medium-High,Medium-Low,Medium-Low,Low,High,Medium-Low
PR00080,2025-07-09,Plant A,P004,Gear Assembly,Assemblies,A,826,776,745,31,4.01,39,83.1,540,419040,2025,2025-07,Wednesday,Medium-Low,Medium-Low,Medium-Low,High,High,Medium-High,Low,Medium-High
PR00081,2025-10-23,Plant D,P004,Gear Assembly,Assemblies,A,823,750,734,16,2.24,74,84.78,540,405000,2025,2025-10,Thursday,Medium-Low,Medium-Low,Medium-Low,Medium-Low,Medium-Low,High,Low,Medium-High
PR00082,2025-08-01,Plant B,P001,Industrial Pump,Pumps,A,912,862,818,44,5.15,15,90.87,420,362040,2025,2025-08,Friday,Medium-High,Medium-High,Medium-High,High,High,Low,Medium-High,Medium-High
PR00083,2025-07-27,Plant D,P004,Gear Assembly,Assemblies,B,424,419,406,13,3.19,16,93.64,540,226260,2025,2025-07,Sunday,Low,Low,Low,Medium-Low,Medium-High,Low,High,Medium-Low
PR00084,2025-08-25,Plant C,P005,Control Panel,Electrical,C,1170,1107,1085,22,2.05,45,87.49,680,752760,2025,2025-08,Monday,High,High,High,Medium-High,Medium-Low,Medium-High,Medium-Low,High
PR00085,2025-12-04,Plant B,P005,Control Panel,Electrical,A,579,529,508,21,4.07,61,78.22,680,359720,2025,2025-12,Thursday,Medium-Low,Low,Low,Medium-High,High,High,Low,Medium-High
PR00086,2025-02-22,Plant A,P001,Industrial Pump,Pumps,A,1216,1169,1127,42,3.61,34,91.99,420,490980,2025,2025-02,Saturday,High,High,High,High,Medium-High,Medium-High,Medium-High,Medium-High
PR00087,2025-10-07,Plant A,P006,Bearing Unit,Components,A,921,897,892,5,0.65,15,96.87,125,112125,2025,2025-10,Tuesday,Medium-High,Medium-High,Medium-High,Low,Low,Low,High,Low
PR00088,2025-08-05,Plant B,P002,Hydraulic Valve,Valves,B,1145,1154,1138,16,1.46,24,93.28,185,213490,2025,2025-08,Tuesday,High,High,High,Medium-Low,Low,Medium-Low,High,Medium-Low
PR00089,2025-09-09,Plant C,P002,Hydraulic Valve,Valves,B,973,1000,974,26,2.65,21,91.11,185,185000,2025,2025-09,Tuesday,Medium-High,Medium-High,Medium-High,Medium-High,Medium-Low,Medium-Low,Medium-High,Medium-Low
PR00090,2025-07-07,Plant A,P004,Gear Assembly,Assemblies,B,613,572,568,4,0.74,44,86.0,540,308880,2025,2025-07,Monday,Medium-Low,Medium-Low,Medium-Low,Low,Low,Medium-High,Medium-Low,Medium-Low
PR00091,2025-02-10,Plant A,P004,Gear Assembly,Assemblies,B,631,564,533,31,5.52,15,91.0,540,304560,2025,2025-02,Monday,Medium-Low,Medium-Low,Medium-Low,High,High,Low,Medium-High,Medium-Low
PR00092,2025-06-06,Plant D,P006,Bearing Unit,Components,B,335,324,312,12,3.87,9,90.28,125,40500,2025,2025-06,Friday,Low,Low,Low,Medium-Low,High,Low,Medium-High,Low
PR00093,2025-01-15,Plant D,P004,Gear Assembly,Assemblies,C,1345,1245,1211,34,2.78,4,96.12,540,672300,2025,2025-01,Wednesday,High,High,High,High,Medium-Low,Low,High,High
PR00094,2025-10-28,Plant B,P002,Hydraulic Valve,Valves,C,505,465,455,10,2.35,18,94.42,185,86025,2025,2025-10,Tuesday,Low,Low,Low,Low,Medium-Low,Medium-Low,High,Low
PR00095,2025-03-06,Plant A,P003,Electric Motor,Motors,A,938,820,804,16,2.02,57,86.24,760,623200,2025,2025-03,Thursday,Medium-High,Medium-High,Medium-High,Medium-Low,Medium-Low,High,Medium-Low,High
PR00096,2025-12-11,Plant A,P005,Control Panel,Electrical,A,1147,1119,1117,2,0.25,13,97.96,680,760920,2025,2025-12,Thursday,High,High,High,Low,Low,Low,High,High
PR00097,2025-11-23,Plant A,P003,Electric Motor,Motors,A,739,731,727,4,0.55,6,98.0,760,555560,2025,2025-11,Sunday,Medium-Low,Medium-Low,Medium-Low,Low,Low,Low,High,High
PR00098,2025-01-09,Plant D,P003,Electric Motor,Motors,A,1028,950,900,50,5.27,9,88.71,760,722000,2025,2025-01,Thursday,Medium-High,Medium-High,Medium-High,High,High,Low,Medium-Low,High
PR00099,2025-12-10,Plant A,P002,Hydraulic Valve,Valves,C,1240,1227,1168,59,4.85,12,90.65,185,226995,2025,2025-12,Wednesday,High,High,High,High,High,Low,Medium-High,Medium-Low
PR00100,2025-05-09,Plant B,P003,Electric Motor,Motors,B,463,468,459,9,2.05,18,92.87,760,355680,2025,2025-05,Friday,Low,Low,Low,Low,Medium-Low,Medium-Low,Medium-High,Medium-High
PR00101,2025-05-16,Plant A,P006,Bearing Unit,Components,A,447,455,437,18,3.98,8,88.75,125,56875,2025,2025-05,Friday,Low,Low,Low,Medium-Low,High,Low,Medium-Low,Low
PR00102,2025-03-04,Plant B,P001,Industrial Pump,Pumps,B,593,553,534,19,3.46,51,85.18,420,232260,2025,2025-03,Tuesday,Medium-Low,Medium-Low,Medium-Low,Medium-Low,Medium-High,High,Low,Medium-Low
PR00103,2025-05-19,Plant C,P004,Gear Assembly,Assemblies,B,494,492,475,17,3.61,10,95.09,540,265680,2025,2025-05,Monday,Low,Low,Low,Medium-Low,Medium-High,Low,High,Medium-Low
PR00104,2025-03-22,Plant D,P001,Industrial Pump,Pumps,A,962,940,932,8,0.95,36,94.13,420,394800,2025,2025-03,Saturday,Medium-High,Medium-High,Medium-High,Low,Low,Medium-High,High,Medium-High
PR00105,2025-06-12,Plant A,P005,Control Panel,Electrical,A,779,772,769,3,0.45,17,98.0,680,524960,2025,2025-06,Thursday,Medium-Low,Medium-Low,Medium-Low,Low,Low,Medium-Low,High,Medium-High
PR00106,2025-10-16,Plant A,P004,Gear Assembly,Assemblies,B,422,393,376,17,4.34,14,87.14,540,212220,2025,2025-10,Thursday,Low,Low,Low,Medium-Low,High,Low,Medium-Low,Medium-Low
PR00107,2025-09-18,Plant A,P003,Electric Motor,Motors,B,998,887,885,2,0.23,48,93.31,760,674120,2025,2025-09,Thursday,Medium-High,Medium-High,Medium-High,Low,Low,Medium-High,High,High
PR00108,2025-08-19,Plant D,P005,Control Panel,Electrical,A,1264,1236,1204,32,2.61,26,91.25,680,840480,2025,2025-08,Tuesday,High,High,High,High,Medium-Low,Medium-Low,Medium-High,High
PR00109,2025-02-10,Plant D,P004,Gear Assembly,Assemblies,A,960,932,911,21,2.32,67,86.32,540,503280,2025,2025-02,Monday,Medium-High,Medium-High,Medium-High,Medium-High,Medium-Low,High,Medium-Low,Medium-High
PR00110,2025-01-28,Plant C,P006,Bearing Unit,Components,B,1009,922,902,20,2.2,18,92.31,125,115250,2025,2025-01,Tuesday,Medium-High,Medium-High,Medium-High,Medium-High,Medium-Low,Medium-Low,Medium-High,Low
PR00111,2025-05-15,Plant C,P006,Bearing Unit,Components,A,695,667,646,21,3.21,10,92.12,125,83375,2025,2025-05,Thursday,Medium-Low,Medium-Low,Medium-Low,Medium-High,Medium-High,Low,Medium-High,Low
PR00112,2025-07-20,Plant C,P006,Bearing Unit,Components,B,1211,1211,1188,23,1.92,21,90.49,125,151375,2025,2025-07,Sunday,High,High,High,Medium-High,Medium-Low,Medium-Low,Medium-High,Low
PR00113,2025-11-24,Plant A,P006,Bearing Unit,Components,B,1304,1231,1191,40,3.31,16,93.39,125,153875,2025,2025-11,Monday,High,High,High,High,Medium-High,Low,High,Low
PR00114,2025-09-25,Plant D,P003,Electric Motor,Motors,A,616,586,569,17,2.98,86,79.36,760,445360,2025,2025-09,Thursday,Medium-Low,Medium-Low,Medium-Low,Medium-Low,Medium-High,High,Low,Medium-High
PR00115,2025-02-02,Plant B,P001,Industrial Pump,Pumps,C,980,911,861,50,5.53,16,86.27,420,382620,2025,2025-02,Sunday,Medium-High,Medium-High,Medium-High,High,High,Low,Medium-Low,Medium-High
PR00116,2025-02-17,Plant B,P004,Gear Assembly,Assemblies,B,794,752,745,7,1.0,37,86.77,540,406080,2025,2025-02,Monday,Medium-Low,Medium-Low,Medium-Low,Low,Low,Medium-High,Medium-Low,Medium-High
PR00117,2025-03-03,Plant B,P003,Electric Motor,Motors,A,855,850,826,24,2.84,28,90.97,760,646000,2025,2025-03,Monday,Medium-High,Medium-High,Medium-High,Medium-High,Medium-High,Medium-Low,Medium-High,High
PR00118,2025-08-04,Plant A,P006,Bearing Unit,Components,B,909,844,816,28,3.36,10,94.02,125,105500,2025,2025-08,Monday,Medium-High,Medium-High,Medium-High,Medium-High,Medium-High,Low,High,Low
PR00119,2025-10-20,Plant A,P001,Industrial Pump,Pumps,C,408,384,375,9,2.47,13,91.72,420,161280,2025,2025-10,Monday,Low,Low,Low,Low,Medium-Low,Low,Medium-High,Medium-Low
PR00120,2025-04-09,Plant C,P005,Control Panel,Electrical,B,671,629,623,6,1.06,32,89.63,680,427720,2025,2025-04,Wednesday,Medium-Low,Medium-Low,Medium-Low,Low,Low,Medium-High,Medium-Low,Medium-High
PR00121,2025-06-21,Plant A,P005,Control Panel,Electrical,A,1154,1036,991,45,4.43,32,88.27,680,704480,2025,2025-06,Saturday,High,Medium-High,Medium-High,High,High,Medium-High,Medium-Low,High
PR00122,2025-12-26,Plant C,P005,Control Panel,Electrical,C,915,877,849,28,3.24,21,94.65,680,596360,2025,2025-12,Friday,Medium-High,Medium-High,Medium-High,Medium-High,Medium-High,Medium-Low,High,High
PR00123,2025-08-02,Plant A,P006,Bearing Unit,Components,B,1067,1017,1006,11,1.15,26,92.09,125,127125,2025,2025-08,Saturday,Medium-High,Medium-High,Medium-High,Low,Low,Medium-Low,Medium-High,Low
PR00124,2025-02-04,Plant B,P005,Control Panel,Electrical,A,505,494,478,16,3.37,5,92.19,680,335920,2025,2025-02,Tuesday,Low,Low,Low,Medium-Low,Medium-High,Low,Medium-High,Medium-High
PR00125,2025-08-15,Plant A,P002,Hydraulic Valve,Valves,A,1146,1013,963,50,5.01,13,90.48,185,187405,2025,2025-08,Friday,High,Medium-High,Medium-High,High,High,Low,Medium-High,Medium-Low
PR00126,2025-04-11,Plant B,P004,Gear Assembly,Assemblies,A,342,307,299,8,2.75,57,85.75,540,165780,2025,2025-04,Friday,Low,Low,Low,Low,Medium-Low,High,Medium-Low,Medium-Low
PR00127,2025-05-11,Plant C,P004,Gear Assembly,Assemblies,C,1164,1119,1088,31,2.8,18,91.47,540,604260,2025,2025-05,Sunday,High,High,High,High,Medium-High,Medium-Low,Medium-High,High
PR00128,2025-09-14,Plant A,P006,Bearing Unit,Components,A,1084,1043,993,50,4.84,57,85.39,125,130375,2025,2025-09,Sunday,Medium-High,Medium-High,Medium-High,High,High,High,Low,Low
PR00129,2025-01-05,Plant B,P002,Hydraulic Valve,Valves,A,775,740,729,11,1.54,63,86.89,185,136900,2025,2025-01,Sunday,Medium-Low,Medium-Low,Medium-Low,Low,Low,High,Medium-Low,Low
PR00130,2025-08-06,Plant B,P003,Electric Motor,Motors,C,382,340,323,17,5.05,62,79.26,760,258400,2025,2025-08,Wednesday,Low,Low,Low,Medium-Low,High,High,Low,Medium-Low
PR00131,2025-09-12,Plant C,P003,Electric Motor,Motors,A,489,419,402,17,4.06,84,73.93,760,318440,2025,2025-09,Friday,Low,Low,Low,Medium-Low,High,High,Low,Medium-High
PR00132,2025-12-25,Plant D,P005,Control Panel,Electrical,A,1099,1028,1012,16,1.6,40,92.24,680,699040,2025,2025-12,Thursday,Medium-High,Medium-High,Medium-High,Medium-Low,Low,Medium-High,Medium-High,High
PR00133,2025-10-10,Plant C,P001,Industrial Pump,Pumps,A,1235,1143,1121,22,1.93,82,83.09,420,480060,2025,2025-10,Friday,High,High,High,Medium-High,Medium-Low,High,Low,Medium-High
PR00134,2025-07-26,Plant A,P003,Electric Motor,Motors,A,550,476,466,10,2.12,54,85.41,760,361760,2025,2025-07,Saturday,Low,Low,Low,Low,Medium-Low,High,Low,Medium-High
PR00135,2025-01-15,Plant A,P001,Industrial Pump,Pumps,A,590,561,559,2,0.42,4,98.0,420,235620,2025,2025-01,Wednesday,Medium-Low,Medium-Low,Medium-Low,Low,Low,Low,High,Medium-Low
PR00136,2025-12-12,Plant A,P004,Gear Assembly,Assemblies,B,625,574,556,18,3.14,38,87.39,540,309960,2025,2025-12,Friday,Medium-Low,Medium-Low,Medium-Low,Medium-Low,Medium-High,Medium-High,Medium-Low,Medium-Low
PR00137,2025-02-11,Plant C,P001,Industrial Pump,Pumps,A,1136,1018,1002,16,1.66,120,74.55,420,427560,2025,2025-02,Tuesday,High,Medium-High,Medium-High,Medium-Low,Low,High,Low,Medium-High
PR00138,2025-06-28,Plant A,P004,Gear Assembly,Assemblies,A,807,778,754,24,3.19,3,92.57,540,420120,2025,2025-06,Saturday,Medium-Low,Medium-Low,Medium-Low,Medium-High,Medium-High,Low,Medium-High,Medium-High
PR00139,2025-03-04,Plant B,P002,Hydraulic Valve,Valves,B,1030,978,968,10,1.12,28,90.38,185,180930,2025,2025-03,Tuesday,Medium-High,Medium-High,Medium-High,Low,Low,Medium-Low,Medium-High,Medium-Low
PR00140,2025-12-18,Plant C,P002,Hydraulic Valve,Valves,B,371,360,346,14,4.0,10,93.62,185,66600,2025,2025-12,Thursday,Low,Low,Low,Medium-Low,High,Low,High,Low
PR00141,2025-08-19,Plant B,P006,Bearing Unit,Components,B,940,900,867,33,3.76,14,93.44,125,112500,2025,2025-08,Tuesday,Medium-High,Medium-High,Medium-High,High,High,Low,High,Low
PR00142,2025-08-29,Plant C,P006,Bearing Unit,Components,B,1239,1185,1163,22,1.88,18,92.6,125,148125,2025,2025-08,Friday,High,High,High,Medium-High,Low,Medium-Low,Medium-High,Low
PR00143,2025-02-21,Plant A,P005,Control Panel,Electrical,A,907,874,846,28,3.27,38,86.0,680,594320,2025,2025-02,Friday,Medium-High,Medium-High,Medium-High,Medium-High,Medium-High,Medium-High,Medium-Low,High
PR00144,2025-04-06,Plant A,P003,Electric Motor,Motors,B,865,844,820,24,2.91,21,93.73,760,641440,2025,2025-04,Sunday,Medium-High,Medium-High,Medium-High,Medium-High,Medium-High,Medium-Low,High,High
PR00145,2025-08-10,Plant C,P005,Control Panel,Electrical,B,353,311,297,14,4.73,37,84.07,680,211480,2025,2025-08,Sunday,Low,Low,Low,Medium-Low,High,Medium-High,Low,Medium-Low
PR00146,2025-08-19,Plant B,P004,Gear Assembly,Assemblies,A,827,761,750,11,1.46,97,78.52,540,410940,2025,2025-08,Tuesday,Medium-Low,Medium-Low,Medium-Low,Low,Low,High,Low,Medium-High
PR00147,2025-08-25,Plant C,P005,Control Panel,Electrical,C,910,878,856,22,2.6,59,84.16,680,597040,2025,2025-08,Monday,Medium-High,Medium-High,Medium-High,Medium-High,Medium-Low,High,Low,High
PR00148,2025-05-23,Plant B,P001,Industrial Pump,Pumps,A,492,489,480,9,1.97,32,87.71,420,205380,2025,2025-05,Friday,Low,Low,Low,Low,Medium-Low,Medium-High,Medium-Low,Medium-Low
PR00149,2025-06-20,Plant A,P004,Gear Assembly,Assemblies,C,357,345,336,9,2.86,23,91.49,540,186300,2025,2025-06,Friday,Low,Low,Low,Low,Medium-High,Medium-Low,Medium-High,Medium-Low
PR00150,2025-01-29,Plant D,P006,Bearing Unit,Components,A,428,398,385,13,3.49,40,86.95,125,49750,2025,2025-01,Wednesday,Low,Low,Low,Medium-Low,Medium-High,Medium-High,Medium-Low,Low
PR00151,2025-02-05,Plant C,P002,Hydraulic Valve,Valves,C,1005,997,978,19,1.95,4,97.0,185,184445,2025,2025-02,Wednesday,Medium-High,Medium-High,Medium-High,Medium-Low,Medium-Low,Low,High,Medium-Low
PR00152,2025-01-13,Plant C,P006,Bearing Unit,Components,B,1151,1141,1115,26,2.33,19,93.02,125,142625,2025,2025-01,Monday,High,High,High,Medium-High,Medium-Low,Medium-Low,High,Low
PR00153,2025-06-09,Plant A,P003,Electric Motor,Motors,C,307,287,276,11,4.06,41,89.98,760,218120,2025,2025-06,Monday,Low,Low,Low,Low,High,Medium-High,Medium-High,Medium-Low
PR00154,2025-11-23,Plant C,P004,Gear Assembly,Assemblies,A,328,309,295,14,4.56,31,89.28,540,166860,2025,2025-11,Sunday,Low,Low,Low,Medium-Low,High,Medium-High,Medium-Low,Medium-Low
PR00155,2025-07-06,Plant B,P004,Gear Assembly,Assemblies,B,1246,1144,1105,39,3.44,61,82.72,540,617760,2025,2025-07,Sunday,High,High,High,High,Medium-High,High,Low,High
PR00156,2025-08-31,Plant A,P001,Industrial Pump,Pumps,B,430,384,374,10,2.62,55,85.33,420,161280,2025,2025-08,Sunday,Low,Low,Low,Low,Medium-Low,High,Low,Medium-Low
PR00157,2025-03-27,Plant D,P003,Electric Motor,Motors,B,487,459,448,11,2.5,39,91.98,760,348840,2025,2025-03,Thursday,Low,Low,Low,Low,Medium-Low,Medium-High,Medium-High,Medium-High
PR00158,2025-10-11,Plant A,P002,Hydraulic Valve,Valves,B,1008,936,904,32,3.51,21,92.26,185,173160,2025,2025-10,Saturday,Medium-High,Medium-High,Medium-High,High,Medium-High,Medium-Low,Medium-High,Medium-Low
PR00159,2025-03-07,Plant D,P004,Gear Assembly,Assemblies,B,511,478,464,14,3.1,17,89.49,540,258120,2025,2025-03,Friday,Low,Low,Low,Medium-Low,Medium-High,Medium-Low,Medium-Low,Medium-Low
PR00160,2025-06-19,Plant B,P004,Gear Assembly,Assemblies,B,575,574,571,3,0.66,64,88.11,540,309960,2025,2025-06,Thursday,Medium-Low,Medium-Low,Medium-Low,Low,Low,High,Medium-Low,Medium-Low
PR00161,2025-02-14,Plant A,P001,Industrial Pump,Pumps,A,1396,1355,1308,47,3.54,39,89.38,420,569100,2025,2025-02,Friday,High,High,High,High,Medium-High,Medium-High,Medium-Low,High
PR00162,2025-03-03,Plant B,P005,Control Panel,Electrical,B,542,496,488,8,1.68,13,98.0,680,337280,2025,2025-03,Monday,Low,Low,Low,Low,Low,Low,High,Medium-High
PR00163,2025-05-14,Plant D,P002,Hydraulic Valve,Valves,A,1286,1178,1167,11,0.96,57,86.36,185,217930,2025,2025-05,Wednesday,High,High,High,Low,Low,High,Medium-Low,Medium-Low
PR00164,2025-10-11,Plant C,P006,Bearing Unit,Components,C,984,940,935,5,0.63,38,90.51,125,117500,2025,2025-10,Saturday,Medium-High,Medium-High,Medium-High,Low,Low,Medium-High,Medium-High,Low
PR00165,2025-01-28,Plant D,P003,Electric Motor,Motors,B,470,440,429,11,2.52,26,89.14,760,334400,2025,2025-01,Tuesday,Low,Low,Low,Low,Medium-Low,Medium-Low,Medium-Low,Medium-High
PR00166,2025-04-18,Plant C,P004,Gear Assembly,Assemblies,C,952,916,903,13,1.48,51,88.2,540,494640,2025,2025-04,Friday,Medium-High,Medium-High,Medium-High,Medium-Low,Low,High,Medium-Low,Medium-High
PR00167,2025-02-13,Plant C,P004,Gear Assembly,Assemblies,A,487,451,451,0,0.2,43,92.57,540,243540,2025,2025-02,Thursday,Low,Low,Low,Low,Low,Medium-High,Medium-High,Medium-Low
PR00168,2025-12-06,Plant D,P006,Bearing Unit,Components,C,351,337,330,7,2.33,72,81.08,125,42125,2025,2025-12,Saturday,Low,Low,Low,Low,Medium-Low,High,Low,Low
PR00169,2025-10-13,Plant A,P002,Hydraulic Valve,Valves,C,410,381,373,8,2.16,72,82.08,185,70485,2025,2025-10,Monday,Low,Low,Low,Low,Medium-Low,High,Low,Low
PR00170,2025-11-27,Plant B,P005,Control Panel,Electrical,B,1176,1117,1088,29,2.61,19,88.18,680,759560,2025,2025-11,Thursday,High,High,High,Medium-High,Medium-Low,Medium-Low,Medium-Low,High
PR00171,2025-05-08,Plant A,P004,Gear Assembly,Assemblies,B,1366,1313,1288,25,1.98,28,94.45,540,709020,2025,2025-05,Thursday,High,High,High,Medium-High,Medium-Low,Medium-Low,High,High
PR00172,2025-12-14,Plant D,P002,Hydraulic Valve,Valves,A,510,469,445,24,5.18,22,84.7,185,86765,2025,2025-12,Sunday,Low,Low,Low,Medium-High,High,Medium-Low,Low,Low
PR00173,2025-08-19,Plant D,P006,Bearing Unit,Components,C,1157,971,938,33,3.47,96,76.34,125,121375,2025,2025-08,Tuesday,High,Medium-High,Medium-High,High,Medium-High,High,Low,Low
PR00174,2025-07-09,Plant A,P001,Industrial Pump,Pumps,B,926,875,857,18,2.15,51,87.05,420,367500,2025,2025-07,Wednesday,Medium-High,Medium-High,Medium-High,Medium-Low,Medium-Low,High,Medium-Low,Medium-High
PR00175,2025-08-13,Plant C,P005,Control Panel,Electrical,A,1349,1273,1239,34,2.72,28,90.41,680,865640,2025,2025-08,Wednesday,High,High,High,High,Medium-Low,Medium-Low,Medium-High,High
PR00176,2025-10-10,Plant D,P003,Electric Motor,Motors,A,598,545,520,25,4.64,15,90.18,760,414200,2025,2025-10,Friday,Medium-Low,Medium-Low,Low,Medium-High,High,Low,Medium-High,Medium-High
PR00177,2025-05-01,Plant A,P004,Gear Assembly,Assemblies,C,1223,1193,1145,48,4.04,31,85.72,540,644220,2025,2025-05,Thursday,High,High,High,High,High,Medium-High,Medium-Low,High
PR00178,2025-04-26,Plant B,P002,Hydraulic Valve,Valves,C,436,441,437,4,0.98,2,97.47,185,81585,2025,2025-04,Saturday,Low,Low,Low,Low,Low,Low,High,Low
PR00179,2025-08-21,Plant D,P001,Industrial Pump,Pumps,C,1343,1414,1393,21,1.53,22,95.24,420,593880,2025,2025-08,Thursday,High,High,High,Medium-High,Low,Medium-Low,High,High
PR00180,2025-09-16,Plant A,P003,Electric Motor,Motors,B,739,741,728,13,1.78,12,97.46,760,563160,2025,2025-09,Tuesday,Medium-Low,Medium-Low,Medium-Low,Medium-Low,Low,Low,High,High
PR00181,2025-12-25,Plant C,P002,Hydraulic Valve,Valves,A,510,469,459,10,2.23,56,84.61,185,86765,2025,2025-12,Thursday,Low,Low,Low,Low,Medium-Low,High,Low,Low
PR00182,2025-07-17,Plant A,P002,Hydraulic Valve,Valves,A,1051,981,962,19,2.03,23,89.23,185,181485,2025,2025-07,Thursday,Medium-High,Medium-High,Medium-High,Medium-Low,Medium-Low,Medium-Low,Medium-Low,Medium-Low
PR00183,2025-05-17,Plant D,P003,Electric Motor,Motors,A,734,685,666,19,2.84,32,87.78,760,520600,2025,2025-05,Saturday,Medium-Low,Medium-Low,Medium-Low,Medium-Low,Medium-High,Medium-High,Medium-Low,Medium-High
PR00184,2025-11-14,Plant D,P001,Industrial Pump,Pumps,A,1079,995,958,37,3.76,27,92.67,420,417900,2025,2025-11,Friday,Medium-High,Medium-High,Medium-High,High,High,Medium-Low,Medium-High,Medium-High
PR00185,2025-06-14,Plant D,P006,Bearing Unit,Components,A,738,683,656,27,3.97,58,81.01,125,85375,2025,2025-06,Saturday,Medium-Low,Medium-Low,Medium-Low,Medium-High,High,High,Low,Low
PR00186,2025-08-13,Plant B,P001,Industrial Pump,Pumps,A,965,856,836,20,2.38,59,84.44,420,359520,2025,2025-08,Wednesday,Medium-High,Medium-High,Medium-High,Medium-High,Medium-Low,High,Low,Medium-High
PR00187,2025-11-03,Plant D,P005,Control Panel,Electrical,B,1365,1345,1336,9,0.67,44,93.03,680,914600,2025,2025-11,Monday,High,High,High,Low,Low,Medium-High,High,High
PR00188,2025-08-22,Plant D,P004,Gear Assembly,Assemblies,C,710,684,675,9,1.45,37,89.37,540,369360,2025,2025-08,Friday,Medium-Low,Medium-Low,Medium-Low,Low,Low,Medium-High,Medium-Low,Medium-High
PR00189,2025-06-21,Plant B,P003,Electric Motor,Motors,B,1105,1097,1074,23,2.12,6,95.29,760,833720,2025,2025-06,Saturday,Medium-High,High,High,Medium-High,Medium-Low,Low,High,High
PR00190,2025-06-01,Plant D,P006,Bearing Unit,Components,C,909,847,838,9,1.18,25,94.82,125,105875,2025,2025-06,Sunday,Medium-High,Medium-High,Medium-High,Low,Low,Medium-Low,High,Low
PR00191,2025-11-11,Plant A,P003,Electric Motor,Motors,B,726,670,642,28,4.28,66,83.8,760,509200,2025,2025-11,Tuesday,Medium-Low,Medium-Low,Medium-Low,Medium-High,High,High,Low,Medium-High
PR00192,2025-06-09,Plant C,P003,Electric Motor,Motors,A,1201,1211,1196,15,1.27,34,90.0,760,920360,2025,2025-06,Monday,High,High,High,Medium-Low,Low,Medium-High,Medium-High,High
PR00193,2025-04-06,Plant A,P001,Industrial Pump,Pumps,A,1241,1142,1101,41,3.6,23,92.78,420,479640,2025,2025-04,Sunday,High,High,High,High,Medium-High,Medium-Low,Medium-High,Medium-High
PR00194,2025-08-21,Plant A,P004,Gear Assembly,Assemblies,A,1041,989,983,6,0.61,19,94.72,540,534060,2025,2025-08,Thursday,Medium-High,Medium-High,Medium-High,Low,Low,Medium-Low,High,High
PR00195,2025-06-29,Plant A,P005,Control Panel,Electrical,A,627,610,588,22,3.65,20,88.75,680,414800,2025,2025-06,Sunday,Medium-Low,Medium-Low,Medium-Low,Medium-High,Medium-High,Medium-Low,Medium-Low,Medium-High
PR00196,2025-04-23,Plant C,P002,Hydraulic Valve,Valves,B,351,323,315,8,2.62,32,90.17,185,59755,2025,2025-04,Wednesday,Low,Low,Low,Low,Medium-Low,Medium-High,Medium-High,Low
PR00197,2025-11-14,Plant B,P002,Hydraulic Valve,Valves,A,675,629,599,30,4.77,18,86.93,185,116365,2025,2025-11,Friday,Medium-Low,Medium-Low,Medium-Low,High,High,Medium-Low,Medium-Low,Low
PR00198,2025-02-21,Plant C,P003,Electric Motor,Motors,A,562,558,551,7,1.33,63,86.35,760,424080,2025,2025-02,Friday,Low,Medium-Low,Medium-Low,Low,Low,High,Medium-Low,Medium-High
PR00199,2025-09-25,Plant A,P004,Gear Assembly,Assemblies,A,566,535,524,11,2.07,5,98.0,540,288900,2025,2025-09,Thursday,Low,Low,Low,Low,Medium-Low,Low,High,Medium-Low
PR00200,2025-10-22,Plant B,P006,Bearing Unit,Components,C,658,654,639,15,2.32,50,88.73,125,81750,2025,2025-10,Wednesday,Medium-Low,Medium-Low,Medium-Low,Medium-Low,Medium-Low,High,Medium-Low,Low
PR00201,2025-04-23,Plant B,P001,Industrial Pump,Pumps,C,951,869,847,22,2.6,75,80.89,420,364980,2025,2025-04,Wednesday,Medium-High,Medium-High,Medium-High,Medium-High,Medium-Low,High,Low,Medium-High
PR00202,2025-04-11,Plant C,P004,Gear Assembly,Assemblies,B,345,321,314,7,2.35,11,96.38,540,173340,2025,2025-04,Friday,Low,Low,Low,Low,Medium-Low,Low,High,Medium-Low
PR00203,2025-04-23,Plant B,P004,Gear Assembly,Assemblies,A,899,868,848,20,2.38,47,85.17,540,468720,2025,2025-04,Wednesday,Medium-High,Medium-High,Medium-High,Medium-High,Medium-Low,Medium-High,Low,Medium-High
PR00204,2025-03-22,Plant C,P001,Industrial Pump,Pumps,C,1019,972,950,22,2.35,39,87.15,420,408240,2025,2025-03,Saturday,Medium-High,Medium-High,Medium-High,Medium-High,Medium-Low,Medium-High,Medium-Low,Medium-High
PR00205,2025-07-06,Plant D,P003,Electric Motor,Motors,C,900,890,889,1,0.2,14,96.75,760,676400,2025,2025-07,Sunday,Medium-High,Medium-High,Medium-High,Low,Low,Low,High,High
PR00206,2025-04-23,Plant C,P004,Gear Assembly,Assemblies,B,680,630,605,25,4.09,10,92.04,540,340200,2025,2025-04,Wednesday,Medium-Low,Medium-Low,Medium-Low,Medium-High,High,Low,Medium-High,Medium-High
PR00207,2025-01-02,Plant A,P002,Hydraulic Valve,Valves,C,417,380,356,24,6.52,42,79.23,185,70300,2025,2025-01,Thursday,Low,Low,Low,Medium-High,High,Medium-High,Low,Low
PR00208,2025-05-10,Plant A,P001,Industrial Pump,Pumps,A,415,348,337,11,3.19,97,75.2,420,146160,2025,2025-05,Saturday,Low,Low,Low,Low,Medium-High,High,Low,Low
PR00209,2025-08-08,Plant D,P006,Bearing Unit,Components,C,559,530,524,6,1.32,69,83.93,125,66250,2025,2025-08,Friday,Low,Low,Low,Low,Low,High,Low,Low
PR00210,2025-02-23,Plant A,P005,Control Panel,Electrical,C,1398,1395,1375,20,1.46,47,91.49,680,948600,2025,2025-02,Sunday,High,High,High,Medium-High,Low,Medium-High,Medium-High,High
PR00211,2025-12-09,Plant D,P003,Electric Motor,Motors,A,604,531,512,19,3.6,41,83.81,760,403560,2025,2025-12,Tuesday,Medium-Low,Low,Low,Medium-Low,Medium-High,Medium-High,Low,Medium-High
PR00212,2025-08-12,Plant B,P001,Industrial Pump,Pumps,B,306,285,276,9,3.3,34,85.48,420,119700,2025,2025-08,Tuesday,Low,Low,Low,Low,Medium-High,Medium-High,Low,Low
PR00213,2025-08-13,Plant D,P005,Control Panel,Electrical,C,665,617,603,14,2.43,28,91.11,680,419560,2025,2025-08,Wednesday,Medium-Low,Medium-Low,Medium-Low,Medium-Low,Medium-Low,Medium-Low,Medium-High,Medium-High
PR00214,2025-05-06,Plant C,P005,Control Panel,Electrical,A,822,727,700,27,3.78,43,88.03,680,494360,2025,2025-05,Tuesday,Medium-Low,Medium-Low,Medium-Low,Medium-High,High,Medium-High,Medium-Low,Medium-High
PR00215,2025-05-10,Plant D,P006,Bearing Unit,Components,B,728,668,667,1,0.2,14,98.0,125,83500,2025,2025-05,Saturday,Medium-Low,Medium-Low,Medium-Low,Low,Low,Low,High,Low
PR00216,2025-02-22,Plant B,P004,Gear Assembly,Assemblies,C,1090,969,933,36,3.78,54,84.14,540,523260,2025,2025-02,Saturday,Medium-High,Medium-High,Medium-High,High,High,High,Low,Medium-High
PR00217,2025-06-21,Plant C,P006,Bearing Unit,Components,B,1046,985,955,30,3.11,29,88.96,125,123125,2025,2025-06,Saturday,Medium-High,Medium-High,Medium-High,High,Medium-High,Medium-Low,Medium-Low,Low
PR00218,2025-08-06,Plant B,P004,Gear Assembly,Assemblies,A,666,668,658,10,1.51,30,93.09,540,360720,2025,2025-08,Wednesday,Medium-Low,Medium-Low,Medium-Low,Low,Low,Medium-High,High,Medium-High
PR00219,2025-06-09,Plant B,P004,Gear Assembly,Assemblies,B,612,541,536,5,0.94,85,83.24,540,292140,2025,2025-06,Monday,Medium-Low,Medium-Low,Medium-Low,Low,Low,High,Low,Medium-Low
PR00220,2025-07-17,Plant C,P001,Industrial Pump,Pumps,A,837,815,791,24,2.96,9,93.25,420,342300,2025,2025-07,Thursday,Medium-Low,Medium-High,Medium-High,Medium-High,Medium-High,Low,High,Medium-High
PR00221,2025-09-04,Plant D,P001,Industrial Pump,Pumps,B,1220,1134,1082,52,4.63,48,81.56,420,476280,2025,2025-09,Thursday,High,High,High,High,High,Medium-High,Low,Medium-High
PR00222,2025-11-20,Plant D,P003,Electric Motor,Motors,A,1377,1347,1314,33,2.5,78,78.77,760,1023720,2025,2025-11,Thursday,High,High,High,High,Medium-Low,High,Low,High
PR00223,2025-07-22,Plant C,P004,Gear Assembly,Assemblies,B,1164,1132,1113,19,1.69,44,90.42,540,611280,2025,2025-07,Tuesday,High,High,High,Medium-Low,Low,Medium-High,Medium-High,High
PR00224,2025-07-03,Plant B,P005,Control Panel,Electrical,B,1081,1046,1015,31,3.05,35,85.34,680,711280,2025,2025-07,Thursday,Medium-High,Medium-High,Medium-High,High,Medium-High,Medium-High,Low,High
PR00225,2025-05-03,Plant B,P002,Hydraulic Valve,Valves,B,633,603,572,31,5.17,28,90.0,185,111555,2025,2025-05,Saturday,Medium-Low,Medium-Low,Medium-Low,High,High,Medium-Low,Medium-High,Low
PR00226,2025-09-12,Plant C,P003,Electric Motor,Motors,B,1097,988,955,33,3.36,55,83.05,760,750880,2025,2025-09,Friday,Medium-High,Medium-High,Medium-High,High,Medium-High,High,Low,High
PR00227,2025-10-21,Plant A,P001,Industrial Pump,Pumps,B,647,594,574,20,3.5,43,86.77,420,249480,2025,2025-10,Tuesday,Medium-Low,Medium-Low,Medium-Low,Medium-High,Medium-High,Medium-High,Medium-Low,Medium-Low
PR00228,2025-10-07,Plant A,P006,Bearing Unit,Components,B,572,559,535,24,4.39,23,90.22,125,69875,2025,2025-10,Tuesday,Medium-Low,Medium-Low,Medium-Low,Medium-High,High,Medium-Low,Medium-High,Low
PR00229,2025-11-21,Plant B,P003,Electric Motor,Motors,A,1262,1110,1073,37,3.41,28,87.92,760,843600,2025,2025-11,Friday,High,High,High,High,Medium-High,Medium-Low,Medium-Low,High
PR00230,2025-04-08,Plant A,P003,Electric Motor,Motors,B,1019,949,933,16,1.78,42,88.01,760,721240,2025,2025-04,Tuesday,Medium-High,Medium-High,Medium-High,Medium-Low,Low,Medium-High,Medium-Low,High
PR00231,2025-07-17,Plant A,P003,Electric Motor,Motors,A,799,751,748,3,0.53,13,96.87,760,570760,2025,2025-07,Thursday,Medium-Low,Medium-Low,Medium-Low,Low,Low,Low,High,High
PR00232,2025-08-28,Plant A,P003,Electric Motor,Motors,C,984,964,949,15,1.6,18,92.29,760,732640,2025,2025-08,Thursday,Medium-High,Medium-High,Medium-High,Medium-Low,Low,Medium-Low,Medium-High,High
PR00233,2025-05-24,Plant A,P002,Hydraulic Valve,Valves,A,378,349,345,4,1.36,73,81.22,185,64565,2025,2025-05,Saturday,Low,Low,Low,Low,Low,High,Low,Low
PR00234,2025-04-07,Plant A,P006,Bearing Unit,Components,B,921,893,861,32,3.66,22,88.15,125,111625,2025,2025-04,Monday,Medium-High,Medium-High,Medium-High,High,Medium-High,Medium-Low,Medium-Low,Low
PR00235,2025-07-20,Plant D,P006,Bearing Unit,Components,B,1246,1185,1140,45,3.84,10,94.66,125,148125,2025,2025-07,Sunday,High,High,High,High,High,Low,High,Low
PR00236,2025-05-04,Plant B,P006,Bearing Unit,Components,B,657,584,567,17,3.03,44,87.45,125,73000,2025,2025-05,Sunday,Medium-Low,Medium-Low,Medium-Low,Medium-Low,Medium-High,Medium-High,Medium-Low,Low
PR00237,2025-07-06,Plant B,P004,Gear Assembly,Assemblies,A,917,817,808,9,1.15,73,82.09,540,441180,2025,2025-07,Sunday,Medium-High,Medium-High,Medium-High,Low,Low,High,Low,Medium-High
PR00238,2025-11-22,Plant C,P005,Control Panel,Electrical,B,806,759,721,38,5.12,9,92.27,680,516120,2025,2025-11,Saturday,Medium-Low,Medium-Low,Medium-Low,High,High,Low,Medium-High,Medium-High
PR00239,2025-12-15,Plant A,P006,Bearing Unit,Components,B,875,798,780,18,2.26,61,82.93,125,99750,2025,2025-12,Monday,Medium-High,Medium-High,Medium-High,Medium-Low,Medium-Low,High,Low,Low
PR00240,2025-09-16,Plant D,P003,Electric Motor,Motors,B,543,487,470,17,3.58,78,75.13,760,370120,2025,2025-09,Tuesday,Low,Low,Low,Medium-Low,Medium-High,High,Low,Medium-High
PR00241,2025-05-28,Plant C,P003,Electric Motor,Motors,A,805,776,754,22,2.86,58,85.5,760,589760,2025,2025-05,Wednesday,Medium-Low,Medium-Low,Medium-Low,Medium-High,Medium-High,High,Low,High
PR00242,2025-09-09,Plant A,P006,Bearing Unit,Components,B,721,704,683,21,3.07,27,93.29,125,88000,2025,2025-09,Tuesday,Medium-Low,Medium-Low,Medium-Low,Medium-High,Medium-High,Medium-Low,High,Low
PR00243,2025-12-12,Plant B,P006,Bearing Unit,Components,B,516,506,489,17,3.54,63,83.21,125,63250,2025,2025-12,Friday,Low,Low,Low,Medium-Low,Medium-High,High,Low,Low
PR00244,2025-05-27,Plant D,P003,Electric Motor,Motors,B,1308,1212,1189,23,1.9,67,79.98,760,921120,2025,2025-05,Tuesday,High,High,High,Medium-High,Medium-Low,High,Low,High
PR00245,2025-05-28,Plant D,P004,Gear Assembly,Assemblies,B,629,582,556,26,4.5,11,91.0,540,314280,2025,2025-05,Wednesday,Medium-Low,Medium-Low,Medium-Low,Medium-High,High,Low,Medium-High,Medium-Low
PR00246,2025-12-18,Plant B,P001,Industrial Pump,Pumps,B,949,922,916,6,0.75,52,87.93,420,387240,2025,2025-12,Thursday,Medium-High,Medium-High,Medium-High,Low,Low,High,Medium-Low,Medium-High
PR00247,2025-07-18,Plant C,P001,Industrial Pump,Pumps,A,690,651,642,9,1.45,33,91.98,420,273420,2025,2025-07,Friday,Medium-Low,Medium-Low,Medium-Low,Low,Low,Medium-High,Medium-High,Medium-Low
PR00248,2025-11-04,Plant A,P006,Bearing Unit,Components,A,680,623,596,27,4.48,32,85.19,125,77875,2025,2025-11,Tuesday,Medium-Low,Medium-Low,Medium-Low,Medium-High,High,Medium-High,Low,Low
PR00249,2025-05-08,Plant D,P002,Hydraulic Valve,Valves,A,1041,993,958,35,3.57,5,92.98,185,183705,2025,2025-05,Thursday,Medium-High,Medium-High,Medium-High,High,Medium-High,Low,High,Medium-Low
PR00250,2025-02-08,Plant A,P006,Bearing Unit,Components,A,1119,1109,1042,67,6.1,3,87.41,125,138625,2025,2025-02,Saturday,High,High,High,High,High,Low,Medium-Low,Low
PR00251,2025-12-04,Plant D,P006,Bearing Unit,Components,B,972,945,918,27,2.89,33,89.51,125,118125,2025,2025-12,Thursday,Medium-High,Medium-High,Medium-High,Medium-High,Medium-High,Medium-High,Medium-Low,Low
PR00252,2025-12-26,Plant C,P001,Industrial Pump,Pumps,B,812,778,740,38,5.01,27,84.32,420,326760,2025,2025-12,Friday,Medium-Low,Medium-Low,Medium-Low,High,High,Medium-Low,Low,Medium-High
PR00253,2025-05-09,Plant C,P003,Electric Motor,Motors,A,1248,1289,1284,5,0.39,27,94.89,760,979640,2025,2025-05,Friday,High,High,High,Low,Low,Medium-Low,High,High
PR00254,2025-09-24,Plant B,P006,Bearing Unit,Components,C,1229,1235,1224,11,0.96,24,92.26,125,154375,2025,2025-09,Wednesday,High,High,High,Low,Low,Medium-Low,Medium-High,Low
PR00255,2025-05-31,Plant A,P003,Electric Motor,Motors,A,1212,1108,1065,43,3.96,12,85.38,760,842080,2025,2025-05,Saturday,High,High,High,High,High,Low,Low,High
PR00256,2025-10-25,Plant A,P003,Electric Motor,Motors,B,943,931,926,5,0.54,55,89.78,760,707560,2025,2025-10,Saturday,Medium-High,Medium-High,Medium-High,Low,Low,High,Medium-High,High
PR00257,2025-04-09,Plant A,P002,Hydraulic Valve,Valves,B,726,695,678,17,2.54,77,81.78,185,128575,2025,2025-04,Wednesday,Medium-Low,Medium-Low,Medium-Low,Medium-Low,Medium-Low,High,Low,Low
PR00258,2025-09-20,Plant A,P003,Electric Motor,Motors,A,801,780,747,33,4.32,7,94.83,760,592800,2025,2025-09,Saturday,Medium-Low,Medium-Low,Medium-Low,High,High,Low,High,High
PR00259,2025-09-09,Plant C,P001,Industrial Pump,Pumps,A,1029,954,922,32,3.45,49,80.84,420,400680,2025,2025-09,Tuesday,Medium-High,Medium-High,Medium-High,High,Medium-High,High,Low,Medium-High
PR00260,2025-05-24,Plant B,P004,Gear Assembly,Assemblies,B,370,364,354,10,2.81,9,92.68,540,196560,2025,2025-05,Saturday,Low,Low,Low,Low,Medium-High,Low,Medium-High,Medium-Low
PR00261,2025-12-12,Plant A,P004,Gear Assembly,Assemblies,A,777,747,731,16,2.22,24,92.13,540,403380,2025,2025-12,Friday,Medium-Low,Medium-Low,Medium-Low,Medium-Low,Medium-Low,Medium-Low,Medium-High,Medium-High
PR00262,2025-04-22,Plant D,P005,Control Panel,Electrical,C,756,688,667,21,3.06,41,88.35,680,467840,2025,2025-04,Tuesday,Medium-Low,Medium-Low,Medium-Low,Medium-High,Medium-High,Medium-High,Medium-Low,Medium-High
PR00263,2025-03-01,Plant D,P006,Bearing Unit,Components,B,488,453,437,16,3.55,16,88.55,125,56625,2025,2025-03,Saturday,Low,Low,Low,Medium-Low,Medium-High,Low,Medium-Low,Low
PR00264,2025-01-02,Plant D,P001,Industrial Pump,Pumps,C,590,587,576,11,1.94,14,95.15,420,246540,2025,2025-01,Thursday,Medium-Low,Medium-Low,Medium-Low,Low,Medium-Low,Low,High,Medium-Low
PR00265,2025-10-31,Plant D,P003,Electric Motor,Motors,A,1219,1118,1082,36,3.28,30,87.94,760,849680,2025,2025-10,Friday,High,High,High,High,Medium-High,Medium-High,Medium-Low,High
PR00266,2025-09-11,Plant A,P004,Gear Assembly,Assemblies,B,591,530,508,22,4.2,54,79.19,540,286200,2025,2025-09,Thursday,Medium-Low,Low,Low,Medium-High,High,High,Low,Medium-Low
PR00267,2025-05-20,Plant B,P001,Industrial Pump,Pumps,B,1055,1042,1016,26,2.51,19,90.93,420,437640,2025,2025-05,Tuesday,Medium-High,Medium-High,Medium-High,Medium-High,Medium-Low,Medium-Low,Medium-High,Medium-High
PR00268,2025-02-06,Plant C,P004,Gear Assembly,Assemblies,B,676,653,635,18,2.89,14,93.89,540,352620,2025,2025-02,Thursday,Medium-Low,Medium-Low,Medium-Low,Medium-Low,Medium-High,Low,High,Medium-High
PR00269,2025-06-09,Plant C,P003,Electric Motor,Motors,A,807,784,758,26,3.43,20,87.23,760,595840,2025,2025-06,Monday,Medium-Low,Medium-Low,Medium-Low,Medium-High,Medium-High,Medium-Low,Medium-Low,High
PR00270,2025-01-09,Plant A,P004,Gear Assembly,Assemblies,B,827,729,704,25,3.52,66,82.79,540,393660,2025,2025-01,Thursday,Medium-Low,Medium-Low,Medium-Low,Medium-High,Medium-High,High,Low,Medium-High
PR00271,2025-08-21,Plant D,P006,Bearing Unit,Components,B,858,823,791,32,3.94,30,88.66,125,102875,2025,2025-08,Thursday,Medium-High,Medium-High,Medium-High,High,High,Medium-High,Medium-Low,Low
PR00272,2025-04-09,Plant A,P006,Bearing Unit,Components,B,1354,1275,1257,18,1.48,32,90.87,125,159375,2025,2025-04,Wednesday,High,High,High,Medium-Low,Low,Medium-High,Medium-High,Medium-Low
PR00273,2025-05-27,Plant A,P005,Control Panel,Electrical,A,559,519,509,10,2.11,22,89.16,680,352920,2025,2025-05,Tuesday,Low,Low,Low,Low,Medium-Low,Medium-Low,Medium-Low,Medium-High
PR00274,2025-10-31,Plant B,P005,Control Panel,Electrical,C,720,679,665,14,2.16,26,88.45,680,461720,2025,2025-10,Friday,Medium-Low,Medium-Low,Medium-Low,Medium-Low,Medium-Low,Medium-Low,Medium-Low,Medium-High
PR00275,2025-07-27,Plant C,P004,Gear Assembly,Assemblies,A,603,600,591,9,1.62,50,86.77,540,324000,2025,2025-07,Sunday,Medium-Low,Medium-Low,Medium-Low,Low,Low,High,Medium-Low,Medium-High
PR00276,2025-05-11,Plant C,P001,Industrial Pump,Pumps,C,1241,1192,1187,5,0.46,33,90.46,420,500640,2025,2025-05,Sunday,High,High,High,Low,Low,Medium-High,Medium-High,Medium-High
PR00277,2025-06-01,Plant A,P006,Bearing Unit,Components,C,1362,1373,1371,2,0.2,93,80.43,125,171625,2025,2025-06,Sunday,High,High,High,Low,Low,High,Low,Medium-Low
PR00278,2025-02-23,Plant D,P001,Industrial Pump,Pumps,C,841,736,704,32,4.35,20,91.29,420,309120,2025,2025-02,Sunday,Medium-Low,Medium-Low,Medium-Low,High,High,Medium-Low,Medium-High,Medium-Low
PR00279,2025-04-30,Plant A,P001,Industrial Pump,Pumps,B,1389,1239,1230,9,0.78,74,83.48,420,520380,2025,2025-04,Wednesday,High,High,High,Low,Low,High,Low,Medium-High
PR00280,2025-06-10,Plant A,P004,Gear Assembly,Assemblies,B,407,403,384,19,4.84,8,90.54,540,217620,2025,2025-06,Tuesday,Low,Low,Low,Medium-Low,High,Low,Medium-High,Medium-Low
PR00281,2025-04-26,Plant D,P001,Industrial Pump,Pumps,C,567,563,542,21,3.76,33,87.16,420,236460,2025,2025-04,Saturday,Low,Medium-Low,Medium-Low,Medium-High,High,Medium-High,Medium-Low,Medium-Low
PR00282,2025-03-16,Plant D,P006,Bearing Unit,Components,A,521,483,473,10,2.27,30,92.62,125,60375,2025,2025-03,Sunday,Low,Low,Low,Low,Medium-Low,Medium-High,Medium-High,Low
PR00283,2025-04-23,Plant D,P003,Electric Motor,Motors,B,992,911,879,32,3.6,74,82.39,760,692360,2025,2025-04,Wednesday,Medium-High,Medium-High,Medium-High,High,Medium-High,High,Low,High
PR00284,2025-04-14,Plant D,P005,Control Panel,Electrical,B,554,540,522,18,3.35,23,91.22,680,367200,2025,2025-04,Monday,Low,Medium-Low,Low,Medium-Low,Medium-High,Medium-Low,Medium-High,Medium-High
PR00285,2025-12-06,Plant C,P003,Electric Motor,Motors,B,552,507,501,6,1.37,90,80.22,760,385320,2025,2025-12,Saturday,Low,Low,Low,Low,Low,High,Low,Medium-High
PR00286,2025-09-11,Plant B,P001,Industrial Pump,Pumps,A,556,540,525,15,2.78,7,94.89,420,226800,2025,2025-09,Thursday,Low,Medium-Low,Medium-Low,Medium-Low,Medium-Low,Low,High,Medium-Low
PR00287,2025-08-15,Plant A,P003,Electric Motor,Motors,B,682,665,655,10,1.53,15,97.56,760,505400,2025,2025-08,Friday,Medium-Low,Medium-Low,Medium-Low,Low,Low,Low,High,Medium-High
PR00288,2025-04-22,Plant B,P006,Bearing Unit,Components,C,741,669,645,24,3.65,16,92.28,125,83625,2025,2025-04,Tuesday,Medium-Low,Medium-Low,Medium-Low,Medium-High,Medium-High,Low,Medium-High,Low
PR00289,2025-04-09,Plant B,P006,Bearing Unit,Components,A,898,865,849,16,1.87,9,98.0,125,108125,2025,2025-04,Wednesday,Medium-High,Medium-High,Medium-High,Medium-Low,Low,Low,High,Low
PR00290,2025-06-02,Plant A,P001,Industrial Pump,Pumps,C,689,657,640,17,2.67,30,89.16,420,275940,2025,2025-06,Monday,Medium-Low,Medium-Low,Medium-Low,Medium-Low,Medium-Low,Medium-High,Medium-Low,Medium-Low
PR00291,2025-12-15,Plant C,P004,Gear Assembly,Assemblies,A,881,847,825,22,2.62,24,88.6,540,457380,2025,2025-12,Monday,Medium-High,Medium-High,Medium-High,Medium-High,Medium-Low,Medium-Low,Medium-Low,Medium-High
PR00292,2025-12-04,Plant B,P003,Electric Motor,Motors,A,1367,1195,1160,35,2.96,61,82.02,760,908200,2025,2025-12,Thursday,High,High,High,High,Medium-High,High,Low,High
PR00293,2025-07-13,Plant A,P004,Gear Assembly,Assemblies,A,897,869,826,43,4.96,10,89.43,540,469260,2025,2025-07,Sunday,Medium-High,Medium-High,Medium-High,High,High,Low,Medium-Low,Medium-High
PR00294,2025-11-06,Plant A,P004,Gear Assembly,Assemblies,A,318,286,279,7,2.49,119,75.67,540,154440,2025,2025-11,Thursday,Low,Low,Low,Low,Medium-Low,High,Low,Low
PR00295,2025-06-12,Plant C,P002,Hydraulic Valve,Valves,C,906,785,751,34,4.38,87,77.5,185,145225,2025,2025-06,Thursday,Medium-High,Medium-Low,Medium-Low,High,High,High,Low,Low
PR00296,2025-07-27,Plant A,P001,Industrial Pump,Pumps,A,332,336,325,11,3.42,18,90.0,420,141120,2025,2025-07,Sunday,Low,Low,Low,Low,Medium-High,Medium-Low,Medium-High,Low
PR00297,2025-06-18,Plant D,P005,Control Panel,Electrical,B,1161,1058,1009,49,4.64,48,85.06,680,719440,2025,2025-06,Wednesday,High,High,Medium-High,High,High,Medium-High,Low,High
PR00298,2025-06-10,Plant B,P006,Bearing Unit,Components,A,454,433,423,10,2.36,18,92.6,125,54125,2025,2025-06,Tuesday,Low,Low,Low,Low,Medium-Low,Medium-Low,Medium-High,Low
PR00299,2025-03-09,Plant B,P006,Bearing Unit,Components,B,1204,1148,1106,42,3.7,47,88.32,125,143500,2025,2025-03,Sunday,High,High,High,High,High,Medium-High,Medium-Low,Low
PR00300,2025-10-16,Plant C,P001,Industrial Pump,Pumps,B,704,726,707,19,2.72,8,93.65,420,304920,2025,2025-10,Thursday,Medium-Low,Medium-Low,Medium-Low,Medium-Low,Medium-Low,Low,High,Medium-Low
PR00301,2025-10-04,Plant D,P005,Control Panel,Electrical,A,1143,1132,1130,2,0.2,46,87.42,680,769760,2025,2025-10,Saturday,High,High,High,Low,Low,Medium-High,Medium-Low,High
PR00302,2025-10-31,Plant B,P006,Bearing Unit,Components,A,1046,1046,1032,14,1.38,21,93.36,125,130750,2025,2025-10,Friday,Medium-High,Medium-High,High,Medium-Low,Low,Medium-Low,High,Low
PR00303,2025-05-15,Plant C,P001,Industrial Pump,Pumps,C,570,527,509,18,3.56,7,92.59,420,221340,2025,2025-05,Thursday,Low,Low,Low,Medium-Low,Medium-High,Low,Medium-High,Medium-Low
PR00304,2025-07-14,Plant B,P006,Bearing Unit,Components,A,1069,1015,980,35,3.47,28,86.51,125,126875,2025,2025-07,Monday,Medium-High,Medium-High,Medium-High,High,Medium-High,Medium-Low,Medium-Low,Low
PR00305,2025-05-08,Plant A,P004,Gear Assembly,Assemblies,B,471,448,443,5,1.12,29,93.69,540,241920,2025,2025-05,Thursday,Low,Low,Low,Low,Low,Medium-Low,High,Medium-Low
PR00306,2025-02-02,Plant D,P003,Electric Motor,Motors,A,573,556,539,17,3.09,34,91.41,760,422560,2025,2025-02,Sunday,Medium-Low,Medium-Low,Medium-Low,Medium-Low,Medium-High,Medium-High,Medium-High,Medium-High
PR00307,2025-06-25,Plant C,P003,Electric Motor,Motors,C,558,520,503,17,3.45,91,74.38,760,395200,2025,2025-06,Wednesday,Low,Low,Low,Medium-Low,Medium-High,High,Low,Medium-High
PR00308,2025-01-22,Plant C,P006,Bearing Unit,Components,A,721,730,710,20,2.75,21,93.62,125,91250,2025,2025-01,Wednesday,Medium-Low,Medium-Low,Medium-Low,Medium-High,Medium-Low,Medium-Low,High,Low
PR00309,2025-08-26,Plant D,P002,Hydraulic Valve,Valves,B,663,579,558,21,3.75,26,87.96,185,107115,2025,2025-08,Tuesday,Medium-Low,Medium-Low,Medium-Low,Medium-High,High,Medium-Low,Medium-Low,Low
PR00310,2025-06-07,Plant D,P005,Control Panel,Electrical,A,677,635,613,22,3.57,8,93.0,680,431800,2025,2025-06,Saturday,Medium-Low,Medium-Low,Medium-Low,Medium-High,Medium-High,Low,High,Medium-High
PR00311,2025-02-07,Plant C,P005,Control Panel,Electrical,C,879,870,847,23,2.75,39,87.82,680,591600,2025,2025-02,Friday,Medium-High,Medium-High,Medium-High,Medium-High,Medium-Low,Medium-High,Medium-Low,High
PR00312,2025-08-18,Plant D,P005,Control Panel,Electrical,A,1190,1087,1064,23,2.14,27,91.34,680,739160,2025,2025-08,Monday,High,High,High,Medium-High,Medium-Low,Medium-Low,Medium-High,High
PR00313,2025-12-31,Plant C,P004,Gear Assembly,Assemblies,B,1021,998,957,41,4.16,11,92.51,540,538920,2025,2025-12,Wednesday,Medium-High,Medium-High,Medium-High,High,High,Low,Medium-High,High
PR00314,2025-02-20,Plant C,P005,Control Panel,Electrical,B,1180,1159,1120,39,3.4,32,86.45,680,788120,2025,2025-02,Thursday,High,High,High,High,Medium-High,Medium-High,Medium-Low,High
PR00315,2025-09-21,Plant C,P003,Electric Motor,Motors,A,904,886,878,8,1.0,13,98.0,760,673360,2025,2025-09,Sunday,Medium-High,Medium-High,Medium-High,Low,Low,Low,High,High
PR00316,2025-10-10,Plant C,P004,Gear Assembly,Assemblies,C,321,273,265,8,3.09,110,74.37,540,147420,2025,2025-10,Friday,Low,Low,Low,Low,Medium-High,High,Low,Low
PR00317,2025-01-27,Plant A,P001,Industrial Pump,Pumps,A,682,659,651,8,1.3,23,95.12,420,276780,2025,2025-01,Monday,Medium-Low,Medium-Low,Medium-Low,Low,Low,Medium-Low,High,Medium-Low
PR00318,2025-08-14,Plant D,P005,Control Panel,Electrical,C,433,445,439,6,1.55,10,94.11,680,302600,2025,2025-08,Thursday,Low,Low,Low,Low,Low,Low,High,Medium-Low
PR00319,2025-10-04,Plant D,P005,Control Panel,Electrical,C,1348,1352,1326,26,1.95,44,86.05,680,919360,2025,2025-10,Saturday,High,High,High,Medium-High,Medium-Low,Medium-High,Medium-Low,High
PR00320,2025-10-13,Plant A,P001,Industrial Pump,Pumps,C,802,780,758,22,2.86,9,96.28,420,327600,2025,2025-10,Monday,Medium-Low,Medium-Low,Medium-Low,Medium-High,Medium-High,Low,High,Medium-High
PR00321,2025-04-07,Plant D,P005,Control Panel,Electrical,A,443,397,384,13,3.29,58,81.15,680,269960,2025,2025-04,Monday,Low,Low,Low,Medium-Low,Medium-High,High,Low,Medium-Low
PR00322,2025-10-11,Plant A,P001,Industrial Pump,Pumps,C,523,538,526,12,2.27,9,95.09,420,225960,2025,2025-10,Saturday,Low,Low,Medium-Low,Medium-Low,Medium-Low,Low,High,Medium-Low
PR00323,2025-11-13,Plant B,P004,Gear Assembly,Assemblies,B,519,504,493,11,2.33,50,88.54,540,272160,2025,2025-11,Thursday,Low,Low,Low,Low,Medium-Low,High,Medium-Low,Medium-Low
PR00324,2025-10-31,Plant C,P003,Electric Motor,Motors,C,478,434,425,9,2.15,60,84.52,760,329840,2025,2025-10,Friday,Low,Low,Low,Low,Medium-Low,High,Low,Medium-High
PR00325,2025-05-27,Plant A,P001,Industrial Pump,Pumps,B,732,671,644,27,4.16,82,79.7,420,281820,2025,2025-05,Tuesday,Medium-Low,Medium-Low,Medium-Low,Medium-High,High,High,Low,Medium-Low
PR00326,2025-01-04,Plant D,P002,Hydraulic Valve,Valves,C,564,563,562,1,0.2,15,96.16,185,104155,2025,2025-01,Saturday,Low,Medium-Low,Medium-Low,Low,Low,Low,High,Low
PR00327,2025-02-04,Plant D,P001,Industrial Pump,Pumps,B,1253,1151,1124,27,2.4,56,82.65,420,483420,2025,2025-02,Tuesday,High,High,High,Medium-High,Medium-Low,High,Low,Medium-High
PR00328,2025-07-11,Plant B,P005,Control Panel,Electrical,B,728,671,639,32,4.81,64,80.73,680,456280,2025,2025-07,Friday,Medium-Low,Medium-Low,Medium-Low,High,High,High,Low,Medium-High
PR00329,2025-02-18,Plant A,P004,Gear Assembly,Assemblies,A,715,708,684,24,3.47,17,91.79,540,382320,2025,2025-02,Tuesday,Medium-Low,Medium-Low,Medium-Low,Medium-High,Medium-High,Medium-Low,Medium-High,Medium-High
PR00330,2025-01-17,Plant A,P006,Bearing Unit,Components,C,1026,966,924,42,4.45,6,97.5,125,120750,2025,2025-01,Friday,Medium-High,Medium-High,Medium-High,High,High,Low,High,Low
PR00331,2025-06-21,Plant C,P004,Gear Assembly,Assemblies,B,496,512,511,1,0.2,9,96.01,540,276480,2025,2025-06,Saturday,Low,Low,Low,Low,Low,Low,High,Medium-Low
PR00332,2025-08-08,Plant D,P006,Bearing Unit,Components,B,1376,1268,1253,15,1.19,9,95.91,125,158500,2025,2025-08,Friday,High,High,High,Medium-Low,Low,Low,High,Medium-Low
PR00333,2025-06-07,Plant C,P001,Industrial Pump,Pumps,C,779,797,770,27,3.47,23,88.73,420,334740,2025,2025-06,Saturday,Medium-Low,Medium-Low,Medium-Low,Medium-High,Medium-High,Medium-Low,Medium-Low,Medium-High
PR00334,2025-02-15,Plant A,P003,Electric Motor,Motors,B,1189,1106,1053,53,4.82,36,85.29,760,840560,2025,2025-02,Saturday,High,High,High,High,High,Medium-High,Low,High
PR00335,2025-01-06,Plant C,P002,Hydraulic Valve,Valves,A,1224,1236,1220,16,1.32,20,93.65,185,228660,2025,2025-01,Monday,High,High,High,Medium-Low,Low,Medium-Low,High,Medium-Low
PR00336,2025-04-09,Plant B,P004,Gear Assembly,Assemblies,B,422,406,397,9,2.3,32,88.41,540,219240,2025,2025-04,Wednesday,Low,Low,Low,Low,Medium-Low,Medium-High,Medium-Low,Medium-Low
PR00337,2025-08-21,Plant C,P005,Control Panel,Electrical,B,1077,964,932,32,3.32,70,81.96,680,655520,2025,2025-08,Thursday,Medium-High,Medium-High,Medium-High,High,Medium-High,High,Low,High
PR00338,2025-02-06,Plant A,P006,Bearing Unit,Components,B,647,633,628,5,0.91,17,94.81,125,79125,2025,2025-02,Thursday,Medium-Low,Medium-Low,Medium-Low,Low,Low,Medium-Low,High,Low
PR00339,2025-10-07,Plant C,P005,Control Panel,Electrical,A,328,290,280,10,3.48,27,92.07,680,197200,2025,2025-10,Tuesday,Low,Low,Low,Low,Medium-High,Medium-Low,Medium-High,Medium-Low
PR00340,2025-12-15,Plant B,P003,Electric Motor,Motors,A,1274,1263,1261,2,0.2,45,89.4,760,959880,2025,2025-12,Monday,High,High,High,Low,Low,Medium-High,Medium-Low,High
PR00341,2025-10-29,Plant D,P006,Bearing Unit,Components,A,334,315,305,10,3.44,42,90.16,125,39375,2025,2025-10,Wednesday,Low,Low,Low,Low,Medium-High,Medium-High,Medium-High,Low
PR00342,2025-06-30,Plant B,P004,Gear Assembly,Assemblies,B,922,875,862,13,1.51,44,89.49,540,472500,2025,2025-06,Monday,Medium-High,Medium-High,Medium-High,Medium-Low,Low,Medium-High,Medium-Low,Medium-High
PR00343,2025-04-05,Plant C,P001,Industrial Pump,Pumps,A,888,879,860,19,2.22,20,95.21,420,369180,2025,2025-04,Saturday,Medium-High,Medium-High,Medium-High,Medium-Low,Medium-Low,Medium-Low,High,Medium-High
PR00344,2025-04-09,Plant D,P005,Control Panel,Electrical,B,1390,1295,1248,47,3.65,51,84.56,680,880600,2025,2025-04,Wednesday,High,High,High,High,Medium-High,High,Low,High
PR00345,2025-07-07,Plant A,P003,Electric Motor,Motors,C,1203,1160,1121,39,3.38,33,86.77,760,881600,2025,2025-07,Monday,High,High,High,High,Medium-High,Medium-High,Medium-Low,High
PR00346,2025-04-26,Plant D,P004,Gear Assembly,Assemblies,A,819,817,795,22,2.79,10,93.29,540,441180,2025,2025-04,Saturday,Medium-Low,Medium-High,Medium-High,Medium-High,Medium-High,Low,High,Medium-High
PR00347,2025-07-10,Plant C,P004,Gear Assembly,Assemblies,B,421,388,373,15,4.06,30,85.14,540,209520,2025,2025-07,Thursday,Low,Low,Low,Medium-Low,High,Medium-High,Low,Medium-Low
PR00348,2025-09-10,Plant A,P004,Gear Assembly,Assemblies,C,639,606,603,3,0.59,24,94.09,540,327240,2025,2025-09,Wednesday,Medium-Low,Medium-Low,Medium-Low,Low,Low,Medium-Low,High,Medium-High
PR00349,2025-06-10,Plant B,P004,Gear Assembly,Assemblies,C,474,430,417,13,3.07,3,95.14,540,232200,2025,2025-06,Tuesday,Low,Low,Low,Medium-Low,Medium-High,Low,High,Medium-Low
PR00350,2025-09-13,Plant C,P006,Bearing Unit,Components,B,896,819,805,14,1.77,110,75.44,125,102375,2025,2025-09,Saturday,Medium-High,Medium-High,Medium-High,Medium-Low,Low,High,Low,Low
PR00351,2025-11-19,Plant A,P004,Gear Assembly,Assemblies,B,750,716,688,28,3.99,30,90.68,540,386640,2025,2025-11,Wednesday,Medium-Low,Medium-Low,Medium-Low,Medium-High,High,Medium-High,Medium-High,Medium-High
PR00352,2025-05-08,Plant C,P005,Control Panel,Electrical,C,856,731,705,26,3.69,104,73.37,680,497080,2025,2025-05,Thursday,Medium-High,Medium-Low,Medium-Low,Medium-High,Medium-High,High,Low,Medium-High
PR00353,2025-01-18,Plant B,P003,Electric Motor,Motors,B,1339,1316,1267,49,3.74,40,82.6,760,1000160,2025,2025-01,Saturday,High,High,High,High,High,Medium-High,Low,High
PR00354,2025-10-08,Plant C,P006,Bearing Unit,Components,C,308,282,269,13,4.94,12,97.28,125,35250,2025,2025-10,Wednesday,Low,Low,Low,Medium-Low,High,Low,High,Low
PR00355,2025-08-11,Plant A,P004,Gear Assembly,Assemblies,A,633,557,534,23,4.26,11,90.03,540,300780,2025,2025-08,Monday,Medium-Low,Medium-Low,Medium-Low,Medium-High,High,Low,Medium-High,Medium-Low
PR00356,2025-02-23,Plant D,P002,Hydraulic Valve,Valves,C,1316,1313,1279,34,2.6,39,90.24,185,242905,2025,2025-02,Sunday,High,High,High,High,Medium-Low,Medium-High,Medium-High,Medium-Low
PR00357,2025-02-27,Plant D,P002,Hydraulic Valve,Valves,B,626,553,538,15,2.8,34,85.99,185,102305,2025,2025-02,Thursday,Medium-Low,Medium-Low,Medium-Low,Medium-Low,Medium-High,Medium-High,Medium-Low,Low
PR00358,2025-11-19,Plant D,P003,Electric Motor,Motors,B,314,309,298,11,3.58,17,91.72,760,234840,2025,2025-11,Wednesday,Low,Low,Low,Low,Medium-High,Medium-Low,Medium-High,Medium-Low
PR00359,2025-12-26,Plant C,P001,Industrial Pump,Pumps,A,1138,1107,1075,32,2.98,33,87.34,420,464940,2025,2025-12,Friday,High,High,High,High,Medium-High,Medium-High,Medium-Low,Medium-High
PR00360,2025-06-23,Plant A,P001,Industrial Pump,Pumps,B,525,475,458,17,3.72,104,67.97,420,199500,2025,2025-06,Monday,Low,Low,Low,Medium-Low,High,High,Low,Medium-Low
PR00361,2025-10-07,Plant C,P006,Bearing Unit,Components,A,412,375,375,0,0.2,106,77.93,125,46875,2025,2025-10,Tuesday,Low,Low,Low,Low,Low,High,Low,Low
PR00362,2025-04-24,Plant A,P006,Bearing Unit,Components,C,300,280,266,14,5.25,45,83.02,125,35000,2025,2025-04,Thursday,Low,Low,Low,Medium-Low,High,Medium-High,Low,Low
PR00363,2025-10-15,Plant A,P006,Bearing Unit,Components,C,565,560,544,16,2.88,22,90.84,125,70000,2025,2025-10,Wednesday,Low,Medium-Low,Medium-Low,Medium-Low,Medium-High,Medium-Low,Medium-High,Low
PR00364,2025-12-08,Plant B,P001,Industrial Pump,Pumps,A,1251,1170,1162,8,0.69,36,92.25,420,491400,2025,2025-12,Monday,High,High,High,Low,Low,Medium-High,Medium-High,Medium-High
PR00365,2025-05-31,Plant B,P002,Hydraulic Valve,Valves,C,605,609,600,9,1.61,14,94.25,185,112665,2025,2025-05,Saturday,Medium-Low,Medium-Low,Medium-Low,Low,Low,Low,High,Low
PR00366,2025-05-07,Plant C,P001,Industrial Pump,Pumps,C,311,310,310,0,0.2,48,90.24,420,130200,2025,2025-05,Wednesday,Low,Low,Low,Low,Low,Medium-High,Medium-High,Low
PR00367,2025-06-04,Plant C,P005,Control Panel,Electrical,B,1236,1224,1208,16,1.38,9,96.47,680,832320,2025,2025-06,Wednesday,High,High,High,Medium-Low,Low,Low,High,High
PR00368,2025-09-30,Plant B,P004,Gear Assembly,Assemblies,A,719,670,653,17,2.62,36,88.8,540,361800,2025,2025-09,Tuesday,Medium-Low,Medium-Low,Medium-Low,Medium-Low,Medium-Low,Medium-High,Medium-Low,Medium-High
PR00369,2025-04-14,Plant A,P006,Bearing Unit,Components,A,1188,1121,1068,53,4.77,60,80.5,125,140125,2025,2025-04,Monday,High,High,High,High,High,High,Low,Low
PR00370,2025-10-26,Plant D,P002,Hydraulic Valve,Valves,A,470,449,435,14,3.33,43,84.62,185,83065,2025,2025-10,Sunday,Low,Low,Low,Medium-Low,Medium-High,Medium-High,Low,Low
PR00371,2025-09-03,Plant B,P003,Electric Motor,Motors,A,433,400,388,12,3.1,14,93.74,760,304000,2025,2025-09,Wednesday,Low,Low,Low,Medium-Low,Medium-High,Low,High,Medium-Low
PR00372,2025-06-25,Plant B,P003,Electric Motor,Motors,C,1264,1170,1155,15,1.32,74,82.65,760,889200,2025,2025-06,Wednesday,High,High,High,Medium-Low,Low,High,Low,High
PR00373,2025-02-08,Plant A,P004,Gear Assembly,Assemblies,A,1348,1335,1312,23,1.73,30,90.68,540,720900,2025,2025-02,Saturday,High,High,High,Medium-High,Low,Medium-High,Medium-High,High
PR00374,2025-06-19,Plant C,P002,Hydraulic Valve,Valves,C,957,923,907,16,1.83,31,92.08,185,170755,2025,2025-06,Thursday,Medium-High,Medium-High,Medium-High,Medium-Low,Low,Medium-High,Medium-High,Medium-Low
PR00375,2025-09-04,Plant C,P001,Industrial Pump,Pumps,A,478,471,463,8,1.88,47,88.2,420,197820,2025,2025-09,Thursday,Low,Low,Low,Low,Low,Medium-High,Medium-Low,Medium-Low
PR00376,2025-01-26,Plant A,P001,Industrial Pump,Pumps,B,1379,1318,1288,30,2.34,14,92.29,420,553560,2025,2025-01,Sunday,High,High,High,High,Medium-Low,Low,Medium-High,High
PR00377,2025-12-21,Plant A,P005,Control Panel,Electrical,C,410,380,371,9,2.44,22,94.44,680,258400,2025,2025-12,Sunday,Low,Low,Low,Low,Medium-Low,Medium-Low,High,Medium-Low
PR00378,2025-11-02,Plant C,P005,Control Panel,Electrical,C,436,438,428,10,2.36,66,80.88,680,297840,2025,2025-11,Sunday,Low,Low,Low,Low,Medium-Low,High,Low,Medium-Low
PR00379,2025-01-13,Plant C,P001,Industrial Pump,Pumps,A,531,488,479,9,1.93,6,93.84,420,204960,2025,2025-01,Monday,Low,Low,Low,Low,Medium-Low,Low,High,Medium-Low
PR00380,2025-11-12,Plant A,P003,Electric Motor,Motors,B,1291,1197,1162,35,2.98,40,88.87,760,909720,2025,2025-11,Wednesday,High,High,High,High,Medium-High,Medium-High,Medium-Low,High
PR00381,2025-11-09,Plant D,P006,Bearing Unit,Components,B,767,748,731,17,2.39,15,96.92,125,93500,2025,2025-11,Sunday,Medium-Low,Medium-Low,Medium-Low,Medium-Low,Medium-Low,Low,High,Low
PR00382,2025-02-05,Plant A,P003,Electric Motor,Motors,A,1031,1042,1035,7,0.73,23,93.15,760,791920,2025,2025-02,Wednesday,Medium-High,Medium-High,High,Low,Low,Medium-Low,High,High
PR00383,2025-06-22,Plant B,P005,Control Panel,Electrical,A,780,768,747,21,2.84,13,93.97,680,522240,2025,2025-06,Sunday,Medium-Low,Medium-Low,Medium-Low,Medium-High,Medium-High,Low,High,Medium-High
PR00384,2025-01-20,Plant D,P004,Gear Assembly,Assemblies,B,1391,1445,1407,38,2.65,19,89.84,540,780300,2025,2025-01,Monday,High,High,High,High,Medium-Low,Medium-Low,Medium-High,High
PR00385,2025-11-17,Plant B,P001,Industrial Pump,Pumps,B,1113,1079,1071,8,0.75,28,91.42,420,453180,2025,2025-11,Monday,Medium-High,High,High,Low,Low,Medium-Low,Medium-High,Medium-High
PR00386,2025-09-21,Plant C,P005,Control Panel,Electrical,B,1293,1206,1182,24,2.03,26,94.02,680,820080,2025,2025-09,Sunday,High,High,High,Medium-High,Medium-Low,Medium-Low,High,High
PR00387,2025-05-22,Plant B,P005,Control Panel,Electrical,A,622,589,568,21,3.58,15,92.36,680,400520,2025,2025-05,Thursday,Medium-Low,Medium-Low,Medium-Low,Medium-High,Medium-High,Low,Medium-High,Medium-High
PR00388,2025-05-23,Plant A,P006,Bearing Unit,Components,B,1221,1189,1174,15,1.32,3,98.0,125,148625,2025,2025-05,Friday,High,High,High,Medium-Low,Low,Low,High,Low
PR00389,2025-04-02,Plant D,P001,Industrial Pump,Pumps,B,1203,1174,1161,13,1.19,14,97.59,420,493080,2025,2025-04,Wednesday,High,High,High,Medium-Low,Low,Low,High,Medium-High
PR00390,2025-12-20,Plant B,P006,Bearing Unit,Components,B,905,845,825,20,2.38,14,89.45,125,105625,2025,2025-12,Saturday,Medium-High,Medium-High,Medium-High,Medium-High,Medium-Low,Low,Medium-Low,Low
PR00391,2025-11-18,Plant D,P001,Industrial Pump,Pumps,C,728,697,672,25,3.61,48,82.59,420,292740,2025,2025-11,Tuesday,Medium-Low,Medium-Low,Medium-Low,Medium-High,Medium-High,Medium-High,Low,Medium-Low
PR00392,2025-10-15,Plant A,P006,Bearing Unit,Components,B,447,425,404,21,5.15,13,90.22,125,53125,2025,2025-10,Wednesday,Low,Low,Low,Medium-High,High,Low,Medium-High,Low
PR00393,2025-08-03,Plant A,P003,Electric Motor,Motors,C,1149,1046,1008,38,3.66,16,87.92,760,794960,2025,2025-08,Sunday,High,Medium-High,Medium-High,High,Medium-High,Low,Medium-Low,High
PR00394,2025-12-08,Plant A,P004,Gear Assembly,Assemblies,A,666,630,604,26,4.21,65,78.58,540,340200,2025,2025-12,Monday,Medium-Low,Medium-Low,Medium-Low,Medium-High,High,High,Low,Medium-High
PR00395,2025-02-20,Plant C,P004,Gear Assembly,Assemblies,B,1149,1064,1030,34,3.25,22,93.58,540,574560,2025,2025-02,Thursday,High,High,High,High,Medium-High,Medium-Low,High,High
PR00396,2025-06-02,Plant B,P001,Industrial Pump,Pumps,A,1389,1271,1247,24,1.91,40,88.05,420,533820,2025,2025-06,Monday,High,High,High,Medium-High,Medium-Low,Medium-High,Medium-Low,High
PR00397,2025-07-05,Plant D,P002,Hydraulic Valve,Valves,B,1112,1065,1027,38,3.65,13,93.35,185,197025,2025,2025-07,Saturday,Medium-High,High,High,High,Medium-High,Low,High,Medium-Low
PR00398,2025-03-04,Plant B,P005,Control Panel,Electrical,B,474,414,403,11,2.69,65,82.91,680,281520,2025,2025-03,Tuesday,Low,Low,Low,Low,Medium-Low,High,Low,Medium-Low
PR00399,2025-07-09,Plant D,P005,Control Panel,Electrical,C,887,858,830,28,3.29,29,87.91,680,583440,2025,2025-07,Wednesday,Medium-High,Medium-High,Medium-High,Medium-High,Medium-High,Medium-Low,Medium-Low,High
PR00400,2025-05-05,Plant A,P001,Industrial Pump,Pumps,A,794,700,690,10,1.57,8,92.72,420,294000,2025,2025-05,Monday,Medium-Low,Medium-Low,Medium-Low,Low,Low,Low,Medium-High,Medium-Low
PR00401,2025-05-30,Plant D,P006,Bearing Unit,Components,B,1272,1146,1107,39,3.41,48,85.75,125,143250,2025,2025-05,Friday,High,High,High,High,Medium-High,Medium-High,Medium-Low,Low
PR00402,2025-11-10,Plant C,P002,Hydraulic Valve,Valves,B,334,337,329,8,2.64,25,93.95,185,62345,2025,2025-11,Monday,Low,Low,Low,Low,Medium-Low,Medium-Low,High,Low
PR00403,2025-02-27,Plant C,P003,Electric Motor,Motors,A,1298,1179,1143,36,3.1,59,82.25,760,896040,2025,2025-02,Thursday,High,High,High,High,Medium-High,High,Low,High
PR00404,2025-12-08,Plant D,P006,Bearing Unit,Components,A,837,762,742,20,2.69,70,82.1,125,95250,2025,2025-12,Monday,Medium-Low,Medium-Low,Medium-Low,Medium-High,Medium-Low,High,Low,Low
PR00405,2025-11-01,Plant C,P006,Bearing Unit,Components,A,1049,1053,1028,25,2.44,22,88.9,125,131625,2025,2025-11,Saturday,Medium-High,Medium-High,High,Medium-High,Medium-Low,Medium-Low,Medium-Low,Low
PR00406,2025-06-29,Plant C,P001,Industrial Pump,Pumps,A,1337,1227,1185,42,3.43,33,86.91,420,515340,2025,2025-06,Sunday,High,High,High,High,Medium-High,Medium-High,Medium-Low,Medium-High
PR00407,2025-06-19,Plant A,P001,Industrial Pump,Pumps,A,673,661,646,15,2.27,31,91.08,420,277620,2025,2025-06,Thursday,Medium-Low,Medium-Low,Medium-Low,Medium-Low,Medium-Low,Medium-High,Medium-High,Medium-Low
PR00408,2025-11-22,Plant A,P005,Control Panel,Electrical,A,856,838,832,6,0.73,79,84.59,680,569840,2025,2025-11,Saturday,Medium-High,Medium-High,Medium-High,Low,Low,High,Low,High
PR00409,2025-09-28,Plant D,P001,Industrial Pump,Pumps,A,532,533,532,1,0.36,14,97.77,420,223860,2025,2025-09,Sunday,Low,Low,Medium-Low,Low,Low,Low,High,Medium-Low
PR00410,2025-02-23,Plant C,P001,Industrial Pump,Pumps,B,1004,919,892,27,3.04,7,89.98,420,385980,2025,2025-02,Sunday,Medium-High,Medium-High,Medium-High,Medium-High,Medium-High,Low,Medium-High,Medium-High
PR00411,2025-04-11,Plant C,P001,Industrial Pump,Pumps,B,862,811,793,18,2.22,25,90.76,420,340620,2025,2025-04,Friday,Medium-High,Medium-High,Medium-High,Medium-Low,Medium-Low,Medium-Low,Medium-High,Medium-High
PR00412,2025-09-21,Plant B,P005,Control Panel,Electrical,C,1238,1336,1329,7,0.55,13,94.64,680,908480,2025,2025-09,Sunday,High,High,High,Low,Low,Low,High,High
PR00413,2025-02-22,Plant A,P003,Electric Motor,Motors,B,1186,1111,1079,32,2.94,26,89.77,760,844360,2025,2025-02,Saturday,High,High,High,High,Medium-High,Medium-Low,Medium-High,High
PR00414,2025-03-01,Plant A,P003,Electric Motor,Motors,B,1025,1046,1018,28,2.68,75,80.76,760,794960,2025,2025-03,Saturday,Medium-High,Medium-High,Medium-High,Medium-High,Medium-Low,High,Low,High
PR00415,2025-04-18,Plant C,P001,Industrial Pump,Pumps,C,375,379,371,8,2.15,37,91.51,420,159180,2025,2025-04,Friday,Low,Low,Low,Low,Medium-Low,Medium-High,Medium-High,Medium-Low
PR00416,2025-01-05,Plant B,P005,Control Panel,Electrical,B,738,708,686,22,3.12,40,87.91,680,481440,2025,2025-01,Sunday,Medium-Low,Medium-Low,Medium-Low,Medium-High,Medium-High,Medium-High,Medium-Low,Medium-High
PR00417,2025-04-13,Plant A,P003,Electric Motor,Motors,B,998,947,905,42,4.51,24,91.27,760,719720,2025,2025-04,Sunday,Medium-High,Medium-High,Medium-High,High,High,Medium-Low,Medium-High,High
PR00418,2025-07-15,Plant B,P006,Bearing Unit,Components,B,1214,1127,1077,50,4.47,17,88.5,125,140875,2025,2025-07,Tuesday,High,High,High,High,High,Medium-Low,Medium-Low,Low
PR00419,2025-09-19,Plant A,P003,Electric Motor,Motors,A,1190,1127,1094,33,2.99,31,86.48,760,856520,2025,2025-09,Friday,High,High,High,High,Medium-High,Medium-High,Medium-Low,High
PR00420,2025-12-31,Plant C,P003,Electric Motor,Motors,A,991,931,906,25,2.69,16,95.68,760,707560,2025,2025-12,Wednesday,Medium-High,Medium-High,Medium-High,Medium-High,Medium-Low,Low,High,High
PR00421,2025-12-16,Plant A,P005,Control Panel,Electrical,B,552,519,504,15,3.01,40,88.35,680,352920,2025,2025-12,Tuesday,Low,Low,Low,Medium-Low,Medium-High,Medium-High,Medium-Low,Medium-High
PR00422,2025-02-16,Plant C,P006,Bearing Unit,Components,B,1360,1244,1205,39,3.2,11,91.51,125,155500,2025,2025-02,Sunday,High,High,High,High,Medium-High,Low,Medium-High,Low
PR00423,2025-12-21,Plant B,P005,Control Panel,Electrical,A,709,651,636,15,2.45,14,94.4,680,442680,2025,2025-12,Sunday,Medium-Low,Medium-Low,Medium-Low,Medium-Low,Medium-Low,Low,High,Medium-High
PR00424,2025-11-07,Plant B,P001,Industrial Pump,Pumps,C,426,425,413,12,3.03,23,92.53,420,178500,2025,2025-11,Friday,Low,Low,Low,Medium-Low,Medium-High,Medium-Low,Medium-High,Medium-Low
PR00425,2025-11-04,Plant A,P004,Gear Assembly,Assemblies,B,891,823,817,6,0.75,19,95.31,540,444420,2025,2025-11,Tuesday,Medium-High,Medium-High,Medium-High,Low,Low,Medium-Low,High,Medium-High
PR00426,2025-05-24,Plant A,P003,Electric Motor,Motors,B,593,580,564,16,2.91,33,87.58,760,440800,2025,2025-05,Saturday,Medium-Low,Medium-Low,Medium-Low,Medium-Low,Medium-High,Medium-High,Medium-Low,Medium-High
PR00427,2025-09-26,Plant B,P004,Gear Assembly,Assemblies,C,1319,1079,1043,36,3.42,139,66.19,540,582660,2025,2025-09,Friday,High,High,High,High,Medium-High,High,Low,High
PR00428,2025-05-04,Plant B,P005,Control Panel,Electrical,B,609,582,570,12,2.16,64,84.54,680,395760,2025,2025-05,Sunday,Medium-Low,Medium-Low,Medium-Low,Medium-Low,Medium-Low,High,Low,Medium-High
PR00429,2025-04-16,Plant C,P005,Control Panel,Electrical,C,961,894,871,23,2.68,55,85.38,680,607920,2025,2025-04,Wednesday,Medium-High,Medium-High,Medium-High,Medium-High,Medium-Low,High,Low,High
PR00430,2025-06-07,Plant A,P005,Control Panel,Electrical,B,827,850,839,11,1.36,5,98.0,680,578000,2025,2025-06,Saturday,Medium-Low,Medium-High,Medium-High,Low,Low,Low,High,High
PR00431,2025-05-27,Plant C,P004,Gear Assembly,Assemblies,A,839,794,785,9,1.17,45,88.69,540,428760,2025,2025-05,Tuesday,Medium-Low,Medium-Low,Medium-High,Low,Low,Medium-High,Medium-Low,Medium-High
PR00432,2025-05-25,Plant D,P005,Control Panel,Electrical,B,718,627,608,19,3.07,46,84.27,680,426360,2025,2025-05,Sunday,Medium-Low,Medium-Low,Medium-Low,Medium-Low,Medium-High,Medium-High,Low,Medium-High
PR00433,2025-04-30,Plant C,P001,Industrial Pump,Pumps,B,743,704,691,13,1.85,41,94.18,420,295680,2025,2025-04,Wednesday,Medium-Low,Medium-Low,Medium-Low,Medium-Low,Low,Medium-High,High,Medium-Low
PR00434,2025-11-15,Plant A,P005,Control Panel,Electrical,B,984,974,970,4,0.49,15,96.61,680,662320,2025,2025-11,Saturday,Medium-High,Medium-High,Medium-High,Low,Low,Low,High,High
PR00435,2025-10-02,Plant B,P002,Hydraulic Valve,Valves,C,1139,1093,1079,14,1.35,34,92.84,185,202205,2025,2025-10,Thursday,High,High,High,Medium-Low,Low,Medium-High,Medium-High,Medium-Low
PR00436,2025-04-02,Plant A,P004,Gear Assembly,Assemblies,B,535,523,515,8,1.54,40,90.73,540,282420,2025,2025-04,Wednesday,Low,Low,Low,Low,Low,Medium-High,Medium-High,Medium-Low
PR00437,2025-02-27,Plant A,P002,Hydraulic Valve,Valves,B,513,476,458,18,3.81,21,90.46,185,88060,2025,2025-02,Thursday,Low,Low,Low,Medium-Low,High,Medium-Low,Medium-High,Low
PR00438,2025-12-12,Plant D,P005,Control Panel,Electrical,C,384,345,335,10,3.03,43,86.4,680,234600,2025,2025-12,Friday,Low,Low,Low,Low,Medium-High,Medium-High,Medium-Low,Medium-Low
PR00439,2025-08-17,Plant A,P001,Industrial Pump,Pumps,B,1093,1001,985,16,1.67,51,81.69,420,420420,2025,2025-08,Sunday,Medium-High,Medium-High,Medium-High,Medium-Low,Low,High,Low,Medium-High
PR00440,2025-04-27,Plant B,P003,Electric Motor,Motors,B,384,362,355,7,2.04,26,89.61,760,275120,2025,2025-04,Sunday,Low,Low,Low,Low,Medium-Low,Medium-Low,Medium-Low,Medium-Low
PR00441,2025-11-14,Plant C,P006,Bearing Unit,Components,C,364,338,323,15,4.51,12,91.49,125,42250,2025,2025-11,Friday,Low,Low,Low,Medium-Low,High,Low,Medium-High,Low
PR00442,2025-10-06,Plant C,P006,Bearing Unit,Components,A,962,997,957,40,4.02,5,87.53,125,124625,2025,2025-10,Monday,Medium-High,Medium-High,Medium-High,High,High,Low,Medium-Low,Low
PR00443,2025-05-07,Plant B,P005,Control Panel,Electrical,B,926,938,926,12,1.35,24,93.32,680,637840,2025,2025-05,Wednesday,Medium-High,Medium-High,Medium-High,Medium-Low,Low,Medium-Low,High,High
PR00444,2025-05-09,Plant A,P001,Industrial Pump,Pumps,C,363,352,337,15,4.31,12,92.46,420,147840,2025,2025-05,Friday,Low,Low,Low,Medium-Low,High,Low,Medium-High,Low
PR00445,2025-02-27,Plant B,P004,Gear Assembly,Assemblies,B,1238,1206,1174,32,2.7,21,93.42,540,651240,2025,2025-02,Thursday,High,High,High,High,Medium-Low,Medium-Low,High,High
PR00446,2025-05-02,Plant B,P002,Hydraulic Valve,Valves,B,1218,1152,1108,44,3.84,39,87.64,185,213120,2025,2025-05,Friday,High,High,High,High,High,Medium-High,Medium-Low,Medium-Low
PR00447,2025-01-01,Plant A,P002,Hydraulic Valve,Valves,B,790,757,738,19,2.59,39,90.23,185,140045,2025,2025-01,Wednesday,Medium-Low,Medium-Low,Medium-Low,Medium-Low,Medium-Low,Medium-High,Medium-High,Low
PR00448,2025-08-27,Plant B,P002,Hydraulic Valve,Valves,B,612,580,555,25,4.34,20,92.7,185,107300,2025,2025-08,Wednesday,Medium-Low,Medium-Low,Medium-Low,Medium-High,High,Medium-Low,Medium-High,Low
PR00449,2025-10-17,Plant A,P004,Gear Assembly,Assemblies,C,914,895,884,11,1.29,14,97.46,540,483300,2025,2025-10,Friday,Medium-High,Medium-High,Medium-High,Low,Low,Low,High,Medium-High
PR00450,2025-04-06,Plant A,P006,Bearing Unit,Components,A,1218,1083,1057,26,2.47,24,91.89,125,135375,2025,2025-04,Sunday,High,High,High,Medium-High,Medium-Low,Medium-Low,Medium-High,Low
PR00451,2025-05-06,Plant B,P001,Industrial Pump,Pumps,A,1112,999,956,43,4.38,72,78.76,420,419580,2025,2025-05,Tuesday,Medium-High,Medium-High,Medium-High,High,High,High,Low,Medium-High
PR00452,2025-04-28,Plant A,P004,Gear Assembly,Assemblies,A,1239,1222,1220,2,0.2,4,98.0,540,659880,2025,2025-04,Monday,High,High,High,Low,Low,Low,High,High
PR00453,2025-02-17,Plant B,P002,Hydraulic Valve,Valves,B,979,914,889,25,2.74,21,91.14,185,169090,2025,2025-02,Monday,Medium-High,Medium-High,Medium-High,Medium-High,Medium-Low,Medium-Low,Medium-High,Medium-Low
PR00454,2025-03-30,Plant C,P005,Control Panel,Electrical,B,734,698,683,15,2.29,10,96.8,680,474640,2025,2025-03,Sunday,Medium-Low,Medium-Low,Medium-Low,Medium-Low,Medium-Low,Low,High,Medium-High
PR00455,2025-08-25,Plant D,P003,Electric Motor,Motors,C,981,919,886,33,3.69,55,84.61,760,698440,2025,2025-08,Monday,Medium-High,Medium-High,Medium-High,High,Medium-High,High,Low,High
PR00456,2025-09-29,Plant A,P004,Gear Assembly,Assemblies,B,1373,1315,1260,55,4.19,39,85.15,540,710100,2025,2025-09,Monday,High,High,High,High,High,Medium-High,Low,High
PR00457,2025-07-08,Plant A,P004,Gear Assembly,Assemblies,B,639,608,586,22,3.75,32,90.62,540,328320,2025,2025-07,Tuesday,Medium-Low,Medium-Low,Medium-Low,Medium-High,High,Medium-High,Medium-High,Medium-High
PR00458,2025-07-11,Plant A,P001,Industrial Pump,Pumps,A,646,636,617,19,3.11,13,92.15,420,267120,2025,2025-07,Friday,Medium-Low,Medium-Low,Medium-Low,Medium-Low,Medium-High,Low,Medium-High,Medium-Low
PR00459,2025-03-10,Plant C,P001,Industrial Pump,Pumps,B,945,936,910,26,2.85,10,91.83,420,393120,2025,2025-03,Monday,Medium-High,Medium-High,Medium-High,Medium-High,Medium-High,Low,Medium-High,Medium-High
PR00460,2025-10-05,Plant C,P004,Gear Assembly,Assemblies,B,948,892,872,20,2.35,39,88.65,540,481680,2025,2025-10,Sunday,Medium-High,Medium-High,Medium-High,Medium-High,Medium-Low,Medium-High,Medium-Low,Medium-High
PR00461,2025-12-15,Plant A,P002,Hydraulic Valve,Valves,A,544,526,510,16,3.07,28,88.15,185,97310,2025,2025-12,Monday,Low,Low,Low,Medium-Low,Medium-High,Medium-Low,Medium-Low,Low
PR00462,2025-09-04,Plant D,P003,Electric Motor,Motors,A,408,361,345,16,4.7,14,92.02,760,274360,2025,2025-09,Thursday,Low,Low,Low,Medium-Low,High,Low,Medium-High,Medium-Low
PR00463,2025-03-17,Plant A,P001,Industrial Pump,Pumps,A,832,791,778,13,1.72,28,90.13,420,332220,2025,2025-03,Monday,Medium-Low,Medium-Low,Medium-High,Medium-Low,Low,Medium-Low,Medium-High,Medium-High
PR00464,2025-06-03,Plant B,P002,Hydraulic Valve,Valves,A,595,562,550,12,2.28,24,91.55,185,103970,2025,2025-06,Tuesday,Medium-Low,Medium-Low,Medium-Low,Medium-Low,Medium-Low,Medium-Low,Medium-High,Low
PR00465,2025-05-24,Plant C,P005,Control Panel,Electrical,B,411,405,395,10,2.7,58,86.23,680,275400,2025,2025-05,Saturday,Low,Low,Low,Low,Medium-Low,High,Medium-Low,Medium-Low
PR00466,2025-03-27,Plant D,P001,Industrial Pump,Pumps,A,642,605,581,24,4.1,42,84.03,420,254100,2025,2025-03,Thursday,Medium-Low,Medium-Low,Medium-Low,Medium-High,High,Medium-High,Low,Medium-Low
PR00467,2025-07-04,Plant C,P002,Hydraulic Valve,Valves,B,400,363,352,11,3.09,25,91.19,185,67155,2025,2025-07,Friday,Low,Low,Low,Low,Medium-High,Medium-Low,Medium-High,Low
PR00468,2025-10-12,Plant D,P002,Hydraulic Valve,Valves,C,928,888,852,36,4.08,34,85.13,185,164280,2025,2025-10,Sunday,Medium-High,Medium-High,Medium-High,High,High,Medium-High,Low,Medium-Low
PR00469,2025-08-08,Plant B,P003,Electric Motor,Motors,B,327,315,302,13,4.14,39,86.48,760,239400,2025,2025-08,Friday,Low,Low,Low,Medium-Low,High,Medium-High,Medium-Low,Medium-Low
PR00470,2025-03-10,Plant D,P003,Electric Motor,Motors,C,1236,1164,1123,41,3.57,30,89.78,760,884640,2025,2025-03,Monday,High,High,High,High,Medium-High,Medium-High,Medium-High,High
PR00471,2025-02-16,Plant A,P005,Control Panel,Electrical,B,357,358,353,5,1.42,7,96.39,680,243440,2025,2025-02,Sunday,Low,Low,Low,Low,Low,Low,High,Medium-Low
PR00472,2025-04-04,Plant D,P002,Hydraulic Valve,Valves,B,596,492,468,24,4.96,70,78.63,185,91020,2025,2025-04,Friday,Medium-Low,Low,Low,Medium-High,High,High,Low,Low
PR00473,2025-08-26,Plant B,P006,Bearing Unit,Components,C,433,345,329,16,4.64,115,70.93,125,43125,2025,2025-08,Tuesday,Low,Low,Low,Medium-Low,High,High,Low,Low
PR00474,2025-07-23,Plant D,P002,Hydraulic Valve,Valves,A,548,487,473,14,2.88,67,81.72,185,90095,2025,2025-07,Wednesday,Low,Low,Low,Medium-Low,Medium-High,High,Low,Low
PR00475,2025-08-06,Plant B,P003,Electric Motor,Motors,C,1320,1261,1249,12,1.0,60,88.28,760,958360,2025,2025-08,Wednesday,High,High,High,Medium-Low,Low,High,Medium-Low,High
PR00476,2025-12-07,Plant C,P006,Bearing Unit,Components,A,849,875,869,6,0.77,21,97.39,125,109375,2025,2025-12,Sunday,Medium-High,Medium-High,Medium-High,Low,Low,Medium-Low,High,Low
PR00477,2025-02-08,Plant B,P001,Industrial Pump,Pumps,B,1201,1057,1024,33,3.13,81,77.25,420,443940,2025,2025-02,Saturday,High,High,Medium-High,High,Medium-High,High,Low,Medium-High
PR00478,2025-04-10,Plant C,P001,Industrial Pump,Pumps,A,1398,1296,1272,24,1.89,39,92.9,420,544320,2025,2025-04,Thursday,High,High,High,Medium-High,Low,Medium-High,High,High
PR00479,2025-10-16,Plant A,P004,Gear Assembly,Assemblies,B,1133,1084,1078,6,0.57,61,86.34,540,585360,2025,2025-10,Thursday,High,High,High,Low,Low,High,Medium-Low,High
PR00480,2025-09-11,Plant A,P003,Electric Motor,Motors,B,1070,1020,1013,7,0.75,34,96.06,760,775200,2025,2025-09,Thursday,Medium-High,Medium-High,Medium-High,Low,Low,Medium-High,High,High
PR00481,2025-08-10,Plant A,P004,Gear Assembly,Assemblies,B,445,424,415,9,2.19,10,94.14,540,228960,2025,2025-08,Sunday,Low,Low,Low,Low,Medium-Low,Low,High,Medium-Low
PR00482,2025-12-23,Plant A,P006,Bearing Unit,Components,A,1192,1118,1084,34,3.05,26,91.64,125,139750,2025,2025-12,Tuesday,High,High,High,High,Medium-High,Medium-Low,Medium-High,Low
PR00483,2025-01-23,Plant D,P003,Electric Motor,Motors,A,643,619,591,28,4.63,52,84.06,760,470440,2025,2025-01,Thursday,Medium-Low,Medium-Low,Medium-Low,Medium-High,High,High,Low,Medium-High
PR00484,2025-09-07,Plant A,P005,Control Panel,Electrical,A,1358,1343,1297,46,3.43,21,89.88,680,913240,2025,2025-09,Sunday,High,High,High,High,Medium-High,Medium-Low,Medium-High,High
PR00485,2025-01-10,Plant D,P002,Hydraulic Valve,Valves,A,1001,955,934,21,2.3,35,89.7,185,176675,2025,2025-01,Friday,Medium-High,Medium-High,Medium-High,Medium-High,Medium-Low,Medium-High,Medium-Low,Medium-Low
PR00486,2025-09-03,Plant B,P005,Control Panel,Electrical,C,300,302,293,9,3.29,21,93.74,680,205360,2025,2025-09,Wednesday,Low,Low,Low,Low,Medium-High,Medium-Low,High,Medium-Low
PR00487,2025-11-21,Plant A,P006,Bearing Unit,Components,A,452,440,427,13,3.18,16,91.39,125,55000,2025,2025-11,Friday,Low,Low,Low,Medium-Low,Medium-High,Low,Medium-High,Low
PR00488,2025-04-10,Plant C,P003,Electric Motor,Motors,C,728,728,701,27,3.76,0,93.52,760,553280,2025,2025-04,Thursday,Medium-Low,Medium-Low,Medium-Low,Medium-High,High,Low,High,High
PR00489,2025-10-17,Plant C,P006,Bearing Unit,Components,C,807,759,739,20,2.75,3,92.97,125,94875,2025,2025-10,Friday,Medium-Low,Medium-Low,Medium-Low,Medium-High,Medium-Low,Low,High,Low
PR00490,2025-06-29,Plant B,P002,Hydraulic Valve,Valves,A,790,733,703,30,4.15,12,94.51,185,135605,2025,2025-06,Sunday,Medium-Low,Medium-Low,Medium-Low,High,High,Low,High,Low
PR00491,2025-08-11,Plant B,P001,Industrial Pump,Pumps,B,644,597,574,23,3.87,19,89.43,420,250740,2025,2025-08,Monday,Medium-Low,Medium-Low,Medium-Low,Medium-High,High,Medium-Low,Medium-Low,Medium-Low
PR00492,2025-09-07,Plant C,P001,Industrial Pump,Pumps,A,520,481,468,13,2.91,65,85.03,420,202020,2025,2025-09,Sunday,Low,Low,Low,Medium-Low,Medium-High,High,Low,Medium-Low
PR00493,2025-05-27,Plant A,P006,Bearing Unit,Components,A,1022,988,962,26,2.65,13,92.22,125,123500,2025,2025-05,Tuesday,Medium-High,Medium-High,Medium-High,Medium-High,Medium-Low,Low,Medium-High,Low
PR00494,2025-04-06,Plant D,P004,Gear Assembly,Assemblies,A,1348,1298,1247,51,4.0,12,93.94,540,700920,2025,2025-04,Sunday,High,High,High,High,High,Low,High,High
PR00495,2025-09-14,Plant D,P003,Electric Motor,Motors,B,827,811,796,15,1.87,97,79.41,760,616360,2025,2025-09,Sunday,Medium-Low,Medium-High,Medium-High,Medium-Low,Low,High,Low,High
PR00496,2025-11-21,Plant C,P003,Electric Motor,Motors,B,1140,1114,1105,9,0.84,58,86.68,760,846640,2025,2025-11,Friday,High,High,High,Low,Low,High,Medium-Low,High
PR00497,2025-01-04,Plant A,P001,Industrial Pump,Pumps,B,1365,1180,1171,9,0.83,168,63.69,420,495600,2025,2025-01,Saturday,High,High,High,Low,Low,High,Low,Medium-High
PR00498,2025-01-16,Plant C,P005,Control Panel,Electrical,B,780,742,729,13,1.76,47,86.65,680,504560,2025,2025-01,Thursday,Medium-Low,Medium-Low,Medium-Low,Medium-Low,Low,Medium-High,Medium-Low,Medium-High
PR00499,2025-10-07,Plant A,P002,Hydraulic Valve,Valves,A,1229,1235,1190,45,3.66,13,90.58,185,228475,2025,2025-10,Tuesday,High,High,High,High,Medium-High,Low,Medium-High,Medium-Low
PR00500,2025-12-02,Plant A,P005,Control Panel,Electrical,B,1171,1175,1149,26,2.25,1,98.0,680,799000,2025,2025-12,Tuesday,High,High,High,Medium-High,Medium-Low,Low,High,High
PR00501,2025-09-04,Plant A,P005,Control Panel,Electrical,B,644,640,621,19,3.07,37,88.32,680,435200,2025,2025-09,Thursday,Medium-Low,Medium-Low,Medium-Low,Medium-Low,Medium-High,Medium-High,Medium-Low,Medium-High
PR00502,2025-09-15,Plant B,P006,Bearing Unit,Components,A,344,310,304,6,2.16,93,75.93,125,38750,2025,2025-09,Monday,Low,Low,Low,Low,Medium-Low,High,Low,Low
PR00503,2025-06-09,Plant D,P001,Industrial Pump,Pumps,A,320,302,296,6,2.17,16,93.04,420,126840,2025,2025-06,Monday,Low,Low,Low,Low,Medium-Low,Low,High,Low
PR00504,2025-12-06,Plant C,P001,Industrial Pump,Pumps,B,1393,1300,1281,19,1.47,43,88.93,420,546000,2025,2025-12,Saturday,High,High,High,Medium-Low,Low,Medium-High,Medium-Low,High
PR00505,2025-06-01,Plant C,P001,Industrial Pump,Pumps,A,1172,1115,1086,29,2.68,12,89.3,420,468300,2025,2025-06,Sunday,High,High,High,Medium-High,Medium-Low,Low,Medium-Low,Medium-High
PR00506,2025-06-27,Plant B,P006,Bearing Unit,Components,B,347,322,314,8,2.57,14,92.95,125,40250,2025,2025-06,Friday,Low,Low,Low,Low,Medium-Low,Low,High,Low
PR00507,2025-06-12,Plant B,P004,Gear Assembly,Assemblies,A,850,817,790,27,3.34,23,91.84,540,441180,2025,2025-06,Thursday,Medium-High,Medium-High,Medium-High,Medium-High,Medium-High,Medium-Low,Medium-High,Medium-High
PR00508,2025-02-02,Plant B,P005,Control Panel,Electrical,A,586,547,530,17,3.17,68,81.37,680,371960,2025,2025-02,Sunday,Medium-Low,Medium-Low,Medium-Low,Medium-Low,Medium-High,High,Low,Medium-High
PR00509,2025-06-28,Plant D,P006,Bearing Unit,Components,A,1301,1299,1267,32,2.54,31,90.5,125,162375,2025,2025-06,Saturday,High,High,High,High,Medium-Low,Medium-High,Medium-High,Medium-Low
PR00510,2025-04-11,Plant A,P003,Electric Motor,Motors,A,1333,1209,1199,10,0.84,37,92.31,760,918840,2025,2025-04,Friday,High,High,High,Low,Low,Medium-High,Medium-High,High
PR00511,2025-09-25,Plant D,P002,Hydraulic Valve,Valves,B,841,769,737,32,4.19,18,89.43,185,142265,2025,2025-09,Thursday,Medium-Low,Medium-Low,Medium-Low,High,High,Medium-Low,Medium-Low,Low
PR00512,2025-11-19,Plant B,P004,Gear Assembly,Assemblies,B,1055,1034,1007,27,2.69,30,91.43,540,558360,2025,2025-11,Wednesday,Medium-High,Medium-High,Medium-High,Medium-High,Medium-Low,Medium-High,Medium-High,High
PR00513,2025-03-06,Plant B,P003,Electric Motor,Motors,B,573,548,533,15,2.9,31,92.36,760,416480,2025,2025-03,Thursday,Medium-Low,Medium-Low,Medium-Low,Medium-Low,Medium-High,Medium-High,Medium-High,Medium-High
PR00514,2025-06-17,Plant C,P005,Control Panel,Electrical,C,1255,1161,1105,56,4.88,43,81.03,680,789480,2025,2025-06,Tuesday,High,High,High,High,High,Medium-High,Low,High
PR00515,2025-11-26,Plant B,P001,Industrial Pump,Pumps,B,899,889,854,35,3.98,20,89.34,420,373380,2025,2025-11,Wednesday,Medium-High,Medium-High,Medium-High,High,High,Medium-Low,Medium-Low,Medium-High
PR00516,2025-02-12,Plant D,P005,Control Panel,Electrical,B,680,619,599,20,3.38,34,92.79,680,420920,2025,2025-02,Wednesday,Medium-Low,Medium-Low,Medium-Low,Medium-High,Medium-High,Medium-High,Medium-High,Medium-High
PR00517,2025-02-13,Plant D,P006,Bearing Unit,Components,A,778,736,716,20,2.8,1,95.94,125,92000,2025,2025-02,Thursday,Medium-Low,Medium-Low,Medium-Low,Medium-High,Medium-High,Low,High,Low
PR00518,2025-10-12,Plant B,P002,Hydraulic Valve,Valves,B,314,295,287,8,2.78,5,94.76,185,54575,2025,2025-10,Sunday,Low,Low,Low,Low,Medium-Low,Low,High,Low
PR00519,2025-01-12,Plant A,P006,Bearing Unit,Components,B,815,719,697,22,3.11,30,88.82,125,89875,2025,2025-01,Sunday,Medium-Low,Medium-Low,Medium-Low,Medium-High,Medium-High,Medium-High,Medium-Low,Low
PR00520,2025-04-05,Plant C,P004,Gear Assembly,Assemblies,A,490,473,458,15,3.33,9,95.75,540,255420,2025,2025-04,Saturday,Low,Low,Low,Medium-Low,Medium-High,Low,High,Medium-Low
PR00521,2025-10-29,Plant D,P004,Gear Assembly,Assemblies,B,920,833,792,41,5.02,43,81.99,540,449820,2025,2025-10,Wednesday,Medium-High,Medium-High,Medium-High,High,High,Medium-High,Low,Medium-High
PR00522,2025-09-10,Plant A,P002,Hydraulic Valve,Valves,A,453,407,383,24,6.02,25,87.82,185,75295,2025,2025-09,Wednesday,Low,Low,Low,Medium-High,High,Medium-Low,Medium-Low,Low
PR00523,2025-08-30,Plant C,P003,Electric Motor,Motors,B,571,522,506,16,3.18,35,87.68,760,396720,2025,2025-08,Saturday,Medium-Low,Low,Low,Medium-Low,Medium-High,Medium-High,Medium-Low,Medium-High
PR00524,2025-02-04,Plant C,P003,Electric Motor,Motors,C,442,424,424,0,0.2,56,87.0,760,322240,2025,2025-02,Tuesday,Low,Low,Low,Low,Low,High,Medium-Low,Medium-High
PR00525,2025-08-03,Plant C,P004,Gear Assembly,Assemblies,C,1392,1310,1290,20,1.56,24,92.4,540,707400,2025,2025-08,Sunday,High,High,High,Medium-High,Low,Medium-Low,Medium-High,High
PR00526,2025-12-03,Plant A,P004,Gear Assembly,Assemblies,B,546,520,494,26,5.15,5,91.18,540,280800,2025,2025-12,Wednesday,Low,Low,Low,Medium-High,High,Low,Medium-High,Medium-Low
PR00527,2025-03-31,Plant C,P001,Industrial Pump,Pumps,B,1087,1054,1015,39,3.73,13,90.81,420,442680,2025,2025-03,Monday,Medium-High,High,Medium-High,High,High,Low,Medium-High,Medium-High
PR00528,2025-09-21,Plant D,P003,Electric Motor,Motors,B,378,347,336,11,3.35,58,85.6,760,263720,2025,2025-09,Sunday,Low,Low,Low,Low,Medium-High,High,Low,Medium-Low
PR00529,2025-04-03,Plant A,P002,Hydraulic Valve,Valves,B,922,839,818,21,2.58,80,78.65,185,155215,2025,2025-04,Thursday,Medium-High,Medium-High,Medium-High,Medium-High,Medium-Low,High,Low,Low
PR00530,2025-03-31,Plant A,P003,Electric Motor,Motors,A,824,808,798,10,1.25,19,94.61,760,614080,2025,2025-03,Monday,Medium-Low,Medium-High,Medium-High,Low,Low,Medium-Low,High,High
PR00531,2025-04-25,Plant D,P001,Industrial Pump,Pumps,B,1071,996,947,49,4.98,29,87.8,420,418320,2025,2025-04,Friday,Medium-High,Medium-High,Medium-High,High,High,Medium-Low,Medium-Low,Medium-High
PR00532,2025-04-15,Plant A,P006,Bearing Unit,Components,B,1237,1268,1247,21,1.73,4,96.86,125,158500,2025,2025-04,Tuesday,High,High,High,Medium-High,Low,Low,High,Medium-Low
PR00533,2025-07-15,Plant D,P004,Gear Assembly,Assemblies,C,916,867,835,32,3.75,41,87.72,540,468180,2025,2025-07,Tuesday,Medium-High,Medium-High,Medium-High,High,High,Medium-High,Medium-Low,Medium-High
PR00534,2025-11-10,Plant B,P004,Gear Assembly,Assemblies,B,1331,1318,1304,14,1.11,53,86.87,540,711720,2025,2025-11,Monday,High,High,High,Medium-Low,Low,High,Medium-Low,High
PR00535,2025-04-24,Plant A,P001,Industrial Pump,Pumps,B,366,358,349,9,2.52,23,92.87,420,150360,2025,2025-04,Thursday,Low,Low,Low,Low,Medium-Low,Medium-Low,Medium-High,Low
PR00536,2025-03-16,Plant D,P002,Hydraulic Valve,Valves,B,490,433,416,17,4.09,50,85.17,185,80105,2025,2025-03,Sunday,Low,Low,Low,Medium-Low,High,High,Low,Low
PR00537,2025-08-05,Plant B,P004,Gear Assembly,Assemblies,B,1067,981,957,24,2.48,57,86.82,540,529740,2025,2025-08,Tuesday,Medium-High,Medium-High,Medium-High,Medium-High,Medium-Low,High,Medium-Low,High
PR00538,2025-10-04,Plant B,P005,Control Panel,Electrical,B,820,788,770,18,2.32,21,88.55,680,535840,2025,2025-10,Saturday,Medium-Low,Medium-Low,Medium-Low,Medium-Low,Medium-Low,Medium-Low,Medium-Low,High
PR00539,2025-09-06,Plant B,P004,Gear Assembly,Assemblies,A,1289,1283,1247,36,2.81,9,95.0,540,692820,2025,2025-09,Saturday,High,High,High,High,Medium-High,Low,High,High
PR00540,2025-06-13,Plant C,P005,Control Panel,Electrical,B,566,583,577,6,1.06,37,92.81,680,396440,2025,2025-06,Friday,Low,Medium-Low,Medium-Low,Low,Low,Medium-High,Medium-High,Medium-High
PR00541,2025-12-23,Plant A,P001,Industrial Pump,Pumps,C,784,749,743,6,0.82,30,91.95,420,314580,2025,2025-12,Tuesday,Medium-Low,Medium-Low,Medium-Low,Low,Low,Medium-High,Medium-High,Medium-Low
PR00542,2025-07-11,Plant B,P001,Industrial Pump,Pumps,B,675,642,619,23,3.73,20,89.31,420,269640,2025,2025-07,Friday,Medium-Low,Medium-Low,Medium-Low,Medium-High,High,Medium-Low,Medium-Low,Medium-Low
PR00543,2025-08-15,Plant D,P004,Gear Assembly,Assemblies,A,952,947,926,21,2.25,15,92.22,540,511380,2025,2025-08,Friday,Medium-High,Medium-High,Medium-High,Medium-High,Medium-Low,Low,Medium-High,Medium-High
PR00544,2025-06-26,Plant A,P003,Electric Motor,Motors,B,848,784,755,29,3.72,55,81.36,760,595840,2025,2025-06,Thursday,Medium-High,Medium-Low,Medium-Low,Medium-High,High,High,Low,High
PR00545,2025-04-09,Plant C,P005,Control Panel,Electrical,C,1397,1337,1281,56,4.25,82,78.56,680,909160,2025,2025-04,Wednesday,High,High,High,High,High,High,Low,High
PR00546,2025-02-05,Plant B,P002,Hydraulic Valve,Valves,A,372,331,317,14,4.36,32,91.62,185,61235,2025,2025-02,Wednesday,Low,Low,Low,Medium-Low,High,Medium-High,Medium-High,Low
PR00547,2025-04-06,Plant C,P004,Gear Assembly,Assemblies,B,607,615,611,4,0.69,5,96.85,540,332100,2025,2025-04,Sunday,Medium-Low,Medium-Low,Medium-Low,Low,Low,Low,High,Medium-High
PR00548,2025-06-01,Plant A,P002,Hydraulic Valve,Valves,C,498,488,479,9,1.89,35,89.23,185,90280,2025,2025-06,Sunday,Low,Low,Low,Low,Low,Medium-High,Medium-Low,Low
PR00549,2025-05-31,Plant D,P004,Gear Assembly,Assemblies,B,871,855,826,29,3.5,32,88.38,540,461700,2025,2025-05,Saturday,Medium-High,Medium-High,Medium-High,Medium-High,Medium-High,Medium-High,Medium-Low,Medium-High
PR00550,2025-07-09,Plant B,P003,Electric Motor,Motors,C,1090,1039,1003,36,3.52,21,87.32,760,789640,2025,2025-07,Wednesday,Medium-High,Medium-High,Medium-High,High,Medium-High,Medium-Low,Medium-Low,High
PR00551,2025-08-12,Plant A,P003,Electric Motor,Motors,C,478,460,434,26,5.72,15,87.03,760,349600,2025,2025-08,Tuesday,Low,Low,Low,Medium-High,High,Low,Medium-Low,Medium-High
PR00552,2025-02-06,Plant A,P003,Electric Motor,Motors,B,496,474,467,7,1.62,29,91.66,760,360240,2025,2025-02,Thursday,Low,Low,Low,Low,Low,Medium-Low,Medium-High,Medium-High
PR00553,2025-09-25,Plant A,P006,Bearing Unit,Components,B,1034,931,891,40,4.32,47,82.33,125,116375,2025,2025-09,Thursday,Medium-High,Medium-High,Medium-High,High,High,Medium-High,Low,Low
PR00554,2025-07-02,Plant B,P003,Electric Motor,Motors,A,388,357,346,11,3.28,24,92.67,760,271320,2025,2025-07,Wednesday,Low,Low,Low,Low,Medium-High,Medium-Low,Medium-High,Medium-Low
PR00555,2025-01-13,Plant B,P001,Industrial Pump,Pumps,A,1098,1022,1016,6,0.67,19,92.61,420,429240,2025,2025-01,Monday,Medium-High,Medium-High,Medium-High,Low,Low,Medium-Low,Medium-High,Medium-High
PR00556,2025-10-06,Plant D,P001,Industrial Pump,Pumps,B,1087,1028,1007,21,2.09,27,93.27,420,431760,2025,2025-10,Monday,Medium-High,Medium-High,Medium-High,Medium-High,Medium-Low,Medium-Low,High,Medium-High
PR00557,2025-08-05,Plant B,P006,Bearing Unit,Components,A,1047,999,968,31,3.14,37,90.83,125,124875,2025,2025-08,Tuesday,Medium-High,Medium-High,Medium-High,High,Medium-High,Medium-High,Medium-High,Low
PR00558,2025-12-21,Plant A,P005,Control Panel,Electrical,B,508,490,488,2,0.58,33,93.29,680,333200,2025,2025-12,Sunday,Low,Low,Low,Low,Low,Medium-High,High,Medium-High
PR00559,2025-12-27,Plant C,P002,Hydraulic Valve,Valves,C,792,779,778,1,0.2,31,93.23,185,144115,2025,2025-12,Saturday,Medium-Low,Medium-Low,Medium-High,Low,Low,Medium-High,High,Low
PR00560,2025-10-13,Plant C,P004,Gear Assembly,Assemblies,C,964,989,984,5,0.51,16,96.53,540,534060,2025,2025-10,Monday,Medium-High,Medium-High,Medium-High,Low,Low,Low,High,High
PR00561,2025-09-30,Plant A,P004,Gear Assembly,Assemblies,B,1336,1229,1191,38,3.14,49,84.61,540,663660,2025,2025-09,Tuesday,High,High,High,High,Medium-High,High,Low,High
PR00562,2025-03-03,Plant A,P006,Bearing Unit,Components,C,1170,1183,1158,25,2.17,67,79.27,125,147875,2025,2025-03,Monday,High,High,High,Medium-High,Medium-Low,High,Low,Low
PR00563,2025-03-25,Plant A,P001,Industrial Pump,Pumps,C,1031,1016,996,20,1.99,30,89.06,420,426720,2025,2025-03,Tuesday,Medium-High,Medium-High,Medium-High,Medium-High,Medium-Low,Medium-High,Medium-Low,Medium-High
PR00564,2025-08-05,Plant C,P004,Gear Assembly,Assemblies,B,997,936,917,19,2.04,52,86.52,540,505440,2025,2025-08,Tuesday,Medium-High,Medium-High,Medium-High,Medium-Low,Medium-Low,High,Medium-Low,Medium-High
PR00565,2025-12-08,Plant C,P001,Industrial Pump,Pumps,A,893,856,848,8,0.95,36,89.49,420,359520,2025,2025-12,Monday,Medium-High,Medium-High,Medium-High,Low,Low,Medium-High,Medium-Low,Medium-High
PR00566,2025-07-06,Plant B,P005,Control Panel,Electrical,B,1185,1108,1084,24,2.21,12,93.46,680,753440,2025,2025-07,Sunday,High,High,High,Medium-High,Medium-Low,Low,High,High
PR00567,2025-01-19,Plant D,P002,Hydraulic Valve,Valves,B,1151,1109,1105,4,0.43,47,90.91,185,205165,2025,2025-01,Sunday,High,High,High,Low,Low,Medium-High,Medium-High,Medium-Low
PR00568,2025-06-26,Plant D,P005,Control Panel,Electrical,B,624,541,518,23,4.34,29,87.98,680,367880,2025,2025-06,Thursday,Medium-Low,Medium-Low,Low,Medium-High,High,Medium-Low,Medium-Low,Medium-High
PR00569,2025-04-10,Plant C,P006,Bearing Unit,Components,B,1278,1225,1164,61,5.0,50,84.62,125,153125,2025,2025-04,Thursday,High,High,High,High,High,High,Low,Low
PR00570,2025-08-21,Plant D,P003,Electric Motor,Motors,A,1255,1067,1065,2,0.2,82,83.89,760,810920,2025,2025-08,Thursday,High,High,High,Low,Low,High,Low,High
PR00571,2025-03-17,Plant A,P003,Electric Motor,Motors,B,1193,1150,1125,25,2.19,23,92.82,760,874000,2025,2025-03,Monday,High,High,High,Medium-High,Medium-Low,Medium-Low,Medium-High,High
PR00572,2025-09-22,Plant A,P003,Electric Motor,Motors,C,443,412,403,9,2.27,13,92.57,760,313120,2025,2025-09,Monday,Low,Low,Low,Low,Medium-Low,Low,Medium-High,Medium-Low
PR00573,2025-10-11,Plant A,P005,Control Panel,Electrical,B,683,641,625,16,2.57,17,90.08,680,435880,2025,2025-10,Saturday,Medium-Low,Medium-Low,Medium-Low,Medium-Low,Medium-Low,Medium-Low,Medium-High,Medium-High
PR00574,2025-07-25,Plant A,P004,Gear Assembly,Assemblies,C,515,469,450,19,4.1,46,83.82,540,253260,2025,2025-07,Friday,Low,Low,Low,Medium-Low,High,Medium-High,Low,Medium-Low
PR00575,2025-08-11,Plant B,P002,Hydraulic Valve,Valves,C,623,630,617,13,2.19,45,86.26,185,116550,2025,2025-08,Monday,Medium-Low,Medium-Low,Medium-Low,Medium-Low,Medium-Low,Medium-High,Medium-Low,Low
PR00576,2025-02-21,Plant D,P003,Electric Motor,Motors,C,1338,1211,1179,32,2.69,48,86.03,760,920360,2025,2025-02,Friday,High,High,High,High,Medium-Low,Medium-High,Medium-Low,High
PR00577,2025-12-05,Plant A,P006,Bearing Unit,Components,C,516,489,457,32,6.67,22,83.46,125,61125,2025,2025-12,Friday,Low,Low,Low,High,High,Medium-Low,Low,Low
PR00578,2025-05-24,Plant A,P006,Bearing Unit,Components,C,1250,1238,1206,32,2.66,33,91.09,125,154750,2025,2025-05,Saturday,High,High,High,High,Medium-Low,Medium-High,Medium-High,Low
PR00579,2025-03-10,Plant B,P003,Electric Motor,Motors,B,482,411,391,20,5.1,30,84.89,760,312360,2025,2025-03,Monday,Low,Low,Low,Medium-High,High,Medium-High,Low,Medium-Low
PR00580,2025-04-09,Plant D,P003,Electric Motor,Motors,A,569,509,492,17,3.45,77,78.7,760,386840,2025,2025-04,Wednesday,Low,Low,Low,Medium-Low,Medium-High,High,Low,Medium-High
PR00581,2025-01-25,Plant B,P002,Hydraulic Valve,Valves,B,1244,1264,1238,26,2.08,20,92.84,185,233840,2025,2025-01,Saturday,High,High,High,Medium-High,Medium-Low,Medium-Low,Medium-High,Medium-Low
PR00582,2025-02-22,Plant B,P003,Electric Motor,Motors,B,1169,1081,1061,20,1.86,18,95.86,760,821560,2025,2025-02,Saturday,High,High,High,Medium-High,Low,Medium-Low,High,High
PR00583,2025-05-31,Plant A,P002,Hydraulic Valve,Valves,A,766,764,743,21,2.79,21,95.13,185,141340,2025,2025-05,Saturday,Medium-Low,Medium-Low,Medium-Low,Medium-High,Medium-High,Medium-Low,High,Low
PR00584,2025-05-24,Plant A,P006,Bearing Unit,Components,A,604,571,564,7,1.34,61,89.44,125,71375,2025,2025-05,Saturday,Medium-Low,Medium-Low,Medium-Low,Low,Low,High,Medium-Low,Low
PR00585,2025-02-26,Plant D,P003,Electric Motor,Motors,C,410,388,382,6,1.68,52,84.52,760,294880,2025,2025-02,Wednesday,Low,Low,Low,Low,Low,High,Low,Medium-Low
PR00586,2025-02-08,Plant D,P005,Control Panel,Electrical,C,1313,1278,1250,28,2.25,10,93.88,680,869040,2025,2025-02,Saturday,High,High,High,Medium-High,Medium-Low,Low,High,High
PR00587,2025-04-19,Plant A,P005,Control Panel,Electrical,C,531,517,501,16,3.18,9,92.3,680,351560,2025,2025-04,Saturday,Low,Low,Low,Medium-Low,Medium-High,Low,Medium-High,Medium-High
PR00588,2025-06-30,Plant D,P006,Bearing Unit,Components,B,894,797,756,41,5.17,40,84.99,125,99625,2025,2025-06,Monday,Medium-High,Medium-Low,Medium-Low,High,High,Medium-High,Low,Low
PR00589,2025-02-11,Plant C,P002,Hydraulic Valve,Valves,A,472,448,439,9,2.17,29,91.56,185,82880,2025,2025-02,Tuesday,Low,Low,Low,Low,Medium-Low,Medium-Low,Medium-High,Low
PR00590,2025-07-05,Plant D,P005,Control Panel,Electrical,A,1272,1241,1199,42,3.4,4,92.93,680,843880,2025,2025-07,Saturday,High,High,High,High,Medium-High,Low,High,High
PR00591,2025-08-11,Plant B,P002,Hydraulic Valve,Valves,A,1330,1320,1312,8,0.68,10,95.66,185,244200,2025,2025-08,Monday,High,High,High,Low,Low,Low,High,Medium-Low
PR00592,2025-05-02,Plant B,P005,Control Panel,Electrical,A,845,803,770,33,4.18,30,85.74,680,546040,2025,2025-05,Friday,Medium-Low,Medium-High,Medium-Low,High,High,Medium-High,Medium-Low,High
PR00593,2025-05-13,Plant B,P005,Control Panel,Electrical,A,847,746,742,4,0.56,136,66.65,680,507280,2025,2025-05,Tuesday,Medium-High,Medium-Low,Medium-Low,Low,Low,High,Low,Medium-High
PR00594,2025-06-12,Plant C,P002,Hydraulic Valve,Valves,C,817,777,748,29,3.84,47,82.24,185,143745,2025,2025-06,Thursday,Medium-Low,Medium-Low,Medium-Low,Medium-High,High,Medium-High,Low,Low
PR00595,2025-08-03,Plant A,P004,Gear Assembly,Assemblies,B,1213,1175,1144,31,2.69,13,95.1,540,634500,2025,2025-08,Sunday,High,High,High,High,Medium-Low,Low,High,High
PR00596,2025-08-09,Plant A,P005,Control Panel,Electrical,A,514,449,438,11,2.64,75,83.97,680,305320,2025,2025-08,Saturday,Low,Low,Low,Low,Medium-Low,High,Low,Medium-Low
PR00597,2025-08-23,Plant B,P003,Electric Motor,Motors,A,433,411,402,9,2.41,12,96.68,760,312360,2025,2025-08,Saturday,Low,Low,Low,Low,Medium-Low,Low,High,Medium-Low
PR00598,2025-11-27,Plant C,P006,Bearing Unit,Components,B,584,552,546,6,1.11,18,96.55,125,69000,2025,2025-11,Thursday,Medium-Low,Medium-Low,Medium-Low,Low,Low,Medium-Low,High,Low
PR00599,2025-05-26,Plant A,P004,Gear Assembly,Assemblies,A,985,895,885,10,1.18,74,81.41,540,483300,2025,2025-05,Monday,Medium-High,Medium-High,Medium-High,Low,Low,High,Low,Medium-High
PR00600,2025-08-27,Plant C,P002,Hydraulic Valve,Valves,C,630,590,568,22,3.89,12,89.4,185,109150,2025,2025-08,Wednesday,Medium-Low,Medium-Low,Medium-Low,Medium-High,High,Low,Medium-Low,Low
PR00601,2025-03-17,Plant D,P004,Gear Assembly,Assemblies,B,1193,1119,1088,31,2.82,82,75.75,540,604260,2025,2025-03,Monday,High,High,High,High,Medium-High,High,Low,High
PR00602,2025-01-09,Plant A,P001,Industrial Pump,Pumps,B,1198,1141,1114,27,2.4,3,94.63,420,479220,2025,2025-01,Thursday,High,High,High,Medium-High,Medium-Low,Low,High,Medium-High
PR00603,2025-03-15,Plant C,P001,Industrial Pump,Pumps,A,1398,1323,1279,44,3.38,42,86.7,420,555660,2025,2025-03,Saturday,High,High,High,High,Medium-High,Medium-High,Medium-Low,High
PR00604,2025-09-10,Plant B,P005,Control Panel,Electrical,A,377,358,348,10,2.93,35,86.59,680,243440,2025,2025-09,Wednesday,Low,Low,Low,Low,Medium-High,Medium-High,Medium-Low,Medium-Low
PR00605,2025-08-18,Plant D,P005,Control Panel,Electrical,B,1246,1143,1123,20,1.77,59,86.41,680,777240,2025,2025-08,Monday,High,High,High,Medium-High,Low,High,Medium-Low,High
PR00606,2025-01-07,Plant A,P003,Electric Motor,Motors,B,987,895,842,53,6.0,34,85.5,760,680200,2025,2025-01,Tuesday,Medium-High,Medium-High,Medium-High,High,High,Medium-High,Low,High
PR00607,2025-06-23,Plant C,P006,Bearing Unit,Components,B,320,309,298,11,3.76,36,86.21,125,38625,2025,2025-06,Monday,Low,Low,Low,Low,High,Medium-High,Medium-Low,Low
PR00608,2025-05-21,Plant D,P004,Gear Assembly,Assemblies,A,865,834,810,24,2.97,17,89.46,540,450360,2025,2025-05,Wednesday,Medium-High,Medium-High,Medium-High,Medium-High,Medium-High,Medium-Low,Medium-Low,Medium-High
PR00609,2025-06-17,Plant D,P001,Industrial Pump,Pumps,B,1126,1104,1081,23,2.13,25,94.57,420,463680,2025,2025-06,Tuesday,High,High,High,Medium-High,Medium-Low,Medium-Low,High,Medium-High
PR00610,2025-06-19,Plant C,P005,Control Panel,Electrical,B,478,454,436,18,4.04,77,78.61,680,308720,2025,2025-06,Thursday,Low,Low,Low,Medium-Low,High,High,Low,Medium-Low
PR00611,2025-10-10,Plant B,P006,Bearing Unit,Components,C,1382,1340,1317,23,1.78,41,93.01,125,167500,2025,2025-10,Friday,High,High,High,Medium-High,Low,Medium-High,High,Medium-Low
PR00612,2025-05-02,Plant C,P004,Gear Assembly,Assemblies,A,1204,1070,1053,17,1.67,46,88.48,540,577800,2025,2025-05,Friday,High,High,High,Medium-Low,Low,Medium-High,Medium-Low,High
PR00613,2025-07-13,Plant D,P005,Control Panel,Electrical,A,968,906,861,45,5.0,36,85.62,680,616080,2025,2025-07,Sunday,Medium-High,Medium-High,Medium-High,High,High,Medium-High,Medium-Low,High
PR00614,2025-01-05,Plant B,P005,Control Panel,Electrical,B,490,457,445,12,2.84,26,88.61,680,310760,2025,2025-01,Sunday,Low,Low,Low,Medium-Low,Medium-High,Medium-Low,Medium-Low,Medium-Low
PR00615,2025-01-29,Plant A,P001,Industrial Pump,Pumps,B,1007,1047,1029,18,1.81,5,95.44,420,439740,2025,2025-01,Wednesday,Medium-High,Medium-High,High,Medium-Low,Low,Low,High,Medium-High
PR00616,2025-06-14,Plant D,P001,Industrial Pump,Pumps,B,1358,1277,1242,35,2.81,68,79.07,420,536340,2025,2025-06,Saturday,High,High,High,High,Medium-High,High,Low,High
PR00617,2025-12-05,Plant C,P005,Control Panel,Electrical,B,678,616,592,24,3.91,50,81.45,680,418880,2025,2025-12,Friday,Medium-Low,Medium-Low,Medium-Low,Medium-High,High,High,Low,Medium-High
PR00618,2025-05-16,Plant C,P002,Hydraulic Valve,Valves,B,686,660,637,23,3.61,31,89.87,185,122100,2025,2025-05,Friday,Medium-Low,Medium-Low,Medium-Low,Medium-High,Medium-High,Medium-High,Medium-High,Low
PR00619,2025-12-31,Plant A,P005,Control Panel,Electrical,C,536,510,490,20,4.07,15,90.33,680,346800,2025,2025-12,Wednesday,Low,Low,Low,Medium-High,High,Low,Medium-High,Medium-High
PR00620,2025-11-17,Plant C,P006,Bearing Unit,Components,B,915,819,810,9,1.18,53,86.78,125,102375,2025,2025-11,Monday,Medium-High,Medium-High,Medium-High,Low,Low,High,Medium-Low,Low
PR00621,2025-12-08,Plant B,P005,Control Panel,Electrical,C,582,570,548,22,4.03,14,89.67,680,387600,2025,2025-12,Monday,Medium-Low,Medium-Low,Medium-Low,Medium-High,High,Low,Medium-Low,Medium-High
PR00622,2025-05-25,Plant C,P003,Electric Motor,Motors,B,300,279,272,7,2.57,47,85.97,760,212040,2025,2025-05,Sunday,Low,Low,Low,Low,Medium-Low,Medium-High,Medium-Low,Medium-Low
PR00623,2025-11-23,Plant A,P003,Electric Motor,Motors,C,763,768,746,22,2.92,18,94.29,760,583680,2025,2025-11,Sunday,Medium-Low,Medium-Low,Medium-Low,Medium-High,Medium-High,Medium-Low,High,High
PR00624,2025-08-05,Plant C,P003,Electric Motor,Motors,C,1266,1174,1123,51,4.37,38,86.13,760,892240,2025,2025-08,Tuesday,High,High,High,High,High,Medium-High,Medium-Low,High
PR00625,2025-10-28,Plant D,P002,Hydraulic Valve,Valves,A,471,453,437,16,3.71,72,77.67,185,83805,2025,2025-10,Tuesday,Low,Low,Low,Medium-Low,High,High,Low,Low
PR00626,2025-05-12,Plant A,P002,Hydraulic Valve,Valves,C,1142,1095,1060,35,3.26,34,90.37,185,202575,2025,2025-05,Monday,High,High,High,High,Medium-High,Medium-High,Medium-High,Medium-Low
PR00627,2025-10-19,Plant D,P005,Control Panel,Electrical,A,989,990,988,2,0.22,44,94.32,680,673200,2025,2025-10,Sunday,Medium-High,Medium-High,Medium-High,Low,Low,Medium-High,High,High
PR00628,2025-03-11,Plant B,P003,Electric Motor,Motors,C,874,781,760,21,2.74,96,77.68,760,593560,2025,2025-03,Tuesday,Medium-High,Medium-Low,Medium-Low,Medium-High,Medium-Low,High,Low,High
PR00629,2025-09-09,Plant D,P002,Hydraulic Valve,Valves,B,464,449,442,7,1.78,40,91.11,185,83065,2025,2025-09,Tuesday,Low,Low,Low,Low,Low,Medium-High,Medium-High,Low
PR00630,2025-10-02,Plant C,P001,Industrial Pump,Pumps,A,682,611,589,22,3.72,13,94.26,420,256620,2025,2025-10,Thursday,Medium-Low,Medium-Low,Medium-Low,Medium-High,High,Low,High,Medium-Low
PR00631,2025-12-30,Plant B,P005,Control Panel,Electrical,B,508,469,450,19,4.09,48,80.95,680,318920,2025,2025-12,Tuesday,Low,Low,Low,Medium-Low,High,Medium-High,Low,Medium-High
PR00632,2025-07-01,Plant C,P006,Bearing Unit,Components,C,523,476,465,11,2.41,24,95.31,125,59500,2025,2025-07,Tuesday,Low,Low,Low,Low,Medium-Low,Medium-Low,High,Low
PR00633,2025-06-16,Plant D,P004,Gear Assembly,Assemblies,A,302,268,263,5,1.93,83,82.7,540,144720,2025,2025-06,Monday,Low,Low,Low,Low,Medium-Low,High,Low,Low
PR00634,2025-04-01,Plant B,P005,Control Panel,Electrical,B,671,609,580,29,4.82,23,89.15,680,414120,2025,2025-04,Tuesday,Medium-Low,Medium-Low,Medium-Low,Medium-High,High,Medium-Low,Medium-Low,Medium-High
PR00635,2025-07-21,Plant B,P004,Gear Assembly,Assemblies,B,910,898,880,18,2.02,23,92.12,540,484920,2025,2025-07,Monday,Medium-High,Medium-High,Medium-High,Medium-Low,Medium-Low,Medium-Low,Medium-High,Medium-High
PR00636,2025-12-12,Plant C,P003,Electric Motor,Motors,C,415,396,392,4,1.25,43,86.85,760,300960,2025,2025-12,Friday,Low,Low,Low,Low,Low,Medium-High,Medium-Low,Medium-Low
PR00637,2025-01-19,Plant D,P004,Gear Assembly,Assemblies,B,746,715,703,12,1.72,37,89.36,540,386100,2025,2025-01,Sunday,Medium-Low,Medium-Low,Medium-Low,Medium-Low,Low,Medium-High,Medium-Low,Medium-High
PR00638,2025-02-08,Plant C,P003,Electric Motor,Motors,A,714,672,659,13,2.08,48,88.18,760,510720,2025,2025-02,Saturday,Medium-Low,Medium-Low,Medium-Low,Medium-Low,Medium-Low,Medium-High,Medium-Low,Medium-High
PR00639,2025-05-06,Plant C,P001,Industrial Pump,Pumps,A,1191,1198,1178,20,1.68,21,91.07,420,503160,2025,2025-05,Tuesday,High,High,High,Medium-High,Low,Medium-Low,Medium-High,Medium-High
PR00640,2025-06-22,Plant B,P004,Gear Assembly,Assemblies,B,1347,1248,1200,48,3.9,53,83.41,540,673920,2025,2025-06,Sunday,High,High,High,High,High,High,Low,High
PR00641,2025-05-21,Plant D,P005,Control Panel,Electrical,B,962,964,963,1,0.2,6,96.13,680,655520,2025,2025-05,Wednesday,Medium-High,Medium-High,Medium-High,Low,Low,Low,High,High
PR00642,2025-08-30,Plant A,P003,Electric Motor,Motors,C,1373,1306,1285,21,1.65,19,92.96,760,992560,2025,2025-08,Saturday,High,High,High,Medium-High,Low,Medium-Low,High,High
PR00643,2025-08-08,Plant B,P005,Control Panel,Electrical,A,1017,997,970,27,2.74,46,83.98,680,677960,2025,2025-08,Friday,Medium-High,Medium-High,Medium-High,Medium-High,Medium-Low,Medium-High,Low,High
PR00644,2025-05-06,Plant A,P002,Hydraulic Valve,Valves,B,1350,1360,1319,41,3.07,5,91.48,185,251600,2025,2025-05,Tuesday,High,High,High,High,Medium-High,Low,Medium-High,Medium-Low
PR00645,2025-02-27,Plant B,P003,Electric Motor,Motors,A,570,525,499,26,5.0,42,84.78,760,399000,2025,2025-02,Thursday,Low,Low,Low,Medium-High,High,Medium-High,Low,Medium-High
PR00646,2025-05-28,Plant B,P004,Gear Assembly,Assemblies,A,861,783,746,37,4.81,37,84.23,540,422820,2025,2025-05,Wednesday,Medium-High,Medium-Low,Medium-Low,High,High,Medium-High,Low,Medium-High
PR00647,2025-11-13,Plant B,P003,Electric Motor,Motors,B,1103,1021,1014,7,0.72,17,94.55,760,775960,2025,2025-11,Thursday,Medium-High,Medium-High,Medium-High,Low,Low,Medium-Low,High,High
PR00648,2025-12-27,Plant C,P005,Control Panel,Electrical,B,546,512,511,1,0.32,42,89.85,680,348160,2025,2025-12,Saturday,Low,Low,Low,Low,Low,Medium-High,Medium-High,Medium-High
PR00649,2025-01-01,Plant B,P001,Industrial Pump,Pumps,B,686,608,591,17,2.83,18,97.6,420,255360,2025,2025-01,Wednesday,Medium-Low,Medium-Low,Medium-Low,Medium-Low,Medium-High,Medium-Low,High,Medium-Low
PR00650,2025-12-14,Plant B,P003,Electric Motor,Motors,C,1001,918,901,17,1.92,50,88.33,760,697680,2025,2025-12,Sunday,Medium-High,Medium-High,Medium-High,Medium-Low,Medium-Low,High,Medium-Low,High
PR00651,2025-07-09,Plant A,P004,Gear Assembly,Assemblies,B,858,835,825,10,1.25,39,91.75,540,450900,2025,2025-07,Wednesday,Medium-High,Medium-High,Medium-High,Low,Low,Medium-High,Medium-High,Medium-High
PR00652,2025-07-10,Plant B,P002,Hydraulic Valve,Valves,C,1272,1186,1153,33,2.82,58,82.62,185,219410,2025,2025-07,Thursday,High,High,High,High,Medium-High,High,Low,Medium-Low
PR00653,2025-11-08,Plant A,P006,Bearing Unit,Components,C,1283,1245,1207,38,3.1,110,74.36,125,155625,2025,2025-11,Saturday,High,High,High,High,Medium-High,High,Low,Medium-Low
PR00654,2025-04-27,Plant A,P001,Industrial Pump,Pumps,B,651,615,605,10,1.71,39,89.18,420,258300,2025,2025-04,Sunday,Medium-Low,Medium-Low,Medium-Low,Low,Low,Medium-High,Medium-Low,Medium-Low
PR00655,2025-05-14,Plant C,P002,Hydraulic Valve,Valves,C,1052,971,952,19,1.99,64,82.65,185,179635,2025,2025-05,Wednesday,Medium-High,Medium-High,Medium-High,Medium-Low,Medium-Low,High,Low,Medium-Low
PR00656,2025-02-27,Plant C,P003,Electric Motor,Motors,B,1080,1091,1072,19,1.81,11,98.0,760,829160,2025,2025-02,Thursday,Medium-High,High,High,Medium-Low,Low,Low,High,High
PR00657,2025-02-13,Plant C,P005,Control Panel,Electrical,A,1324,1169,1143,26,2.27,46,88.54,680,794920,2025,2025-02,Thursday,High,High,High,Medium-High,Medium-Low,Medium-High,Medium-Low,High
PR00658,2025-06-22,Plant B,P005,Control Panel,Electrical,B,845,772,745,27,3.5,2,95.39,680,524960,2025,2025-06,Sunday,Medium-Low,Medium-Low,Medium-Low,Medium-High,Medium-High,Low,High,Medium-High
PR00659,2025-06-09,Plant B,P004,Gear Assembly,Assemblies,A,378,369,364,5,1.4,48,86.36,540,199260,2025,2025-06,Monday,Low,Low,Low,Low,Low,Medium-High,Medium-Low,Medium-Low
PR00660,2025-06-22,Plant D,P005,Control Panel,Electrical,B,633,611,599,12,1.97,11,92.3,680,415480,2025,2025-06,Sunday,Medium-Low,Medium-Low,Medium-Low,Medium-Low,Medium-Low,Low,Medium-High,Medium-High
PR00661,2025-11-13,Plant B,P001,Industrial Pump,Pumps,B,1188,1113,1088,25,2.28,53,85.86,420,467460,2025,2025-11,Thursday,High,High,High,Medium-High,Medium-Low,High,Medium-Low,Medium-High
PR00662,2025-10-30,Plant B,P005,Control Panel,Electrical,A,801,718,698,20,2.79,68,81.07,680,488240,2025,2025-10,Thursday,Medium-Low,Medium-Low,Medium-Low,Medium-High,Medium-High,High,Low,Medium-High
PR00663,2025-05-29,Plant A,P004,Gear Assembly,Assemblies,A,1064,1007,976,31,3.16,46,87.29,540,543780,2025,2025-05,Thursday,Medium-High,Medium-High,Medium-High,High,Medium-High,Medium-High,Medium-Low,High
PR00664,2025-03-21,Plant B,P006,Bearing Unit,Components,C,1220,1117,1057,60,5.45,5,92.18,125,139625,2025,2025-03,Friday,High,High,High,High,High,Low,Medium-High,Low
PR00665,2025-08-01,Plant B,P003,Electric Motor,Motors,B,849,809,781,28,3.54,21,90.62,760,614840,2025,2025-08,Friday,Medium-High,Medium-High,Medium-High,Medium-High,Medium-High,Medium-Low,Medium-High,High
PR00666,2025-07-22,Plant B,P003,Electric Motor,Motors,A,313,269,260,9,3.57,105,75.3,760,204440,2025,2025-07,Tuesday,Low,Low,Low,Low,Medium-High,High,Low,Medium-Low
PR00667,2025-09-09,Plant C,P005,Control Panel,Electrical,B,691,649,634,15,2.45,45,87.71,680,441320,2025,2025-09,Tuesday,Medium-Low,Medium-Low,Medium-Low,Medium-Low,Medium-Low,Medium-High,Medium-Low,Medium-High
PR00668,2025-08-17,Plant B,P002,Hydraulic Valve,Valves,B,609,620,611,9,1.53,51,85.76,185,114700,2025,2025-08,Sunday,Medium-Low,Medium-Low,Medium-Low,Low,Low,High,Medium-Low,Low
PR00669,2025-06-13,Plant C,P003,Electric Motor,Motors,B,685,655,642,13,2.11,12,94.04,760,497800,2025,2025-06,Friday,Medium-Low,Medium-Low,Medium-Low,Medium-Low,Medium-Low,Low,High,Medium-High
PR00670,2025-08-15,Plant C,P006,Bearing Unit,Components,C,1273,1231,1208,23,1.88,14,94.65,125,153875,2025,2025-08,Friday,High,High,High,Medium-High,Low,Low,High,Low
PR00671,2025-05-27,Plant D,P005,Control Panel,Electrical,B,639,602,583,19,3.31,26,91.69,680,409360,2025,2025-05,Tuesday,Medium-Low,Medium-Low,Medium-Low,Medium-Low,Medium-High,Medium-Low,Medium-High,Medium-High
PR00672,2025-01-20,Plant C,P004,Gear Assembly,Assemblies,A,896,860,855,5,0.65,58,87.87,540,464400,2025,2025-01,Monday,Medium-High,Medium-High,Medium-High,Low,Low,High,Medium-Low,Medium-High
PR00673,2025-02-16,Plant D,P006,Bearing Unit,Components,C,1056,1024,988,36,3.57,15,90.5,125,128000,2025,2025-02,Sunday,Medium-High,Medium-High,Medium-High,High,Medium-High,Low,Medium-High,Low
PR00674,2025-08-21,Plant A,P005,Control Panel,Electrical,C,1345,1233,1201,32,2.65,99,78.16,680,838440,2025,2025-08,Thursday,High,High,High,High,Medium-Low,High,Low,High
PR00675,2025-11-01,Plant A,P006,Bearing Unit,Components,A,590,570,549,21,3.75,7,93.74,125,71250,2025,2025-11,Saturday,Medium-Low,Medium-Low,Medium-Low,Medium-High,High,Low,High,Low
PR00676,2025-01-14,Plant A,P003,Electric Motor,Motors,A,605,579,569,10,1.86,26,95.1,760,440040,2025,2025-01,Tuesday,Medium-Low,Medium-Low,Medium-Low,Low,Low,Medium-Low,High,Medium-High
PR00677,2025-05-23,Plant C,P004,Gear Assembly,Assemblies,A,933,875,861,14,1.63,74,82.93,540,472500,2025,2025-05,Friday,Medium-High,Medium-High,Medium-High,Medium-Low,Low,High,Low,Medium-High
PR00678,2025-01-01,Plant D,P005,Control Panel,Electrical,B,924,889,869,20,2.27,12,92.12,680,604520,2025,2025-01,Wednesday,Medium-High,Medium-High,Medium-High,Medium-High,Medium-Low,Low,Medium-High,High
PR00679,2025-02-23,Plant A,P001,Industrial Pump,Pumps,B,1238,1118,1093,25,2.24,20,94.99,420,469560,2025,2025-02,Sunday,High,High,High,Medium-High,Medium-Low,Medium-Low,High,Medium-High
PR00680,2025-09-16,Plant D,P004,Gear Assembly,Assemblies,B,1147,1177,1132,45,3.85,34,86.27,540,635580,2025,2025-09,Tuesday,High,High,High,High,High,Medium-High,Medium-Low,High
PR00681,2025-05-24,Plant A,P001,Industrial Pump,Pumps,C,741,724,697,27,3.84,12,92.43,420,304080,2025,2025-05,Saturday,Medium-Low,Medium-Low,Medium-Low,Medium-High,High,Low,Medium-High,Medium-Low
PR00682,2025-01-12,Plant D,P006,Bearing Unit,Components,B,802,731,693,38,5.28,5,91.45,125,91375,2025,2025-01,Sunday,Medium-Low,Medium-Low,Medium-Low,High,High,Low,Medium-High,Low
PR00683,2025-11-26,Plant B,P002,Hydraulic Valve,Valves,A,429,418,409,9,2.16,16,93.65,185,77330,2025,2025-11,Wednesday,Low,Low,Low,Low,Medium-Low,Low,High,Low
PR00684,2025-08-12,Plant A,P004,Gear Assembly,Assemblies,A,896,813,812,1,0.2,68,85.76,540,439020,2025,2025-08,Tuesday,Medium-High,Medium-High,Medium-High,Low,Low,High,Medium-Low,Medium-High
PR00685,2025-09-29,Plant B,P006,Bearing Unit,Components,B,1161,1096,1072,24,2.27,25,88.29,125,137000,2025,2025-09,Monday,High,High,High,Medium-High,Medium-Low,Medium-Low,Medium-Low,Low
PR00686,2025-12-24,Plant A,P001,Industrial Pump,Pumps,A,892,812,787,25,3.1,12,90.95,420,341040,2025,2025-12,Wednesday,Medium-High,Medium-High,Medium-High,Medium-High,Medium-High,Low,Medium-High,Medium-High
PR00687,2025-06-05,Plant A,P003,Electric Motor,Motors,B,1298,1237,1191,46,3.73,12,94.25,760,940120,2025,2025-06,Thursday,High,High,High,High,High,Low,High,High
PR00688,2025-01-08,Plant B,P003,Electric Motor,Motors,C,624,549,532,17,3.19,56,84.87,760,417240,2025,2025-01,Wednesday,Medium-Low,Medium-Low,Medium-Low,Medium-Low,Medium-High,High,Low,Medium-High
PR00689,2025-05-02,Plant D,P002,Hydraulic Valve,Valves,A,1392,1365,1336,29,2.15,16,97.39,185,252525,2025,2025-05,Friday,High,High,High,Medium-High,Medium-Low,Low,High,Medium-Low
PR00690,2025-12-14,Plant B,P004,Gear Assembly,Assemblies,B,747,706,671,35,5.03,41,82.18,540,381240,2025,2025-12,Sunday,Medium-Low,Medium-Low,Medium-Low,High,High,Medium-High,Low,Medium-High
PR00691,2025-06-13,Plant B,P004,Gear Assembly,Assemblies,C,1118,1053,1038,15,1.46,23,93.15,540,568620,2025,2025-06,Friday,Medium-High,Medium-High,High,Medium-Low,Low,Medium-Low,High,High
PR00692,2025-03-31,Plant C,P004,Gear Assembly,Assemblies,B,1008,963,940,23,2.44,38,91.07,540,520020,2025,2025-03,Monday,Medium-High,Medium-High,Medium-High,Medium-High,Medium-Low,Medium-High,Medium-High,Medium-High
PR00693,2025-05-16,Plant C,P006,Bearing Unit,Components,A,564,518,511,7,1.4,56,85.57,125,64750,2025,2025-05,Friday,Low,Low,Low,Low,Low,High,Low,Low
PR00694,2025-07-05,Plant A,P002,Hydraulic Valve,Valves,B,911,865,841,24,2.83,59,82.98,185,160025,2025,2025-07,Saturday,Medium-High,Medium-High,Medium-High,Medium-High,Medium-High,High,Low,Medium-Low
PR00695,2025-11-12,Plant B,P004,Gear Assembly,Assemblies,A,1131,1040,990,50,4.87,13,89.51,540,561600,2025,2025-11,Wednesday,High,Medium-High,Medium-High,High,High,Low,Medium-Low,High
PR00696,2025-06-27,Plant A,P006,Bearing Unit,Components,C,973,956,931,25,2.62,26,89.98,125,119500,2025,2025-06,Friday,Medium-High,Medium-High,Medium-High,Medium-High,Medium-Low,Medium-Low,Medium-High,Low
PR00697,2025-01-28,Plant A,P003,Electric Motor,Motors,A,456,410,400,10,2.62,20,93.13,760,311600,2025,2025-01,Tuesday,Low,Low,Low,Low,Medium-Low,Medium-Low,High,Medium-Low
PR00698,2025-08-08,Plant C,P001,Industrial Pump,Pumps,B,550,504,501,3,0.6,64,82.74,420,211680,2025,2025-08,Friday,Low,Low,Low,Low,Low,High,Low,Medium-Low
PR00699,2025-12-23,Plant A,P006,Bearing Unit,Components,B,1177,1094,1068,26,2.43,13,97.04,125,136750,2025,2025-12,Tuesday,High,High,High,Medium-High,Medium-Low,Low,High,Low
PR00700,2025-02-10,Plant B,P003,Electric Motor,Motors,C,829,777,744,33,4.3,40,83.63,760,590520,2025,2025-02,Monday,Medium-Low,Medium-Low,Medium-Low,High,High,Medium-High,Low,High
PR00701,2025-08-16,Plant C,P003,Electric Motor,Motors,A,626,606,592,14,2.47,39,84.26,760,460560,2025,2025-08,Saturday,Medium-Low,Medium-Low,Medium-Low,Medium-Low,Medium-Low,Medium-High,Low,Medium-High
PR00702,2025-07-11,Plant A,P001,Industrial Pump,Pumps,A,1260,1230,1201,29,2.39,14,93.59,420,516600,2025,2025-07,Friday,High,High,High,Medium-High,Medium-Low,Low,High,Medium-High
PR00703,2025-05-25,Plant B,P003,Electric Motor,Motors,A,1194,1118,1071,47,4.24,6,91.69,760,849680,2025,2025-05,Sunday,High,High,High,High,High,Low,Medium-High,High
PR00704,2025-07-20,Plant A,P002,Hydraulic Valve,Valves,A,396,344,336,8,2.39,17,92.66,185,63640,2025,2025-07,Sunday,Low,Low,Low,Low,Medium-Low,Medium-Low,Medium-High,Low
PR00705,2025-07-31,Plant D,P001,Industrial Pump,Pumps,A,812,764,730,34,4.48,23,89.31,420,320880,2025,2025-07,Thursday,Medium-Low,Medium-Low,Medium-Low,High,High,Medium-Low,Medium-Low,Medium-High
PR00706,2025-08-08,Plant B,P003,Electric Motor,Motors,B,515,514,509,5,1.13,24,94.79,760,390640,2025,2025-08,Friday,Low,Low,Low,Low,Low,Medium-Low,High,Medium-High
PR00707,2025-08-28,Plant D,P005,Control Panel,Electrical,A,424,439,423,16,3.68,23,93.25,680,298520,2025,2025-08,Thursday,Low,Low,Low,Medium-Low,Medium-High,Medium-Low,High,Medium-Low
PR00708,2025-02-15,Plant B,P006,Bearing Unit,Components,A,358,324,308,16,4.94,47,81.81,125,40500,2025,2025-02,Saturday,Low,Low,Low,Medium-Low,High,Medium-High,Low,Low
PR00709,2025-02-04,Plant A,P003,Electric Motor,Motors,C,460,415,398,17,4.11,52,84.98,760,315400,2025,2025-02,Tuesday,Low,Low,Low,Medium-Low,High,High,Low,Medium-Low
PR00710,2025-09-10,Plant C,P002,Hydraulic Valve,Valves,A,583,563,561,2,0.37,62,88.46,185,104155,2025,2025-09,Wednesday,Medium-Low,Medium-Low,Medium-Low,Low,Low,High,Medium-Low,Low
PR00711,2025-03-23,Plant D,P004,Gear Assembly,Assemblies,A,405,389,382,7,1.97,16,88.56,540,210060,2025,2025-03,Sunday,Low,Low,Low,Low,Medium-Low,Low,Medium-Low,Medium-Low
PR00712,2025-09-13,Plant C,P003,Electric Motor,Motors,A,527,527,514,13,2.49,27,89.2,760,400520,2025,2025-09,Saturday,Low,Low,Low,Medium-Low,Medium-Low,Medium-Low,Medium-Low,Medium-High
PR00713,2025-07-16,Plant D,P004,Gear Assembly,Assemblies,C,617,545,523,22,4.11,77,75.86,540,294300,2025,2025-07,Wednesday,Medium-Low,Medium-Low,Low,Medium-High,High,High,Low,Medium-Low
PR00714,2025-10-30,Plant D,P005,Control Panel,Electrical,A,1101,1061,1050,11,1.07,26,94.09,680,721480,2025,2025-10,Thursday,Medium-High,High,High,Low,Low,Medium-Low,High,High
PR00715,2025-01-10,Plant A,P003,Electric Motor,Motors,C,1173,1175,1158,17,1.48,19,94.66,760,893000,2025,2025-01,Friday,High,High,High,Medium-Low,Low,Medium-Low,High,High
PR00716,2025-11-08,Plant A,P001,Industrial Pump,Pumps,B,771,751,746,5,0.71,44,90.85,420,315420,2025,2025-11,Saturday,Medium-Low,Medium-Low,Medium-Low,Low,Low,Medium-High,Medium-High,Medium-Low
PR00717,2025-10-13,Plant C,P004,Gear Assembly,Assemblies,A,1379,1365,1342,23,1.73,48,87.19,540,737100,2025,2025-10,Monday,High,High,High,Medium-High,Low,Medium-High,Medium-Low,High
PR00718,2025-08-30,Plant B,P005,Control Panel,Electrical,C,924,883,873,10,1.17,26,92.64,680,600440,2025,2025-08,Saturday,Medium-High,Medium-High,Medium-High,Low,Low,Medium-Low,Medium-High,High
PR00719,2025-09-08,Plant D,P001,Industrial Pump,Pumps,A,312,305,291,14,4.88,21,88.42,420,128100,2025,2025-09,Monday,Low,Low,Low,Medium-Low,High,Medium-Low,Medium-Low,Low
PR00720,2025-12-31,Plant D,P001,Industrial Pump,Pumps,A,1341,1229,1205,24,1.96,11,94.06,420,516180,2025,2025-12,Wednesday,High,High,High,Medium-High,Medium-Low,Low,High,Medium-High
PR00721,2025-01-05,Plant B,P001,Industrial Pump,Pumps,C,993,888,856,32,3.7,22,91.6,420,372960,2025,2025-01,Sunday,Medium-High,Medium-High,Medium-High,High,High,Medium-Low,Medium-High,Medium-High
PR00722,2025-04-29,Plant A,P001,Industrial Pump,Pumps,B,1272,1284,1248,36,2.82,8,92.03,420,539280,2025,2025-04,Tuesday,High,High,High,High,Medium-High,Low,Medium-High,High
PR00723,2025-10-16,Plant C,P003,Electric Motor,Motors,B,412,383,373,10,2.81,63,81.62,760,291080,2025,2025-10,Thursday,Low,Low,Low,Low,Medium-High,High,Low,Medium-Low
PR00724,2025-03-06,Plant A,P006,Bearing Unit,Components,A,528,531,521,10,2.03,7,95.8,125,66375,2025,2025-03,Thursday,Low,Low,Low,Low,Medium-Low,Low,High,Low
PR00725,2025-05-26,Plant D,P003,Electric Motor,Motors,B,470,448,431,17,3.8,17,90.16,760,340480,2025,2025-05,Monday,Low,Low,Low,Medium-Low,High,Medium-Low,Medium-High,Medium-High
PR00726,2025-08-12,Plant B,P003,Electric Motor,Motors,C,594,562,546,16,3.0,34,86.48,760,427120,2025,2025-08,Tuesday,Medium-Low,Medium-Low,Medium-Low,Medium-Low,Medium-High,Medium-High,Medium-Low,Medium-High
PR00727,2025-08-27,Plant C,P005,Control Panel,Electrical,A,488,442,430,12,2.93,31,90.47,680,300560,2025,2025-08,Wednesday,Low,Low,Low,Medium-Low,Medium-High,Medium-High,Medium-High,Medium-Low
PR00728,2025-06-26,Plant A,P005,Control Panel,Electrical,A,725,702,688,14,2.03,14,93.01,680,477360,2025,2025-06,Thursday,Medium-Low,Medium-Low,Medium-Low,Medium-Low,Medium-Low,Low,High,Medium-High
PR00729,2025-09-24,Plant C,P006,Bearing Unit,Components,A,1276,1274,1246,28,2.24,37,87.55,125,159250,2025,2025-09,Wednesday,High,High,High,Medium-High,Medium-Low,Medium-High,Medium-Low,Medium-Low
PR00730,2025-12-07,Plant B,P005,Control Panel,Electrical,A,957,919,887,32,3.57,9,92.5,680,624920,2025,2025-12,Sunday,Medium-High,Medium-High,Medium-High,High,Medium-High,Low,Medium-High,High
PR00731,2025-10-09,Plant C,P002,Hydraulic Valve,Valves,C,1218,1180,1144,36,3.1,35,86.56,185,218300,2025,2025-10,Thursday,High,High,High,High,Medium-High,Medium-High,Medium-Low,Medium-Low
PR00732,2025-03-04,Plant A,P006,Bearing Unit,Components,B,798,783,760,23,2.96,16,92.29,125,97875,2025,2025-03,Tuesday,Medium-Low,Medium-Low,Medium-Low,Medium-High,Medium-High,Low,Medium-High,Low
PR00733,2025-08-05,Plant C,P005,Control Panel,Electrical,C,1061,999,981,18,1.82,8,94.95,680,679320,2025,2025-08,Tuesday,Medium-High,Medium-High,Medium-High,Medium-Low,Low,Low,High,High
PR00734,2025-12-08,Plant D,P006,Bearing Unit,Components,A,1165,1118,1059,59,5.33,23,86.38,125,139750,2025,2025-12,Monday,High,High,High,High,High,Medium-Low,Medium-Low,Low
PR00735,2025-11-11,Plant A,P003,Electric Motor,Motors,B,1125,1048,1026,22,2.18,55,84.72,760,796480,2025,2025-11,Tuesday,High,Medium-High,Medium-High,Medium-High,Medium-Low,High,Low,High
PR00736,2025-10-10,Plant A,P003,Electric Motor,Motors,A,370,352,343,9,2.76,15,94.85,760,267520,2025,2025-10,Friday,Low,Low,Low,Low,Medium-Low,Low,High,Medium-Low
PR00737,2025-06-26,Plant A,P006,Bearing Unit,Components,A,547,553,539,14,2.56,48,87.3,125,69125,2025,2025-06,Thursday,Low,Medium-Low,Medium-Low,Medium-Low,Medium-Low,Medium-High,Medium-Low,Low
PR00738,2025-04-08,Plant C,P002,Hydraulic Valve,Valves,A,445,422,400,22,5.34,28,82.97,185,78070,2025,2025-04,Tuesday,Low,Low,Low,Medium-High,High,Medium-Low,Low,Low
PR00739,2025-04-15,Plant C,P002,Hydraulic Valve,Valves,A,881,833,813,20,2.42,12,95.74,185,154105,2025,2025-04,Tuesday,Medium-High,Medium-High,Medium-High,Medium-High,Medium-Low,Low,High,Low
PR00740,2025-04-09,Plant B,P006,Bearing Unit,Components,B,769,742,725,17,2.3,21,93.38,125,92750,2025,2025-04,Wednesday,Medium-Low,Medium-Low,Medium-Low,Medium-Low,Medium-Low,Medium-Low,High,Low
PR00741,2025-11-07,Plant A,P005,Control Panel,Electrical,C,492,469,456,13,2.95,26,91.29,680,318920,2025,2025-11,Friday,Low,Low,Low,Medium-Low,Medium-High,Medium-Low,Medium-High,Medium-High
PR00742,2025-01-06,Plant B,P004,Gear Assembly,Assemblies,B,1391,1438,1411,27,1.9,7,97.53,540,776520,2025,2025-01,Monday,High,High,High,Medium-High,Medium-Low,Low,High,High
PR00743,2025-07-16,Plant C,P002,Hydraulic Valve,Valves,A,793,759,737,22,2.95,21,91.41,185,140415,2025,2025-07,Wednesday,Medium-Low,Medium-Low,Medium-Low,Medium-High,Medium-High,Medium-Low,Medium-High,Low
PR00744,2025-12-17,Plant B,P001,Industrial Pump,Pumps,A,351,353,333,20,5.88,8,90.82,420,148260,2025,2025-12,Wednesday,Low,Low,Low,Medium-High,High,Low,Medium-High,Low
PR00745,2025-05-13,Plant D,P003,Electric Motor,Motors,A,1181,1053,1020,33,3.19,52,83.89,760,800280,2025,2025-05,Tuesday,High,Medium-High,Medium-High,High,Medium-High,High,Low,High
PR00746,2025-12-24,Plant A,P006,Bearing Unit,Components,B,662,623,604,19,3.14,40,88.99,125,77875,2025,2025-12,Wednesday,Medium-Low,Medium-Low,Medium-Low,Medium-Low,Medium-High,Medium-High,Medium-Low,Low
PR00747,2025-09-16,Plant C,P001,Industrial Pump,Pumps,B,1216,1131,1110,21,1.87,39,89.83,420,475020,2025,2025-09,Tuesday,High,High,High,Medium-High,Low,Medium-High,Medium-High,Medium-High
PR00748,2025-01-23,Plant B,P006,Bearing Unit,Components,C,773,713,678,35,5.02,16,86.52,125,89125,2025,2025-01,Thursday,Medium-Low,Medium-Low,Medium-Low,High,High,Low,Medium-Low,Low
PR00749,2025-02-22,Plant B,P003,Electric Motor,Motors,A,820,757,717,40,5.32,12,91.69,760,575320,2025,2025-02,Saturday,Medium-Low,Medium-Low,Medium-Low,High,High,Low,Medium-High,High
PR00750,2025-06-14,Plant C,P003,Electric Motor,Motors,B,990,905,870,35,3.91,35,86.88,760,687800,2025,2025-06,Saturday,Medium-High,Medium-High,Medium-High,High,High,Medium-High,Medium-Low,High
PR00751,2025-07-21,Plant C,P002,Hydraulic Valve,Valves,B,831,820,791,29,3.65,51,83.79,185,151700,2025,2025-07,Monday,Medium-Low,Medium-High,Medium-High,Medium-High,Medium-High,High,Low,Low
PR00752,2025-03-24,Plant D,P002,Hydraulic Valve,Valves,B,1139,1085,1058,27,2.49,104,74.58,185,200725,2025,2025-03,Monday,High,High,High,Medium-High,Medium-Low,High,Low,Medium-Low
PR00753,2025-05-25,Plant A,P001,Industrial Pump,Pumps,B,1388,1301,1258,43,3.31,65,81.3,420,546420,2025,2025-05,Sunday,High,High,High,High,Medium-High,High,Low,High
PR00754,2025-03-26,Plant A,P006,Bearing Unit,Components,B,540,496,488,8,1.71,73,83.29,125,62000,2025,2025-03,Wednesday,Low,Low,Low,Low,Low,High,Low,Low
PR00755,2025-03-19,Plant C,P003,Electric Motor,Motors,B,835,771,761,10,1.34,60,84.01,760,585960,2025,2025-03,Wednesday,Medium-Low,Medium-Low,Medium-Low,Low,Low,High,Low,High
PR00756,2025-01-01,Plant B,P001,Industrial Pump,Pumps,A,382,381,378,3,0.87,26,90.36,420,160020,2025,2025-01,Wednesday,Low,Low,Low,Low,Low,Medium-Low,Medium-High,Medium-Low
PR00757,2025-02-20,Plant A,P004,Gear Assembly,Assemblies,C,1281,1239,1198,41,3.33,14,90.08,540,669060,2025,2025-02,Thursday,High,High,High,High,Medium-High,Low,Medium-High,High
PR00758,2025-06-22,Plant A,P001,Industrial Pump,Pumps,A,1250,1228,1216,12,1.01,3,98.0,420,515760,2025,2025-06,Sunday,High,High,High,Medium-Low,Low,Low,High,Medium-High
PR00759,2025-07-24,Plant A,P005,Control Panel,Electrical,B,910,892,873,19,2.15,24,91.65,680,606560,2025,2025-07,Thursday,Medium-High,Medium-High,Medium-High,Medium-Low,Medium-Low,Medium-Low,Medium-High,High
PR00760,2025-09-17,Plant D,P001,Industrial Pump,Pumps,B,873,841,819,22,2.72,58,86.55,420,353220,2025,2025-09,Wednesday,Medium-High,Medium-High,Medium-High,Medium-High,Medium-Low,High,Medium-Low,Medium-High
PR00761,2025-10-15,Plant A,P005,Control Panel,Electrical,B,585,551,529,22,4.09,18,90.14,680,374680,2025,2025-10,Wednesday,Medium-Low,Medium-Low,Medium-Low,Medium-High,High,Medium-Low,Medium-High,Medium-High
PR00762,2025-02-03,Plant B,P005,Control Panel,Electrical,C,1288,1200,1176,24,2.05,32,92.21,680,816000,2025,2025-02,Monday,High,High,High,Medium-High,Medium-Low,Medium-High,Medium-High,High
PR00763,2025-12-14,Plant A,P005,Control Panel,Electrical,C,758,683,654,29,4.25,18,88.64,680,464440,2025,2025-12,Sunday,Medium-Low,Medium-Low,Medium-Low,Medium-High,High,Medium-Low,Medium-Low,Medium-High
PR00764,2025-04-05,Plant B,P004,Gear Assembly,Assemblies,C,425,400,384,16,4.02,40,85.1,540,216000,2025,2025-04,Saturday,Low,Low,Low,Medium-Low,High,Medium-High,Low,Medium-Low
PR00765,2025-03-13,Plant A,P001,Industrial Pump,Pumps,B,724,756,746,10,1.41,23,93.3,420,317520,2025,2025-03,Thursday,Medium-Low,Medium-Low,Medium-Low,Low,Low,Medium-Low,High,Medium-Low
PR00766,2025-02-08,Plant B,P001,Industrial Pump,Pumps,B,853,784,751,33,4.26,1,93.12,420,329280,2025,2025-02,Saturday,Medium-High,Medium-Low,Medium-Low,High,High,Low,High,Medium-High
PR00767,2025-06-03,Plant A,P004,Gear Assembly,Assemblies,B,909,916,894,22,2.43,8,94.27,540,494640,2025,2025-06,Tuesday,Medium-High,Medium-High,Medium-High,Medium-High,Medium-Low,Low,High,Medium-High
PR00768,2025-09-07,Plant D,P003,Electric Motor,Motors,C,411,380,372,8,2.15,46,85.83,760,288800,2025,2025-09,Sunday,Low,Low,Low,Low,Medium-Low,Medium-High,Medium-Low,Medium-Low
PR00769,2025-06-11,Plant A,P002,Hydraulic Valve,Valves,B,701,671,655,16,2.44,2,92.77,185,124135,2025,2025-06,Wednesday,Medium-Low,Medium-Low,Medium-Low,Medium-Low,Medium-Low,Low,Medium-High,Low
PR00770,2025-04-28,Plant B,P001,Industrial Pump,Pumps,C,421,413,402,11,2.8,30,91.06,420,173460,2025,2025-04,Monday,Low,Low,Low,Low,Medium-High,Medium-High,Medium-High,Medium-Low
PR00771,2025-09-16,Plant D,P002,Hydraulic Valve,Valves,C,572,537,525,12,2.26,46,88.45,185,99345,2025,2025-09,Tuesday,Medium-Low,Low,Medium-Low,Medium-Low,Medium-Low,Medium-High,Medium-Low,Low
PR00772,2025-11-02,Plant C,P006,Bearing Unit,Components,B,697,687,676,11,1.71,8,94.61,125,85875,2025,2025-11,Sunday,Medium-Low,Medium-Low,Medium-Low,Low,Low,Low,High,Low
PR00773,2025-09-25,Plant B,P006,Bearing Unit,Components,A,770,732,719,13,1.82,58,86.43,125,91500,2025,2025-09,Thursday,Medium-Low,Medium-Low,Medium-Low,Medium-Low,Low,High,Medium-Low,Low
PR00774,2025-02-23,Plant B,P004,Gear Assembly,Assemblies,A,1284,1154,1120,34,2.98,76,80.0,540,623160,2025,2025-02,Sunday,High,High,High,High,Medium-High,High,Low,High
PR00775,2025-08-24,Plant B,P006,Bearing Unit,Components,C,868,866,844,22,2.59,9,96.53,125,108250,2025,2025-08,Sunday,Medium-High,Medium-High,Medium-High,Medium-High,Medium-Low,Low,High,Low
PR00776,2025-08-10,Plant C,P006,Bearing Unit,Components,A,1196,1138,1099,39,3.49,17,88.74,125,142250,2025,2025-08,Sunday,High,High,High,High,Medium-High,Medium-Low,Medium-Low,Low
PR00777,2025-09-08,Plant D,P003,Electric Motor,Motors,C,1119,1011,982,29,2.87,33,88.84,760,768360,2025,2025-09,Monday,High,Medium-High,Medium-High,Medium-High,Medium-High,Medium-High,Medium-Low,High
PR00778,2025-11-09,Plant C,P003,Electric Motor,Motors,B,1152,1023,994,29,2.9,83,78.64,760,777480,2025,2025-11,Sunday,High,Medium-High,Medium-High,Medium-High,Medium-High,High,Low,High
PR00779,2025-04-22,Plant B,P003,Electric Motor,Motors,B,1009,854,824,30,3.57,21,90.77,760,649040,2025,2025-04,Tuesday,Medium-High,Medium-High,Medium-High,High,Medium-High,Medium-Low,Medium-High,High
PR00780,2025-09-12,Plant C,P006,Bearing Unit,Components,C,620,572,546,26,4.64,50,86.11,125,71500,2025,2025-09,Friday,Medium-Low,Medium-Low,Medium-Low,Medium-High,High,High,Medium-Low,Low
PR00781,2025-10-30,Plant B,P004,Gear Assembly,Assemblies,B,478,466,445,21,4.7,31,86.5,540,251640,2025,2025-10,Thursday,Low,Low,Low,Medium-High,High,Medium-High,Medium-Low,Medium-Low
PR00782,2025-07-26,Plant A,P005,Control Panel,Electrical,B,1196,1087,1038,49,4.54,17,91.28,680,739160,2025,2025-07,Saturday,High,High,High,High,High,Medium-Low,Medium-High,High
PR00783,2025-08-17,Plant B,P005,Control Panel,Electrical,B,518,506,487,19,3.93,4,93.01,680,344080,2025,2025-08,Sunday,Low,Low,Low,Medium-Low,High,Low,High,Medium-High
PR00784,2025-12-07,Plant D,P002,Hydraulic Valve,Valves,A,1088,1033,977,56,5.51,15,90.88,185,191105,2025,2025-12,Sunday,Medium-High,Medium-High,Medium-High,High,High,Low,Medium-High,Medium-Low
PR00785,2025-03-07,Plant A,P005,Control Panel,Electrical,C,791,736,712,24,3.37,15,93.45,680,500480,2025,2025-03,Friday,Medium-Low,Medium-Low,Medium-Low,Medium-High,Medium-High,Low,High,Medium-High
PR00786,2025-03-16,Plant C,P005,Control Panel,Electrical,A,360,344,333,11,3.22,94,75.7,680,233920,2025,2025-03,Sunday,Low,Low,Low,Low,Medium-High,High,Low,Medium-Low
PR00787,2025-04-13,Plant A,P003,Electric Motor,Motors,C,1377,1239,1169,70,5.72,54,79.81,760,941640,2025,2025-04,Sunday,High,High,High,High,High,High,Low,High
PR00788,2025-07-11,Plant B,P003,Electric Motor,Motors,C,837,881,880,1,0.2,21,96.47,760,669560,2025,2025-07,Friday,Medium-Low,Medium-High,Medium-High,Low,Low,Medium-Low,High,High
PR00789,2025-09-09,Plant A,P006,Bearing Unit,Components,A,1147,1031,1006,25,2.52,32,88.51,125,128875,2025,2025-09,Tuesday,High,Medium-High,Medium-High,Medium-High,Medium-Low,Medium-High,Medium-Low,Low
PR00790,2025-08-14,Plant B,P002,Hydraulic Valve,Valves,B,1287,1205,1152,53,4.43,16,90.54,185,222925,2025,2025-08,Thursday,High,High,High,High,High,Low,Medium-High,Medium-Low
PR00791,2025-10-21,Plant C,P001,Industrial Pump,Pumps,B,364,331,318,13,4.07,68,79.58,420,139020,2025,2025-10,Tuesday,Low,Low,Low,Medium-Low,High,High,Low,Low
PR00792,2025-11-02,Plant B,P002,Hydraulic Valve,Valves,A,885,820,770,50,6.14,16,88.33,185,151700,2025,2025-11,Sunday,Medium-High,Medium-High,Medium-Low,High,High,Low,Medium-Low,Low
PR00793,2025-04-08,Plant C,P002,Hydraulic Valve,Valves,C,470,462,449,13,2.94,15,92.27,185,85470,2025,2025-04,Tuesday,Low,Low,Low,Medium-Low,Medium-High,Low,Medium-High,Low
PR00794,2025-12-04,Plant C,P004,Gear Assembly,Assemblies,A,834,894,874,20,2.24,30,89.25,540,482760,2025,2025-12,Thursday,Medium-Low,Medium-High,Medium-High,Medium-High,Medium-Low,Medium-High,Medium-Low,Medium-High
PR00795,2025-10-13,Plant D,P006,Bearing Unit,Components,A,992,979,956,23,2.37,7,97.26,125,122375,2025,2025-10,Monday,Medium-High,Medium-High,Medium-High,Medium-High,Medium-Low,Low,High,Low
PR00796,2025-12-01,Plant A,P004,Gear Assembly,Assemblies,B,407,387,375,12,3.21,25,90.66,540,208980,2025,2025-12,Monday,Low,Low,Low,Medium-Low,Medium-High,Medium-Low,Medium-High,Medium-Low
PR00797,2025-12-13,Plant B,P002,Hydraulic Valve,Valves,B,1113,1006,957,49,4.91,17,89.13,185,186110,2025,2025-12,Saturday,Medium-High,Medium-High,Medium-High,High,High,Medium-Low,Medium-Low,Medium-Low
PR00798,2025-11-04,Plant A,P002,Hydraulic Valve,Valves,B,1304,1125,1070,55,4.92,42,85.06,185,208125,2025,2025-11,Tuesday,High,High,High,High,High,Medium-High,Low,Medium-Low
PR00799,2025-09-06,Plant D,P002,Hydraulic Valve,Valves,B,751,724,705,19,2.73,71,78.36,185,133940,2025,2025-09,Saturday,Medium-Low,Medium-Low,Medium-Low,Medium-Low,Medium-Low,High,Low,Low
PR00800,2025-06-15,Plant D,P005,Control Panel,Electrical,B,889,828,803,25,3.13,29,93.69,680,563040,2025,2025-06,Sunday,Medium-High,Medium-High,Medium-High,Medium-High,Medium-High,Medium-Low,High,High
PR00801,2025-12-01,Plant B,P004,Gear Assembly,Assemblies,B,1339,1401,1373,28,2.0,32,90.65,540,756540,2025,2025-12,Monday,High,High,High,Medium-High,Medium-Low,Medium-High,Medium-High,High
PR00802,2025-01-30,Plant D,P002,Hydraulic Valve,Valves,A,626,611,598,13,2.14,47,83.46,185,113035,2025,2025-01,Thursday,Medium-Low,Medium-Low,Medium-Low,Medium-Low,Medium-Low,Medium-High,Low,Low
PR00803,2025-09-04,Plant B,P003,Electric Motor,Motors,A,907,876,840,36,4.16,5,95.15,760,665760,2025,2025-09,Thursday,Medium-High,Medium-High,Medium-High,High,High,Low,High,High
PR00804,2025-04-16,Plant C,P006,Bearing Unit,Components,A,958,912,868,44,4.88,19,87.38,125,114000,2025,2025-04,Wednesday,Medium-High,Medium-High,Medium-High,High,High,Medium-Low,Medium-Low,Low
PR00805,2025-02-20,Plant A,P006,Bearing Unit,Components,A,301,289,284,5,1.89,50,89.25,125,36125,2025,2025-02,Thursday,Low,Low,Low,Low,Low,High,Medium-Low,Low
PR00806,2025-03-22,Plant C,P003,Electric Motor,Motors,B,1333,1206,1169,37,3.12,64,82.76,760,916560,2025,2025-03,Saturday,High,High,High,High,Medium-High,High,Low,High
PR00807,2025-05-13,Plant A,P006,Bearing Unit,Components,A,733,649,633,16,2.48,47,83.74,125,81125,2025,2025-05,Tuesday,Medium-Low,Medium-Low,Medium-Low,Medium-Low,Medium-Low,Medium-High,Low,Low
PR00808,2025-10-12,Plant D,P005,Control Panel,Electrical,A,424,379,365,14,3.92,77,79.24,680,257720,2025,2025-10,Sunday,Low,Low,Low,Medium-Low,High,High,Low,Medium-Low
PR00809,2025-05-18,Plant C,P005,Control Panel,Electrical,A,784,757,740,17,2.29,15,93.94,680,514760,2025,2025-05,Sunday,Medium-Low,Medium-Low,Medium-Low,Medium-Low,Medium-Low,Low,High,Medium-High
PR00810,2025-07-03,Plant C,P001,Industrial Pump,Pumps,C,951,888,886,2,0.3,61,89.65,420,372960,2025,2025-07,Thursday,Medium-High,Medium-High,Medium-High,Low,Low,High,Medium-Low,Medium-High
PR00811,2025-11-26,Plant A,P001,Industrial Pump,Pumps,C,1099,987,947,40,4.1,29,89.09,420,414540,2025,2025-11,Wednesday,Medium-High,Medium-High,Medium-High,High,High,Medium-Low,Medium-Low,Medium-High
PR00812,2025-09-30,Plant B,P001,Industrial Pump,Pumps,B,1172,1110,1084,26,2.41,4,93.11,420,466200,2025,2025-09,Tuesday,High,High,High,Medium-High,Medium-Low,Low,High,Medium-High
PR00813,2025-12-06,Plant A,P006,Bearing Unit,Components,C,428,420,410,10,2.54,40,90.19,125,52500,2025,2025-12,Saturday,Low,Low,Low,Low,Medium-Low,Medium-High,Medium-High,Low
PR00814,2025-03-10,Plant B,P005,Control Panel,Electrical,C,737,719,695,24,3.37,24,89.32,680,488920,2025,2025-03,Monday,Medium-Low,Medium-Low,Medium-Low,Medium-High,Medium-High,Medium-Low,Medium-Low,Medium-High
PR00815,2025-02-03,Plant A,P005,Control Panel,Electrical,B,1050,950,920,30,3.26,105,77.55,680,646000,2025,2025-02,Monday,Medium-High,Medium-High,Medium-High,High,Medium-High,High,Low,High
PR00816,2025-09-19,Plant D,P005,Control Panel,Electrical,A,800,770,744,26,3.39,35,87.21,680,523600,2025,2025-09,Friday,Medium-Low,Medium-Low,Medium-Low,Medium-High,Medium-High,Medium-High,Medium-Low,Medium-High
PR00817,2025-02-22,Plant B,P003,Electric Motor,Motors,B,1381,1298,1290,8,0.68,21,94.36,760,986480,2025,2025-02,Saturday,High,High,High,Low,Low,Medium-Low,High,High
PR00818,2025-07-24,Plant B,P005,Control Panel,Electrical,B,510,468,452,16,3.52,32,86.68,680,318240,2025,2025-07,Thursday,Low,Low,Low,Medium-Low,Medium-High,Medium-High,Medium-Low,Medium-Low
PR00819,2025-05-06,Plant B,P003,Electric Motor,Motors,B,1201,1194,1191,3,0.32,20,94.52,760,907440,2025,2025-05,Tuesday,High,High,High,Low,Low,Medium-Low,High,High
PR00820,2025-08-23,Plant B,P001,Industrial Pump,Pumps,B,344,317,305,12,3.8,10,90.77,420,133140,2025,2025-08,Saturday,Low,Low,Low,Medium-Low,High,Low,Medium-High,Low
PR00821,2025-02-12,Plant C,P001,Industrial Pump,Pumps,B,834,785,752,33,4.25,30,89.98,420,329700,2025,2025-02,Wednesday,Medium-Low,Medium-Low,Medium-Low,High,High,Medium-High,Medium-High,Medium-High
PR00822,2025-08-28,Plant B,P006,Bearing Unit,Components,B,760,712,705,7,1.02,14,93.01,125,89000,2025,2025-08,Thursday,Medium-Low,Medium-Low,Medium-Low,Low,Low,Low,High,Low
PR00823,2025-04-21,Plant D,P001,Industrial Pump,Pumps,C,690,606,587,19,3.23,54,85.96,420,254520,2025,2025-04,Monday,Medium-Low,Medium-Low,Medium-Low,Medium-Low,Medium-High,High,Medium-Low,Medium-Low
PR00824,2025-09-06,Plant B,P006,Bearing Unit,Components,A,1367,1248,1196,52,4.17,106,74.2,125,156000,2025,2025-09,Saturday,High,High,High,High,High,High,Low,Medium-Low
PR00825,2025-05-31,Plant D,P002,Hydraulic Valve,Valves,B,326,325,318,7,2.22,21,95.23,185,60125,2025,2025-05,Saturday,Low,Low,Low,Low,Medium-Low,Medium-Low,High,Low
PR00826,2025-07-02,Plant D,P002,Hydraulic Valve,Valves,B,1093,974,939,35,3.68,80,78.57,185,180190,2025,2025-07,Wednesday,Medium-High,Medium-High,Medium-High,High,Medium-High,High,Low,Medium-Low
PR00827,2025-12-02,Plant A,P004,Gear Assembly,Assemblies,B,1274,1198,1196,2,0.2,6,96.45,540,646920,2025,2025-12,Tuesday,High,High,High,Low,Low,Low,High,High
PR00828,2025-04-05,Plant D,P006,Bearing Unit,Components,B,847,720,690,30,4.23,57,81.91,125,90000,2025,2025-04,Saturday,Medium-High,Medium-Low,Medium-Low,High,High,High,Low,Low
PR00829,2025-01-08,Plant A,P004,Gear Assembly,Assemblies,A,920,929,903,26,2.84,35,89.93,540,501660,2025,2025-01,Wednesday,Medium-High,Medium-High,Medium-High,Medium-High,Medium-High,Medium-High,Medium-High,Medium-High
PR00830,2025-12-26,Plant D,P004,Gear Assembly,Assemblies,B,866,823,803,20,2.46,43,87.88,540,444420,2025,2025-12,Friday,Medium-High,Medium-High,Medium-High,Medium-High,Medium-Low,Medium-High,Medium-Low,Medium-High
PR00831,2025-07-03,Plant B,P002,Hydraulic Valve,Valves,A,1003,900,864,36,4.08,65,81.61,185,166500,2025,2025-07,Thursday,Medium-High,Medium-High,Medium-High,High,High,High,Low,Medium-Low
PR00832,2025-10-08,Plant D,P006,Bearing Unit,Components,B,484,442,420,22,5.05,38,87.56,125,55250,2025,2025-10,Wednesday,Low,Low,Low,Medium-High,High,Medium-High,Medium-Low,Low
PR00833,2025-07-14,Plant D,P002,Hydraulic Valve,Valves,B,1392,1248,1206,42,3.43,7,94.62,185,230880,2025,2025-07,Monday,High,High,High,High,Medium-High,Low,High,Medium-Low
PR00834,2025-12-18,Plant D,P004,Gear Assembly,Assemblies,B,1147,1078,1026,52,4.89,48,83.46,540,582120,2025,2025-12,Thursday,High,High,Medium-High,High,High,Medium-High,Low,High
PR00835,2025-07-14,Plant C,P006,Bearing Unit,Components,A,898,926,919,7,0.78,42,86.74,125,115750,2025,2025-07,Monday,Medium-High,Medium-High,Medium-High,Low,Low,Medium-High,Medium-Low,Low
PR00836,2025-06-04,Plant B,P004,Gear Assembly,Assemblies,B,1105,1019,982,37,3.67,23,88.33,540,550260,2025,2025-06,Wednesday,Medium-High,Medium-High,Medium-High,High,Medium-High,Medium-Low,Medium-Low,High
PR00837,2025-04-03,Plant A,P005,Control Panel,Electrical,A,378,391,381,10,2.63,26,90.05,680,265880,2025,2025-04,Thursday,Low,Low,Low,Low,Medium-Low,Medium-Low,Medium-High,Medium-Low
PR00838,2025-06-09,Plant B,P006,Bearing Unit,Components,C,878,829,815,14,1.78,51,83.18,125,103625,2025,2025-06,Monday,Medium-High,Medium-High,Medium-High,Medium-Low,Low,High,Low,Low
PR00839,2025-03-02,Plant A,P006,Bearing Unit,Components,C,712,734,732,2,0.29,34,90.55,125,91750,2025,2025-03,Sunday,Medium-Low,Medium-Low,Medium-Low,Low,Low,Medium-High,Medium-High,Low
PR00840,2025-05-02,Plant C,P004,Gear Assembly,Assemblies,C,845,811,782,29,3.6,21,89.86,540,437940,2025,2025-05,Friday,Medium-Low,Medium-High,Medium-High,Medium-High,Medium-High,Medium-Low,Medium-High,Medium-High
PR00841,2025-02-20,Plant B,P005,Control Panel,Electrical,C,468,444,427,17,3.94,32,87.48,680,301920,2025,2025-02,Thursday,Low,Low,Low,Medium-Low,High,Medium-High,Medium-Low,Medium-Low
PR00842,2025-10-04,Plant D,P003,Electric Motor,Motors,B,980,988,944,44,4.54,11,92.0,760,750880,2025,2025-10,Saturday,Medium-High,Medium-High,Medium-High,High,High,Low,Medium-High,High
PR00843,2025-01-05,Plant C,P002,Hydraulic Valve,Valves,A,882,858,821,37,4.33,15,90.09,185,158730,2025,2025-01,Sunday,Medium-High,Medium-High,Medium-High,High,High,Low,Medium-High,Medium-Low
PR00844,2025-04-02,Plant D,P004,Gear Assembly,Assemblies,A,814,794,780,14,1.8,29,92.0,540,428760,2025,2025-04,Wednesday,Medium-Low,Medium-Low,Medium-High,Medium-Low,Low,Medium-Low,Medium-High,Medium-High
PR00845,2025-06-19,Plant A,P006,Bearing Unit,Components,B,331,289,277,12,4.48,28,86.84,125,36125,2025,2025-06,Thursday,Low,Low,Low,Medium-Low,High,Medium-Low,Medium-Low,Low
PR00846,2025-11-13,Plant D,P002,Hydraulic Valve,Valves,B,586,517,494,23,4.62,34,86.35,185,95645,2025,2025-11,Thursday,Medium-Low,Low,Low,Medium-High,High,Medium-High,Medium-Low,Low
PR00847,2025-01-22,Plant D,P002,Hydraulic Valve,Valves,C,893,868,847,21,2.46,28,91.61,185,160580,2025,2025-01,Wednesday,Medium-High,Medium-High,Medium-High,Medium-High,Medium-Low,Medium-Low,Medium-High,Medium-Low
PR00848,2025-11-22,Plant B,P002,Hydraulic Valve,Valves,A,1366,1387,1348,39,2.84,9,96.89,185,256595,2025,2025-11,Saturday,High,High,High,High,Medium-High,Low,High,Medium-Low
PR00849,2025-01-01,Plant C,P003,Electric Motor,Motors,C,916,857,844,13,1.59,79,80.79,760,651320,2025,2025-01,Wednesday,Medium-High,Medium-High,Medium-High,Medium-Low,Low,High,Low,High
PR00850,2025-05-13,Plant C,P001,Industrial Pump,Pumps,B,1324,1183,1128,55,4.73,63,80.59,420,496860,2025,2025-05,Tuesday,High,High,High,High,High,High,Low,Medium-High
PR00851,2025-08-21,Plant A,P004,Gear Assembly,Assemblies,B,569,514,510,4,0.83,38,92.89,540,277560,2025,2025-08,Thursday,Low,Low,Low,Low,Low,Medium-High,High,Medium-Low
PR00852,2025-01-12,Plant B,P001,Industrial Pump,Pumps,A,817,756,730,26,3.5,20,87.87,420,317520,2025,2025-01,Sunday,Medium-Low,Medium-Low,Medium-Low,Medium-High,Medium-High,Medium-Low,Medium-Low,Medium-Low
PR00853,2025-12-12,Plant B,P001,Industrial Pump,Pumps,A,1333,1261,1236,25,2.02,58,89.37,420,529620,2025,2025-12,Friday,High,High,High,Medium-High,Medium-Low,High,Medium-Low,High
PR00854,2025-02-15,Plant A,P001,Industrial Pump,Pumps,B,882,814,803,11,1.36,53,89.72,420,341880,2025,2025-02,Saturday,Medium-High,Medium-High,Medium-High,Low,Low,High,Medium-High,Medium-High
PR00855,2025-02-03,Plant B,P002,Hydraulic Valve,Valves,B,525,481,480,1,0.36,72,81.64,185,88985,2025,2025-02,Monday,Low,Low,Low,Low,Low,High,Low,Low
PR00856,2025-03-19,Plant A,P005,Control Panel,Electrical,A,969,914,891,23,2.52,45,87.96,680,621520,2025,2025-03,Wednesday,Medium-High,Medium-High,Medium-High,Medium-High,Medium-Low,Medium-High,Medium-Low,High
PR00857,2025-08-06,Plant A,P002,Hydraulic Valve,Valves,B,1216,1243,1229,14,1.16,23,92.53,185,229955,2025,2025-08,Wednesday,High,High,High,Medium-Low,Low,Medium-Low,Medium-High,Medium-Low
PR00858,2025-10-28,Plant A,P002,Hydraulic Valve,Valves,C,425,410,399,11,2.87,44,86.1,185,75850,2025,2025-10,Tuesday,Low,Low,Low,Low,Medium-High,Medium-High,Medium-Low,Low
PR00859,2025-03-14,Plant D,P006,Bearing Unit,Components,C,1255,1200,1139,61,5.1,3,92.45,125,150000,2025,2025-03,Friday,High,High,High,High,High,Low,Medium-High,Low
PR00860,2025-10-09,Plant B,P006,Bearing Unit,Components,C,373,358,348,10,3.06,21,93.31,125,44750,2025,2025-10,Thursday,Low,Low,Low,Low,Medium-High,Medium-Low,High,Low
PR00861,2025-09-06,Plant D,P001,Industrial Pump,Pumps,A,355,321,304,17,5.4,92,72.57,420,134820,2025,2025-09,Saturday,Low,Low,Low,Medium-Low,High,High,Low,Low
PR00862,2025-02-16,Plant B,P002,Hydraulic Valve,Valves,A,1019,993,978,15,1.52,9,95.02,185,183705,2025,2025-02,Sunday,Medium-High,Medium-High,Medium-High,Medium-Low,Low,Low,High,Medium-Low
PR00863,2025-05-01,Plant B,P001,Industrial Pump,Pumps,B,852,827,818,9,1.13,5,98.0,420,347340,2025,2025-05,Thursday,Medium-High,Medium-High,Medium-High,Low,Low,Low,High,Medium-High
PR00864,2025-08-02,Plant B,P006,Bearing Unit,Components,B,331,329,325,4,1.46,23,94.35,125,41125,2025,2025-08,Saturday,Low,Low,Low,Low,Low,Medium-Low,High,Low
PR00865,2025-08-27,Plant B,P005,Control Panel,Electrical,A,873,829,807,22,2.72,24,89.11,680,563720,2025,2025-08,Wednesday,Medium-High,Medium-High,Medium-High,Medium-High,Medium-Low,Medium-Low,Medium-Low,High
PR00866,2025-02-25,Plant A,P004,Gear Assembly,Assemblies,A,966,835,783,52,6.34,55,82.94,540,450900,2025,2025-02,Tuesday,Medium-High,Medium-High,Medium-High,High,High,High,Low,Medium-High
PR00867,2025-12-16,Plant C,P001,Industrial Pump,Pumps,B,583,593,590,3,0.64,36,90.55,420,249060,2025,2025-12,Tuesday,Medium-Low,Medium-Low,Medium-Low,Low,Low,Medium-High,Medium-High,Medium-Low
PR00868,2025-04-17,Plant A,P005,Control Panel,Electrical,A,486,429,414,15,3.61,29,90.71,680,291720,2025,2025-04,Thursday,Low,Low,Low,Medium-Low,Medium-High,Medium-Low,Medium-High,Medium-Low
PR00869,2025-11-15,Plant C,P004,Gear Assembly,Assemblies,A,797,820,805,15,1.89,6,96.87,540,442800,2025,2025-11,Saturday,Medium-Low,Medium-High,Medium-High,Medium-Low,Low,Low,High,Medium-High
PR00870,2025-02-17,Plant C,P003,Electric Motor,Motors,A,429,417,407,10,2.51,30,91.45,760,316920,2025,2025-02,Monday,Low,Low,Low,Low,Medium-Low,Medium-High,Medium-High,Medium-Low
PR00871,2025-03-02,Plant A,P001,Industrial Pump,Pumps,A,938,886,876,10,1.16,16,93.81,420,372120,2025,2025-03,Sunday,Medium-High,Medium-High,Medium-High,Low,Low,Low,High,Medium-High
PR00872,2025-12-03,Plant A,P001,Industrial Pump,Pumps,B,413,383,368,15,3.94,50,80.64,420,160860,2025,2025-12,Wednesday,Low,Low,Low,Medium-Low,High,High,Low,Medium-Low
PR00873,2025-01-26,Plant C,P003,Electric Motor,Motors,B,312,292,284,8,2.74,30,89.85,760,221920,2025,2025-01,Sunday,Low,Low,Low,Low,Medium-Low,Medium-High,Medium-High,Medium-Low
PR00874,2025-10-19,Plant B,P003,Electric Motor,Motors,B,743,731,701,30,4.21,1,93.45,760,555560,2025,2025-10,Sunday,Medium-Low,Medium-Low,Medium-Low,High,High,Low,High,High
PR00875,2025-09-14,Plant A,P001,Industrial Pump,Pumps,A,746,708,687,21,3.03,70,79.54,420,297360,2025,2025-09,Sunday,Medium-Low,Medium-Low,Medium-Low,Medium-High,Medium-High,High,Low,Medium-Low
PR00876,2025-01-08,Plant D,P003,Electric Motor,Motors,A,1285,1292,1289,3,0.29,11,98.0,760,981920,2025,2025-01,Wednesday,High,High,High,Low,Low,Low,High,High
PR00877,2025-04-23,Plant A,P002,Hydraulic Valve,Valves,B,1292,1242,1190,52,4.23,32,87.15,185,229770,2025,2025-04,Wednesday,High,High,High,High,High,Medium-High,Medium-Low,Medium-Low
PR00878,2025-12-21,Plant C,P004,Gear Assembly,Assemblies,B,1014,990,989,1,0.2,26,92.88,540,534600,2025,2025-12,Sunday,Medium-High,Medium-High,Medium-High,Low,Low,Medium-Low,Medium-High,High
PR00879,2025-09-10,Plant D,P004,Gear Assembly,Assemblies,B,373,383,382,1,0.37,43,92.02,540,206820,2025,2025-09,Wednesday,Low,Low,Low,Low,Low,Medium-High,Medium-High,Medium-Low
PR00880,2025-06-29,Plant A,P004,Gear Assembly,Assemblies,A,836,847,834,13,1.61,18,95.21,540,457380,2025,2025-06,Sunday,Medium-Low,Medium-High,Medium-High,Medium-Low,Low,Medium-Low,High,Medium-High
PR00881,2025-07-26,Plant A,P002,Hydraulic Valve,Valves,C,400,383,377,6,1.62,15,93.14,185,70855,2025,2025-07,Saturday,Low,Low,Low,Low,Low,Low,High,Low
PR00882,2025-10-30,Plant A,P003,Electric Motor,Motors,A,475,458,437,21,4.61,25,90.55,760,348080,2025,2025-10,Thursday,Low,Low,Low,Medium-High,High,Medium-Low,Medium-High,Medium-High
PR00883,2025-05-07,Plant B,P005,Control Panel,Electrical,B,726,688,671,17,2.58,76,85.42,680,467840,2025,2025-05,Wednesday,Medium-Low,Medium-Low,Medium-Low,Medium-Low,Medium-Low,High,Low,Medium-High
PR00884,2025-02-25,Plant A,P003,Electric Motor,Motors,B,340,319,305,14,4.42,10,89.19,760,242440,2025,2025-02,Tuesday,Low,Low,Low,Medium-Low,High,Low,Medium-Low,Medium-Low
PR00885,2025-08-02,Plant C,P001,Industrial Pump,Pumps,B,728,690,676,14,2.06,30,90.54,420,289800,2025,2025-08,Saturday,Medium-Low,Medium-Low,Medium-Low,Medium-Low,Medium-Low,Medium-High,Medium-High,Medium-Low
PR00886,2025-01-14,Plant A,P006,Bearing Unit,Components,A,643,632,612,20,3.21,37,88.46,125,79000,2025,2025-01,Tuesday,Medium-Low,Medium-Low,Medium-Low,Medium-High,Medium-High,Medium-High,Medium-Low,Low
PR00887,2025-01-28,Plant B,P004,Gear Assembly,Assemblies,B,665,627,606,21,3.42,33,92.83,540,338580,2025,2025-01,Tuesday,Medium-Low,Medium-Low,Medium-Low,Medium-High,Medium-High,Medium-High,Medium-High,Medium-High
PR00888,2025-03-19,Plant D,P003,Electric Motor,Motors,C,908,871,839,32,3.7,19,89.18,760,661960,2025,2025-03,Wednesday,Medium-High,Medium-High,Medium-High,High,High,Medium-Low,Medium-Low,High
PR00889,2025-08-04,Plant D,P005,Control Panel,Electrical,A,956,966,945,21,2.2,22,90.42,680,656880,2025,2025-08,Monday,Medium-High,Medium-High,Medium-High,Medium-High,Medium-Low,Medium-Low,Medium-High,High
PR00890,2025-12-31,Plant C,P001,Industrial Pump,Pumps,A,1027,1073,1049,24,2.31,26,89.44,420,450660,2025,2025-12,Wednesday,Medium-High,High,High,Medium-High,Medium-Low,Medium-Low,Medium-Low,Medium-High
PR00891,2025-06-03,Plant B,P002,Hydraulic Valve,Valves,A,528,495,484,11,2.41,29,93.03,185,91575,2025,2025-06,Tuesday,Low,Low,Low,Low,Medium-Low,Medium-Low,High,Low
PR00892,2025-01-14,Plant C,P002,Hydraulic Valve,Valves,C,1124,1105,1098,7,0.65,3,97.01,185,204425,2025,2025-01,Tuesday,High,High,High,Low,Low,Low,High,Medium-Low
PR00893,2025-07-06,Plant B,P005,Control Panel,Electrical,A,1188,1125,1095,30,2.69,44,85.46,680,765000,2025,2025-07,Sunday,High,High,High,High,Medium-Low,Medium-High,Low,High
PR00894,2025-11-08,Plant B,P001,Industrial Pump,Pumps,C,1283,1225,1197,28,2.3,39,89.21,420,514500,2025,2025-11,Saturday,High,High,High,Medium-High,Medium-Low,Medium-High,Medium-Low,Medium-High
PR00895,2025-01-07,Plant A,P004,Gear Assembly,Assemblies,B,1135,1069,1032,37,3.55,54,84.49,540,577260,2025,2025-01,Tuesday,High,High,High,High,Medium-High,High,Low,High
PR00896,2025-01-03,Plant D,P003,Electric Motor,Motors,C,416,395,384,11,2.92,4,96.96,760,300200,2025,2025-01,Friday,Low,Low,Low,Low,Medium-High,Low,High,Medium-Low
PR00897,2025-04-21,Plant B,P001,Industrial Pump,Pumps,C,1117,994,949,45,4.54,36,86.17,420,417480,2025,2025-04,Monday,Medium-High,Medium-High,Medium-High,High,High,Medium-High,Medium-Low,Medium-High
PR00898,2025-08-26,Plant A,P002,Hydraulic Valve,Valves,B,667,675,656,19,2.89,27,90.76,185,124875,2025,2025-08,Tuesday,Medium-Low,Medium-Low,Medium-Low,Medium-Low,Medium-High,Medium-Low,Medium-High,Low
PR00899,2025-12-29,Plant B,P005,Control Panel,Electrical,A,467,456,447,9,2.07,33,90.08,680,310080,2025,2025-12,Monday,Low,Low,Low,Low,Medium-Low,Medium-High,Medium-High,Medium-Low
PR00900,2025-08-27,Plant B,P005,Control Panel,Electrical,A,1253,1179,1146,33,2.88,25,88.07,680,801720,2025,2025-08,Wednesday,High,High,High,High,Medium-High,Medium-Low,Medium-Low,High
PR00901,2025-10-01,Plant D,P003,Electric Motor,Motors,A,960,913,879,34,3.74,39,86.19,760,693880,2025,2025-10,Wednesday,Medium-High,Medium-High,Medium-High,High,High,Medium-High,Medium-Low,High
PR00902,2025-10-21,Plant C,P005,Control Panel,Electrical,B,994,1040,1035,5,0.49,17,95.99,680,707200,2025,2025-10,Tuesday,Medium-High,Medium-High,High,Low,Low,Medium-Low,High,High
PR00903,2025-08-15,Plant C,P005,Control Panel,Electrical,A,1224,1143,1122,21,1.87,31,90.11,680,777240,2025,2025-08,Friday,High,High,High,Medium-High,Low,Medium-High,Medium-High,High
PR00904,2025-01-15,Plant A,P001,Industrial Pump,Pumps,A,451,444,436,8,1.9,5,93.02,420,186480,2025,2025-01,Wednesday,Low,Low,Low,Low,Medium-Low,Low,High,Medium-Low
PR00905,2025-07-11,Plant B,P004,Gear Assembly,Assemblies,B,885,801,775,26,3.33,22,88.34,540,432540,2025,2025-07,Friday,Medium-High,Medium-High,Medium-Low,Medium-High,Medium-High,Medium-Low,Medium-Low,Medium-High
PR00906,2025-04-29,Plant B,P003,Electric Motor,Motors,C,1212,1146,1107,39,3.49,23,90.09,760,870960,2025,2025-04,Tuesday,High,High,High,High,Medium-High,Medium-Low,Medium-High,High
PR00907,2025-01-28,Plant A,P001,Industrial Pump,Pumps,A,573,567,551,16,2.93,1,97.27,420,238140,2025,2025-01,Tuesday,Medium-Low,Medium-Low,Medium-Low,Medium-Low,Medium-High,Low,High,Medium-Low
PR00908,2025-07-21,Plant A,P004,Gear Assembly,Assemblies,A,795,746,745,1,0.2,32,96.66,540,402840,2025,2025-07,Monday,Medium-Low,Medium-Low,Medium-Low,Low,Low,Medium-High,High,Medium-High
PR00909,2025-02-08,Plant C,P001,Industrial Pump,Pumps,A,400,384,382,2,0.65,38,91.06,420,161280,2025,2025-02,Saturday,Low,Low,Low,Low,Low,Medium-High,Medium-High,Medium-Low
PR00910,2025-09-30,Plant A,P006,Bearing Unit,Components,C,856,845,824,21,2.49,22,90.43,125,105625,2025,2025-09,Tuesday,Medium-High,Medium-High,Medium-High,Medium-High,Medium-Low,Medium-Low,Medium-High,Low
PR00911,2025-08-19,Plant B,P001,Industrial Pump,Pumps,B,372,359,352,7,2.15,49,86.23,420,150780,2025,2025-08,Tuesday,Low,Low,Low,Low,Medium-Low,High,Medium-Low,Low
PR00912,2025-03-27,Plant A,P005,Control Panel,Electrical,A,1337,1187,1154,33,2.81,71,79.49,680,807160,2025,2025-03,Thursday,High,High,High,High,Medium-High,High,Low,High
PR00913,2025-05-06,Plant A,P004,Gear Assembly,Assemblies,A,456,421,412,9,2.19,101,78.09,540,227340,2025,2025-05,Tuesday,Low,Low,Low,Low,Medium-Low,High,Low,Medium-Low
PR00914,2025-10-27,Plant A,P003,Electric Motor,Motors,A,1034,997,950,47,4.79,9,95.29,760,757720,2025,2025-10,Monday,Medium-High,Medium-High,Medium-High,High,High,Low,High,High
PR00915,2025-01-25,Plant D,P003,Electric Motor,Motors,A,431,419,419,0,0.2,43,89.71,760,318440,2025,2025-01,Saturday,Low,Low,Low,Low,Low,Medium-High,Medium-Low,Medium-High
PR00916,2025-05-25,Plant D,P004,Gear Assembly,Assemblies,C,1318,1296,1255,41,3.19,32,86.43,540,699840,2025,2025-05,Sunday,High,High,High,High,Medium-High,Medium-High,Medium-Low,High
PR00917,2025-01-13,Plant D,P005,Control Panel,Electrical,C,858,792,762,30,3.88,28,90.59,680,538560,2025,2025-01,Monday,Medium-High,Medium-Low,Medium-Low,High,High,Medium-Low,Medium-High,High
PR00918,2025-07-31,Plant B,P002,Hydraulic Valve,Valves,B,406,394,380,14,3.71,9,93.27,185,72890,2025,2025-07,Thursday,Low,Low,Low,Medium-Low,High,Low,High,Low
PR00919,2025-01-25,Plant A,P001,Industrial Pump,Pumps,C,564,510,491,19,3.82,29,89.14,420,214200,2025,2025-01,Saturday,Low,Low,Low,Medium-Low,High,Medium-Low,Medium-Low,Medium-Low
PR00920,2025-03-09,Plant B,P005,Control Panel,Electrical,A,454,410,394,16,4.01,2,96.76,680,278800,2025,2025-03,Sunday,Low,Low,Low,Medium-Low,High,Low,High,Medium-Low
PR00921,2025-03-08,Plant B,P006,Bearing Unit,Components,B,1287,1274,1249,25,2.01,25,89.25,125,159250,2025,2025-03,Saturday,High,High,High,Medium-High,Medium-Low,Medium-Low,Medium-Low,Medium-Low
PR00922,2025-08-21,Plant D,P004,Gear Assembly,Assemblies,C,1296,1274,1257,17,1.37,5,94.16,540,687960,2025,2025-08,Thursday,High,High,High,Medium-Low,Low,Low,High,High
PR00923,2025-04-19,Plant A,P001,Industrial Pump,Pumps,A,546,529,528,1,0.2,19,95.58,420,222180,2025,2025-04,Saturday,Low,Low,Medium-Low,Low,Low,Medium-Low,High,Medium-Low
PR00924,2025-05-26,Plant B,P003,Electric Motor,Motors,B,830,750,733,17,2.33,58,85.03,760,570000,2025,2025-05,Monday,Medium-Low,Medium-Low,Medium-Low,Medium-Low,Medium-Low,High,Low,High
PR00925,2025-04-21,Plant A,P002,Hydraulic Valve,Valves,A,1157,1156,1136,20,1.79,16,93.41,185,213860,2025,2025-04,Monday,High,High,High,Medium-High,Low,Low,High,Medium-Low
PR00926,2025-08-16,Plant B,P006,Bearing Unit,Components,A,837,757,725,32,4.31,3,97.86,125,94625,2025,2025-08,Saturday,Medium-Low,Medium-Low,Medium-Low,High,High,Low,High,Low
PR00927,2025-04-21,Plant C,P003,Electric Motor,Motors,A,1028,1012,988,24,2.43,36,88.53,760,769120,2025,2025-04,Monday,Medium-High,Medium-High,Medium-High,Medium-High,Medium-Low,Medium-High,Medium-Low,High
PR00928,2025-02-03,Plant B,P004,Gear Assembly,Assemblies,B,453,448,442,6,1.46,16,93.51,540,241920,2025,2025-02,Monday,Low,Low,Low,Low,Low,Low,High,Medium-Low
PR00929,2025-04-21,Plant B,P001,Industrial Pump,Pumps,B,391,341,337,4,1.25,103,77.77,420,143220,2025,2025-04,Monday,Low,Low,Low,Low,Low,High,Low,Low
PR00930,2025-09-21,Plant B,P004,Gear Assembly,Assemblies,C,637,602,570,32,5.39,6,92.66,540,325080,2025,2025-09,Sunday,Medium-Low,Medium-Low,Medium-Low,High,High,Low,Medium-High,Medium-High
PR00931,2025-08-24,Plant B,P001,Industrial Pump,Pumps,B,749,713,694,19,2.77,155,63.39,420,299460,2025,2025-08,Sunday,Medium-Low,Medium-Low,Medium-Low,Medium-Low,Medium-Low,High,Low,Medium-Low
PR00932,2025-03-24,Plant C,P005,Control Panel,Electrical,C,1109,1120,1101,19,1.78,18,93.44,680,761600,2025,2025-03,Monday,Medium-High,High,High,Medium-Low,Low,Medium-Low,High,High
PR00933,2025-02-11,Plant D,P002,Hydraulic Valve,Valves,C,1086,1011,982,29,2.96,17,94.16,185,187035,2025,2025-02,Tuesday,Medium-High,Medium-High,Medium-High,Medium-High,Medium-High,Medium-Low,High,Medium-Low
PR00934,2025-04-11,Plant D,P005,Control Panel,Electrical,A,572,552,523,29,5.27,7,92.8,680,375360,2025,2025-04,Friday,Medium-Low,Medium-Low,Low,Medium-High,High,Low,Medium-High,Medium-High
PR00935,2025-01-06,Plant C,P005,Control Panel,Electrical,B,887,802,784,18,2.29,39,89.2,680,545360,2025,2025-01,Monday,Medium-High,Medium-High,Medium-High,Medium-Low,Medium-Low,Medium-High,Medium-Low,High
PR00936,2025-06-29,Plant B,P004,Gear Assembly,Assemblies,A,476,435,419,16,3.69,2,98.0,540,234900,2025,2025-06,Sunday,Low,Low,Low,Medium-Low,Medium-High,Low,High,Medium-Low
PR00937,2025-10-09,Plant C,P002,Hydraulic Valve,Valves,B,1130,1052,1007,45,4.34,36,90.25,185,194620,2025,2025-10,Thursday,High,Medium-High,Medium-High,High,High,Medium-High,Medium-High,Medium-Low
PR00938,2025-11-16,Plant B,P001,Industrial Pump,Pumps,C,942,922,919,3,0.34,54,85.88,420,387240,2025,2025-11,Sunday,Medium-High,Medium-High,Medium-High,Low,Low,High,Medium-Low,Medium-High
PR00939,2025-08-14,Plant A,P001,Industrial Pump,Pumps,A,1372,1374,1347,27,1.97,9,91.86,420,577080,2025,2025-08,Thursday,High,High,High,Medium-High,Medium-Low,Low,Medium-High,High
PR00940,2025-11-11,Plant D,P006,Bearing Unit,Components,B,866,805,772,33,4.18,84,78.52,125,100625,2025,2025-11,Tuesday,Medium-High,Medium-High,Medium-Low,High,High,High,Low,Low
PR00941,2025-12-31,Plant A,P003,Electric Motor,Motors,B,965,954,936,18,1.89,14,97.1,760,725040,2025,2025-12,Wednesday,Medium-High,Medium-High,Medium-High,Medium-Low,Low,Low,High,High
PR00942,2025-08-17,Plant D,P006,Bearing Unit,Components,B,1167,1048,1013,35,3.34,22,90.14,125,131000,2025,2025-08,Sunday,High,Medium-High,Medium-High,High,Medium-High,Medium-Low,Medium-High,Low
PR00943,2025-10-16,Plant B,P006,Bearing Unit,Components,A,1369,1336,1312,24,1.81,5,95.28,125,167000,2025,2025-10,Thursday,High,High,High,Medium-High,Low,Low,High,Medium-Low
PR00944,2025-05-30,Plant C,P001,Industrial Pump,Pumps,A,601,597,584,13,2.22,26,89.83,420,250740,2025,2025-05,Friday,Medium-Low,Medium-Low,Medium-Low,Medium-Low,Medium-Low,Medium-Low,Medium-High,Medium-Low
PR00945,2025-10-04,Plant C,P004,Gear Assembly,Assemblies,A,1167,1128,1105,23,2.06,41,86.37,540,609120,2025,2025-10,Saturday,High,High,High,Medium-High,Medium-Low,Medium-High,Medium-Low,High
PR00946,2025-07-17,Plant D,P005,Control Panel,Electrical,A,1211,1167,1125,42,3.63,9,95.03,680,793560,2025,2025-07,Thursday,High,High,High,High,Medium-High,Low,High,High
PR00947,2025-03-11,Plant C,P005,Control Panel,Electrical,A,707,677,657,20,3.06,34,87.85,680,460360,2025,2025-03,Tuesday,Medium-Low,Medium-Low,Medium-Low,Medium-High,Medium-High,Medium-High,Medium-Low,Medium-High
PR00948,2025-04-22,Plant C,P005,Control Panel,Electrical,B,1121,1071,1040,31,2.93,39,88.41,680,728280,2025,2025-04,Tuesday,High,High,High,High,Medium-High,Medium-High,Medium-Low,High
PR00949,2025-01-04,Plant A,P002,Hydraulic Valve,Valves,A,860,727,683,44,6.06,49,77.46,185,134495,2025,2025-01,Saturday,Medium-High,Medium-Low,Medium-Low,High,High,High,Low,Low
PR00950,2025-12-16,Plant B,P001,Industrial Pump,Pumps,C,763,739,702,37,5.06,28,88.81,420,310380,2025,2025-12,Tuesday,Medium-Low,Medium-Low,Medium-Low,High,High,Medium-Low,Medium-Low,Medium-Low
PR00951,2025-11-27,Plant A,P004,Gear Assembly,Assemblies,B,443,420,420,0,0.22,67,87.45,540,226800,2025,2025-11,Thursday,Low,Low,Low,Low,Low,High,Medium-Low,Medium-Low
PR00952,2025-11-14,Plant C,P002,Hydraulic Valve,Valves,B,741,738,722,16,2.22,8,92.38,185,136530,2025,2025-11,Friday,Medium-Low,Medium-Low,Medium-Low,Medium-Low,Medium-Low,Low,Medium-High,Low
PR00953,2025-12-16,Plant B,P003,Electric Motor,Motors,B,786,662,623,39,5.95,38,83.99,760,503120,2025,2025-12,Tuesday,Medium-Low,Medium-Low,Medium-Low,High,High,Medium-High,Low,Medium-High
PR00954,2025-04-05,Plant C,P004,Gear Assembly,Assemblies,B,1159,1189,1165,24,2.05,15,93.93,540,642060,2025,2025-04,Saturday,High,High,High,Medium-High,Medium-Low,Low,High,High
PR00955,2025-06-01,Plant A,P006,Bearing Unit,Components,C,447,395,374,21,5.51,36,83.63,125,49375,2025,2025-06,Sunday,Low,Low,Low,Medium-High,High,Medium-High,Low,Low
PR00956,2025-11-07,Plant A,P004,Gear Assembly,Assemblies,A,1394,1453,1421,32,2.25,31,84.62,540,784620,2025,2025-11,Friday,High,High,High,High,Medium-Low,Medium-High,Low,High
PR00957,2025-05-17,Plant C,P004,Gear Assembly,Assemblies,A,1110,1151,1123,28,2.5,14,92.13,540,621540,2025,2025-05,Saturday,Medium-High,High,High,Medium-High,Medium-Low,Low,Medium-High,High
PR00958,2025-09-04,Plant A,P005,Control Panel,Electrical,B,965,868,834,34,3.92,26,89.52,680,590240,2025,2025-09,Thursday,Medium-High,Medium-High,Medium-High,High,High,Medium-Low,Medium-Low,High
PR00959,2025-08-31,Plant A,P004,Gear Assembly,Assemblies,A,389,385,375,10,2.68,14,92.08,540,207900,2025,2025-08,Sunday,Low,Low,Low,Low,Medium-Low,Low,Medium-High,Medium-Low
PR00960,2025-01-31,Plant A,P006,Bearing Unit,Components,A,498,434,420,14,3.44,95,75.4,125,54250,2025,2025-01,Friday,Low,Low,Low,Medium-Low,Medium-High,High,Low,Low
PR00961,2025-02-09,Plant D,P006,Bearing Unit,Components,A,837,754,718,36,4.85,46,86.52,125,94250,2025,2025-02,Sunday,Medium-Low,Medium-Low,Medium-Low,High,High,Medium-High,Medium-Low,Low
PR00962,2025-08-17,Plant C,P001,Industrial Pump,Pumps,A,600,528,508,20,3.79,97,74.76,420,221760,2025,2025-08,Sunday,Medium-Low,Low,Low,Medium-High,High,High,Low,Medium-Low
PR00963,2025-02-05,Plant B,P004,Gear Assembly,Assemblies,B,1023,1000,971,29,2.98,12,88.94,540,540000,2025,2025-02,Wednesday,Medium-High,Medium-High,Medium-High,Medium-High,Medium-High,Low,Medium-Low,High
PR00964,2025-08-11,Plant A,P005,Control Panel,Electrical,A,1262,1209,1149,60,4.98,4,91.36,680,822120,2025,2025-08,Monday,High,High,High,High,High,Low,Medium-High,High
PR00965,2025-01-06,Plant B,P004,Gear Assembly,Assemblies,C,367,329,317,12,3.94,37,86.89,540,177660,2025,2025-01,Monday,Low,Low,Low,Medium-Low,High,Medium-High,Medium-Low,Medium-Low
PR00966,2025-11-18,Plant C,P003,Electric Motor,Motors,C,758,736,723,13,1.85,37,88.17,760,559360,2025,2025-11,Tuesday,Medium-Low,Medium-Low,Medium-Low,Medium-Low,Low,Medium-High,Medium-Low,High
PR00967,2025-08-08,Plant C,P003,Electric Motor,Motors,B,697,633,600,33,5.37,48,83.81,760,481080,2025,2025-08,Friday,Medium-Low,Medium-Low,Medium-Low,High,High,Medium-High,Low,Medium-High
PR00968,2025-03-16,Plant A,P005,Control Panel,Electrical,B,919,802,773,29,3.64,48,82.02,680,545360,2025,2025-03,Sunday,Medium-High,Medium-High,Medium-Low,Medium-High,Medium-High,Medium-High,Low,High
PR00969,2025-01-04,Plant A,P001,Industrial Pump,Pumps,C,1029,927,904,23,2.52,92,77.54,420,389340,2025,2025-01,Saturday,Medium-High,Medium-High,Medium-High,Medium-High,Medium-Low,High,Low,Medium-High
PR00970,2025-12-01,Plant A,P001,Industrial Pump,Pumps,A,855,873,872,1,0.2,48,87.15,420,366660,2025,2025-12,Monday,Medium-High,Medium-High,Medium-High,Low,Low,Medium-High,Medium-Low,Medium-High
PR00971,2025-05-14,Plant C,P006,Bearing Unit,Components,C,1080,1047,1037,10,1.01,10,95.89,125,130875,2025,2025-05,Wednesday,Medium-High,Medium-High,High,Low,Low,Low,High,Low
PR00972,2025-04-28,Plant C,P006,Bearing Unit,Components,C,1193,1055,1003,52,5.01,7,92.5,125,131875,2025,2025-04,Monday,High,High,Medium-High,High,High,Low,Medium-High,Low
PR00973,2025-04-04,Plant A,P002,Hydraulic Valve,Valves,B,909,830,789,41,5.06,97,72.69,185,153550,2025,2025-04,Friday,Medium-High,Medium-High,Medium-High,High,High,High,Low,Low
PR00974,2025-03-03,Plant A,P005,Control Panel,Electrical,B,1047,965,937,28,2.91,28,89.59,680,656200,2025,2025-03,Monday,Medium-High,Medium-High,Medium-High,Medium-High,Medium-High,Medium-Low,Medium-Low,High
PR00975,2025-07-13,Plant A,P004,Gear Assembly,Assemblies,A,581,554,552,2,0.5,71,85.11,540,299160,2025,2025-07,Sunday,Medium-Low,Medium-Low,Medium-Low,Low,Low,High,Low,Medium-Low
PR00976,2025-12-01,Plant D,P005,Control Panel,Electrical,B,960,932,920,12,1.39,13,95.47,680,633760,2025,2025-12,Monday,Medium-High,Medium-High,Medium-High,Medium-Low,Low,Low,High,High
PR00977,2025-07-22,Plant A,P002,Hydraulic Valve,Valves,C,1223,1249,1241,8,0.69,47,90.95,185,231065,2025,2025-07,Tuesday,High,High,High,Low,Low,Medium-High,Medium-High,Medium-Low
PR00978,2025-01-26,Plant C,P006,Bearing Unit,Components,A,1295,1267,1259,8,0.64,13,97.84,125,158375,2025,2025-01,Sunday,High,High,High,Low,Low,Low,High,Medium-Low
PR00979,2025-06-22,Plant C,P005,Control Panel,Electrical,C,1045,948,897,51,5.43,1,94.5,680,644640,2025,2025-06,Sunday,Medium-High,Medium-High,Medium-High,High,High,Low,High,High
PR00980,2025-10-27,Plant B,P005,Control Panel,Electrical,A,386,344,326,18,5.48,62,79.72,680,233920,2025,2025-10,Monday,Low,Low,Low,Medium-Low,High,High,Low,Medium-Low
PR00981,2025-05-13,Plant A,P006,Bearing Unit,Components,A,1090,1022,1009,13,1.34,9,92.87,125,127750,2025,2025-05,Tuesday,Medium-High,Medium-High,Medium-High,Medium-Low,Low,Low,Medium-High,Low
PR00982,2025-11-22,Plant A,P002,Hydraulic Valve,Valves,A,603,578,562,16,2.79,8,95.93,185,106930,2025,2025-11,Saturday,Medium-Low,Medium-Low,Medium-Low,Medium-Low,Medium-High,Low,High,Low
PR00983,2025-04-28,Plant C,P006,Bearing Unit,Components,A,429,442,438,4,1.13,26,95.8,125,55250,2025,2025-04,Monday,Low,Low,Low,Low,Low,Medium-Low,High,Low
PR00984,2025-11-20,Plant C,P001,Industrial Pump,Pumps,B,895,892,868,24,2.78,26,95.55,420,374640,2025,2025-11,Thursday,Medium-High,Medium-High,Medium-High,Medium-High,Medium-Low,Medium-Low,High,Medium-High
PR00985,2025-10-02,Plant C,P004,Gear Assembly,Assemblies,A,857,852,810,42,4.93,35,88.51,540,460080,2025,2025-10,Thursday,Medium-High,Medium-High,Medium-High,High,High,Medium-High,Medium-Low,Medium-High
PR00986,2025-07-31,Plant B,P006,Bearing Unit,Components,C,1198,1137,1090,47,4.2,38,85.12,125,142125,2025,2025-07,Thursday,High,High,High,High,High,Medium-High,Low,Low
PR00987,2025-08-13,Plant A,P002,Hydraulic Valve,Valves,B,377,361,348,13,3.85,13,92.0,185,66785,2025,2025-08,Wednesday,Low,Low,Low,Medium-Low,High,Low,Medium-High,Low
PR00988,2025-01-20,Plant D,P003,Electric Motor,Motors,A,1083,1013,988,25,2.55,8,94.03,760,769880,2025,2025-01,Monday,Medium-High,Medium-High,Medium-High,Medium-High,Medium-Low,Low,High,High
PR00989,2025-04-23,Plant C,P001,Industrial Pump,Pumps,B,973,896,857,39,4.44,68,78.93,420,376320,2025,2025-04,Wednesday,Medium-High,Medium-High,Medium-High,High,High,High,Low,Medium-High
PR00990,2025-05-20,Plant A,P003,Electric Motor,Motors,C,537,497,479,18,3.64,52,83.91,760,377720,2025,2025-05,Tuesday,Low,Low,Low,Medium-Low,Medium-High,High,Low,Medium-High
PR00991,2025-02-16,Plant D,P006,Bearing Unit,Components,B,577,569,551,18,3.33,9,95.78,125,71125,2025,2025-02,Sunday,Medium-Low,Medium-Low,Medium-Low,Medium-Low,Medium-High,Low,High,Low
PR00992,2025-01-01,Plant C,P001,Industrial Pump,Pumps,A,1341,1250,1217,33,2.65,5,91.85,420,525000,2025,2025-01,Wednesday,High,High,High,High,Medium-Low,Low,Medium-High,Medium-High
PR00993,2025-03-31,Plant C,P004,Gear Assembly,Assemblies,C,823,787,762,25,3.21,20,89.18,540,424980,2025,2025-03,Monday,Medium-Low,Medium-Low,Medium-Low,Medium-High,Medium-High,Medium-Low,Medium-Low,Medium-High
PR00994,2025-05-22,Plant C,P006,Bearing Unit,Components,C,479,436,423,13,3.17,7,96.28,125,54500,2025,2025-05,Thursday,Low,Low,Low,Medium-Low,Medium-High,Low,High,Low
PR00995,2025-11-16,Plant D,P004,Gear Assembly,Assemblies,A,422,412,404,8,2.1,20,95.76,540,222480,2025,2025-11,Sunday,Low,Low,Low,Low,Medium-Low,Medium-Low,High,Medium-Low
PR00996,2025-02-07,Plant C,P005,Control Panel,Electrical,A,1374,1336,1313,23,1.79,49,86.2,680,908480,2025,2025-02,Friday,High,High,High,Medium-High,Low,High,Medium-Low,High
PR00997,2025-10-20,Plant A,P003,Electric Motor,Motors,B,1394,1274,1255,19,1.5,24,96.25,760,968240,2025,2025-10,Monday,High,High,High,Medium-Low,Low,Medium-Low,High,High
PR00998,2025-05-19,Plant B,P001,Industrial Pump,Pumps,A,779,699,688,11,1.59,63,86.97,420,293580,2025,2025-05,Monday,Medium-Low,Medium-Low,Medium-Low,Low,Low,High,Medium-Low,Medium-Low
PR00999,2025-12-22,Plant D,P004,Gear Assembly,Assemblies,C,1342,1230,1199,31,2.56,21,91.42,540,664200,2025,2025-12,Monday,High,High,High,High,Medium-Low,Medium-Low,Medium-High,High
PR01000,2025-11-29,Plant A,P002,Hydraulic Valve,Valves,A,383,356,348,8,2.34,60,79.62,185,65860,2025,2025-11,Saturday,Low,Low,Low,Low,Medium-Low,High,Low,Low
PR01001,2025-09-16,Plant B,P004,Gear Assembly,Assemblies,C,864,795,780,15,1.99,19,89.88,540,429300,2025,2025-09,Tuesday,Medium-High,Medium-Low,Medium-High,Medium-Low,Medium-Low,Medium-Low,Medium-High,Medium-High
PR01002,2025-06-10,Plant B,P002,Hydraulic Valve,Valves,B,918,943,926,17,1.9,1,95.63,185,174455,2025,2025-06,Tuesday,Medium-High,Medium-High,Medium-High,Medium-Low,Medium-Low,Low,High,Medium-Low
PR01003,2025-06-27,Plant B,P006,Bearing Unit,Components,A,656,628,609,19,3.18,37,89.35,125,78500,2025,2025-06,Friday,Medium-Low,Medium-Low,Medium-Low,Medium-Low,Medium-High,Medium-High,Medium-Low,Low
PR01004,2025-01-10,Plant C,P001,Industrial Pump,Pumps,A,1115,1083,1034,49,4.59,3,94.04,420,454860,2025,2025-01,Friday,Medium-High,High,High,High,High,Low,High,Medium-High
PR01005,2025-09-18,Plant D,P004,Gear Assembly,Assemblies,B,946,859,836,23,2.79,16,91.68,540,463860,2025,2025-09,Thursday,Medium-High,Medium-High,Medium-High,Medium-High,Medium-High,Low,Medium-High,Medium-High
PR01006,2025-05-18,Plant A,P004,Gear Assembly,Assemblies,B,742,741,721,20,2.7,27,90.09,540,400140,2025,2025-05,Sunday,Medium-Low,Medium-Low,Medium-Low,Medium-High,Medium-Low,Medium-Low,Medium-High,Medium-High
PR01007,2025-06-21,Plant A,P001,Industrial Pump,Pumps,C,1392,1371,1350,21,1.58,32,91.17,420,575820,2025,2025-06,Saturday,High,High,High,Medium-High,Low,Medium-High,Medium-High,High
PR01008,2025-01-13,Plant A,P004,Gear Assembly,Assemblies,A,822,760,741,19,2.51,42,87.4,540,410400,2025,2025-01,Monday,Medium-Low,Medium-Low,Medium-Low,Medium-Low,Medium-Low,Medium-High,Medium-Low,Medium-High
PR01009,2025-06-17,Plant D,P002,Hydraulic Valve,Valves,A,442,398,381,17,4.35,5,92.8,185,73630,2025,2025-06,Tuesday,Low,Low,Low,Medium-Low,High,Low,Medium-High,Low
PR01010,2025-05-10,Plant C,P004,Gear Assembly,Assemblies,A,491,465,446,19,4.15,11,91.51,540,251100,2025,2025-05,Saturday,Low,Low,Low,Medium-Low,High,Low,Medium-High,Medium-Low
PR01011,2025-03-25,Plant A,P003,Electric Motor,Motors,B,677,629,604,25,4.06,21,86.36,760,478040,2025,2025-03,Tuesday,Medium-Low,Medium-Low,Medium-Low,Medium-High,High,Medium-Low,Medium-Low,Medium-High
PR01012,2025-11-17,Plant D,P006,Bearing Unit,Components,A,880,808,776,32,4.02,42,85.15,125,101000,2025,2025-11,Monday,Medium-High,Medium-High,Medium-High,High,High,Medium-High,Low,Low
PR01013,2025-11-15,Plant D,P005,Control Panel,Electrical,B,834,768,743,25,3.37,33,88.3,680,522240,2025,2025-11,Saturday,Medium-Low,Medium-Low,Medium-Low,Medium-High,Medium-High,Medium-High,Medium-Low,Medium-High
PR01014,2025-04-11,Plant D,P002,Hydraulic Valve,Valves,B,1332,1310,1267,43,3.32,11,94.8,185,242350,2025,2025-04,Friday,High,High,High,High,Medium-High,Low,High,Medium-Low
PR01015,2025-11-25,Plant D,P003,Electric Motor,Motors,C,392,331,321,10,3.12,59,81.86,760,251560,2025,2025-11,Tuesday,Low,Low,Low,Low,Medium-High,High,Low,Medium-Low
PR01016,2025-09-30,Plant A,P006,Bearing Unit,Components,A,828,846,827,19,2.26,5,96.02,125,105750,2025,2025-09,Tuesday,Medium-Low,Medium-High,Medium-High,Medium-Low,Medium-Low,Low,High,Low
PR01017,2025-09-22,Plant C,P001,Industrial Pump,Pumps,A,704,690,670,20,2.91,36,89.56,420,289800,2025,2025-09,Monday,Medium-Low,Medium-Low,Medium-Low,Medium-High,Medium-High,Medium-High,Medium-Low,Medium-Low
PR01018,2025-02-07,Plant B,P002,Hydraulic Valve,Valves,B,1139,1102,1069,33,3.08,13,92.48,185,203870,2025,2025-02,Friday,High,High,High,High,Medium-High,Low,Medium-High,Medium-Low
PR01019,2025-04-04,Plant D,P005,Control Panel,Electrical,B,1188,1101,1062,39,3.62,50,81.06,680,748680,2025,2025-04,Friday,High,High,High,High,Medium-High,High,Low,High
PR01020,2025-04-05,Plant C,P006,Bearing Unit,Components,A,721,718,697,21,2.93,16,94.43,125,89750,2025,2025-04,Saturday,Medium-Low,Medium-Low,Medium-Low,Medium-High,Medium-High,Low,High,Low
PR01021,2025-11-01,Plant C,P005,Control Panel,Electrical,C,771,650,614,36,5.54,159,61.38,680,442000,2025,2025-11,Saturday,Medium-Low,Medium-Low,Medium-Low,High,High,High,Low,Medium-High
PR01022,2025-03-10,Plant C,P001,Industrial Pump,Pumps,C,1192,1137,1124,13,1.23,36,91.41,420,477540,2025,2025-03,Monday,High,High,High,Medium-Low,Low,Medium-High,Medium-High,Medium-High
PR01023,2025-11-14,Plant A,P001,Industrial Pump,Pumps,A,846,805,775,30,3.78,73,79.81,420,338100,2025,2025-11,Friday,Medium-High,Medium-High,Medium-Low,High,High,High,Low,Medium-High
PR01024,2025-08-24,Plant B,P002,Hydraulic Valve,Valves,A,930,910,885,25,2.75,93,73.71,185,168350,2025,2025-08,Sunday,Medium-High,Medium-High,Medium-High,Medium-High,Medium-Low,High,Low,Medium-Low
PR01025,2025-11-30,Plant D,P004,Gear Assembly,Assemblies,B,1337,1236,1202,34,2.8,22,92.95,540,667440,2025,2025-11,Sunday,High,High,High,High,Medium-High,Medium-Low,High,High
PR01026,2025-05-17,Plant D,P001,Industrial Pump,Pumps,B,1077,1056,1038,18,1.74,25,95.36,420,443520,2025,2025-05,Saturday,Medium-High,High,High,Medium-Low,Low,Medium-Low,High,Medium-High
PR01027,2025-03-17,Plant A,P006,Bearing Unit,Components,A,663,583,559,24,4.13,69,77.78,125,72875,2025,2025-03,Monday,Medium-Low,Medium-Low,Medium-Low,Medium-High,High,High,Low,Low
PR01028,2025-02-04,Plant A,P004,Gear Assembly,Assemblies,B,418,401,387,14,3.65,30,91.22,540,216540,2025,2025-02,Tuesday,Low,Low,Low,Medium-Low,Medium-High,Medium-High,Medium-High,Medium-Low
PR01029,2025-01-01,Plant A,P003,Electric Motor,Motors,B,845,784,754,30,3.88,11,94.24,760,595840,2025,2025-01,Wednesday,Medium-Low,Medium-Low,Medium-Low,High,High,Low,High,High
PR01030,2025-10-23,Plant C,P005,Control Panel,Electrical,A,821,827,803,24,3.02,5,92.18,680,562360,2025,2025-10,Thursday,Medium-Low,Medium-High,Medium-High,Medium-High,Medium-High,Low,Medium-High,High
PR01031,2025-11-16,Plant D,P004,Gear Assembly,Assemblies,B,933,887,866,21,2.38,33,89.04,540,478980,2025,2025-11,Sunday,Medium-High,Medium-High,Medium-High,Medium-High,Medium-Low,Medium-High,Medium-Low,Medium-High
PR01032,2025-03-01,Plant A,P005,Control Panel,Electrical,C,1262,1215,1183,32,2.71,17,89.74,680,826200,2025,2025-03,Saturday,High,High,High,High,Medium-Low,Medium-Low,Medium-High,High
PR01033,2025-11-16,Plant B,P004,Gear Assembly,Assemblies,A,1257,1242,1201,41,3.36,49,85.03,540,670680,2025,2025-11,Sunday,High,High,High,High,Medium-High,High,Low,High
PR01034,2025-12-15,Plant D,P003,Electric Motor,Motors,A,1182,1134,1132,2,0.2,19,96.8,760,861840,2025,2025-12,Monday,High,High,High,Low,Low,Medium-Low,High,High
PR01035,2025-11-24,Plant C,P001,Industrial Pump,Pumps,B,1079,997,958,39,3.93,91,73.26,420,418740,2025,2025-11,Monday,Medium-High,Medium-High,Medium-High,High,High,High,Low,Medium-High
PR01036,2025-09-24,Plant B,P003,Electric Motor,Motors,C,1170,1067,1004,63,5.95,12,89.45,760,810920,2025,2025-09,Wednesday,High,High,Medium-High,High,High,Low,Medium-Low,High
PR01037,2025-12-27,Plant C,P001,Industrial Pump,Pumps,C,815,815,788,27,3.42,8,94.55,420,342300,2025,2025-12,Saturday,Medium-Low,Medium-High,Medium-High,Medium-High,Medium-High,Low,High,Medium-High
PR01038,2025-08-17,Plant B,P001,Industrial Pump,Pumps,B,1237,1261,1231,30,2.43,25,92.66,420,529620,2025,2025-08,Sunday,High,High,High,High,Medium-Low,Medium-Low,Medium-High,High
PR01039,2025-09-27,Plant A,P005,Control Panel,Electrical,B,1165,1089,1061,28,2.59,46,87.82,680,740520,2025,2025-09,Saturday,High,High,High,Medium-High,Medium-Low,Medium-High,Medium-Low,High
PR01040,2025-11-12,Plant B,P006,Bearing Unit,Components,B,405,347,335,12,3.72,52,81.56,125,43375,2025,2025-11,Wednesday,Low,Low,Low,Medium-Low,High,High,Low,Low
PR01041,2025-10-13,Plant C,P003,Electric Motor,Motors,B,513,478,467,11,2.46,30,90.07,760,363280,2025,2025-10,Monday,Low,Low,Low,Low,Medium-Low,Medium-High,Medium-High,Medium-High
PR01042,2025-10-18,Plant D,P004,Gear Assembly,Assemblies,A,1149,1122,1078,44,3.93,94,76.01,540,605880,2025,2025-10,Saturday,High,High,High,High,High,High,Low,High
PR01043,2025-08-01,Plant C,P003,Electric Motor,Motors,A,496,464,453,11,2.57,27,93.67,760,352640,2025,2025-08,Friday,Low,Low,Low,Low,Medium-Low,Medium-Low,High,Medium-High
PR01044,2025-06-14,Plant C,P005,Control Panel,Electrical,A,318,316,301,15,5.03,22,88.06,680,214880,2025,2025-06,Saturday,Low,Low,Low,Medium-Low,High,Medium-Low,Medium-Low,Medium-Low
PR01045,2025-01-05,Plant A,P001,Industrial Pump,Pumps,B,941,853,811,42,4.99,37,85.97,420,358260,2025,2025-01,Sunday,Medium-High,Medium-High,Medium-High,High,High,Medium-High,Medium-Low,Medium-High
PR01046,2025-12-05,Plant B,P005,Control Panel,Electrical,A,1335,1266,1236,30,2.37,9,92.78,680,860880,2025,2025-12,Friday,High,High,High,High,Medium-Low,Low,Medium-High,High
PR01047,2025-03-19,Plant A,P002,Hydraulic Valve,Valves,C,629,603,587,16,2.69,60,81.66,185,111555,2025,2025-03,Wednesday,Medium-Low,Medium-Low,Medium-Low,Medium-Low,Medium-Low,High,Low,Low
PR01048,2025-03-03,Plant A,P002,Hydraulic Valve,Valves,A,1165,1107,1077,30,2.77,67,79.88,185,204795,2025,2025-03,Monday,High,High,High,High,Medium-Low,High,Low,Medium-Low
PR01049,2025-05-12,Plant C,P004,Gear Assembly,Assemblies,A,1073,1051,1022,29,2.79,32,88.57,540,567540,2025,2025-05,Monday,Medium-High,Medium-High,Medium-High,Medium-High,Medium-High,Medium-High,Medium-Low,High
PR01050,2025-03-30,Plant D,P005,Control Panel,Electrical,B,691,675,665,10,1.57,11,98.0,680,459000,2025,2025-03,Sunday,Medium-Low,Medium-Low,Medium-Low,Low,Low,Low,High,Medium-High
PR01051,2025-08-25,Plant A,P004,Gear Assembly,Assemblies,B,936,934,922,12,1.39,34,90.31,540,504360,2025,2025-08,Monday,Medium-High,Medium-High,Medium-High,Medium-Low,Low,Medium-High,Medium-High,Medium-High
PR01052,2025-02-11,Plant B,P004,Gear Assembly,Assemblies,A,606,562,538,24,4.42,91,75.9,540,303480,2025,2025-02,Tuesday,Medium-Low,Medium-Low,Medium-Low,Medium-High,High,High,Low,Medium-Low
PR01053,2025-03-30,Plant D,P002,Hydraulic Valve,Valves,A,1194,1155,1107,48,4.22,43,86.18,185,213675,2025,2025-03,Sunday,High,High,High,High,High,Medium-High,Medium-Low,Medium-Low
PR01054,2025-10-23,Plant A,P004,Gear Assembly,Assemblies,C,951,860,824,36,4.19,51,81.33,540,464400,2025,2025-10,Thursday,Medium-High,Medium-High,Medium-High,High,High,High,Low,Medium-High
PR01055,2025-11-24,Plant B,P002,Hydraulic Valve,Valves,A,1140,1105,1076,29,2.71,57,83.66,185,204425,2025,2025-11,Monday,High,High,High,Medium-High,Medium-Low,High,Low,Medium-Low
PR01056,2025-10-22,Plant C,P001,Industrial Pump,Pumps,A,1325,1225,1161,64,5.26,9,91.56,420,514500,2025,2025-10,Wednesday,High,High,High,High,High,Low,Medium-High,Medium-High
PR01057,2025-04-14,Plant C,P005,Control Panel,Electrical,C,819,779,758,21,2.77,23,92.1,680,529720,2025,2025-04,Monday,Medium-Low,Medium-Low,Medium-Low,Medium-High,Medium-Low,Medium-Low,Medium-High,High
PR01058,2025-01-14,Plant A,P004,Gear Assembly,Assemblies,A,935,864,831,33,3.92,47,80.73,540,466560,2025,2025-01,Tuesday,Medium-High,Medium-High,Medium-High,High,High,Medium-High,Low,Medium-High
PR01059,2025-10-15,Plant B,P002,Hydraulic Valve,Valves,B,1039,988,979,9,0.99,6,98.0,185,182780,2025,2025-10,Wednesday,Medium-High,Medium-High,Medium-High,Low,Low,Low,High,Medium-Low
PR01060,2025-06-28,Plant C,P003,Electric Motor,Motors,A,768,672,656,16,2.5,65,82.15,760,510720,2025,2025-06,Saturday,Medium-Low,Medium-Low,Medium-Low,Medium-Low,Medium-Low,High,Low,Medium-High
PR01061,2025-05-05,Plant B,P004,Gear Assembly,Assemblies,A,511,516,503,13,2.6,7,93.65,540,278640,2025,2025-05,Monday,Low,Low,Low,Medium-Low,Medium-Low,Low,High,Medium-Low
PR01062,2025-12-19,Plant A,P006,Bearing Unit,Components,A,1331,1247,1214,33,2.71,18,93.14,125,155875,2025,2025-12,Friday,High,High,High,High,Medium-Low,Medium-Low,High,Medium-Low
PR01063,2025-01-23,Plant C,P001,Industrial Pump,Pumps,A,1103,1035,1024,11,1.08,63,88.83,420,434700,2025,2025-01,Thursday,Medium-High,Medium-High,Medium-High,Low,Low,High,Medium-Low,Medium-High
PR01064,2025-03-04,Plant A,P001,Industrial Pump,Pumps,A,776,715,689,26,3.72,25,89.02,420,300300,2025,2025-03,Tuesday,Medium-Low,Medium-Low,Medium-Low,Medium-High,High,Medium-Low,Medium-Low,Medium-Low
PR01065,2025-05-23,Plant C,P003,Electric Motor,Motors,A,1173,1089,1044,45,4.14,33,89.55,760,827640,2025,2025-05,Friday,High,High,High,High,High,Medium-High,Medium-Low,High
PR01066,2025-06-02,Plant A,P002,Hydraulic Valve,Valves,C,759,682,670,12,1.83,102,73.97,185,126170,2025,2025-06,Monday,Medium-Low,Medium-Low,Medium-Low,Medium-Low,Low,High,Low,Low
PR01067,2025-05-25,Plant D,P004,Gear Assembly,Assemblies,A,552,547,540,7,1.31,56,87.1,540,295380,2025,2025-05,Sunday,Low,Medium-Low,Medium-Low,Low,Low,High,Medium-Low,Medium-Low
PR01068,2025-08-13,Plant B,P002,Hydraulic Valve,Valves,B,1051,993,976,17,1.8,26,91.02,185,183705,2025,2025-08,Wednesday,Medium-High,Medium-High,Medium-High,Medium-Low,Low,Medium-Low,Medium-High,Medium-Low
PR01069,2025-11-05,Plant B,P001,Industrial Pump,Pumps,C,1280,1259,1216,43,3.44,58,83.8,420,528780,2025,2025-11,Wednesday,High,High,High,High,Medium-High,High,Low,High
PR01070,2025-04-14,Plant A,P002,Hydraulic Valve,Valves,B,1153,1153,1130,23,2.02,27,90.98,185,213305,2025,2025-04,Monday,High,High,High,Medium-High,Medium-Low,Medium-Low,Medium-High,Medium-Low
PR01071,2025-04-14,Plant B,P001,Industrial Pump,Pumps,A,535,504,491,13,2.63,23,88.77,420,211680,2025,2025-04,Monday,Low,Low,Low,Medium-Low,Medium-Low,Medium-Low,Medium-Low,Medium-Low
PR01072,2025-02-08,Plant D,P002,Hydraulic Valve,Valves,C,777,760,750,10,1.4,28,90.53,185,140600,2025,2025-02,Saturday,Medium-Low,Medium-Low,Medium-Low,Low,Low,Medium-Low,Medium-High,Low
PR01073,2025-07-17,Plant D,P003,Electric Motor,Motors,A,978,929,880,49,5.37,21,84.46,760,706040,2025,2025-07,Thursday,Medium-High,Medium-High,Medium-High,High,High,Medium-Low,Low,High
PR01074,2025-05-14,Plant B,P005,Control Panel,Electrical,A,1343,1328,1290,38,2.9,16,89.84,680,903040,2025,2025-05,Wednesday,High,High,High,High,Medium-High,Low,Medium-High,High
PR01075,2025-03-08,Plant B,P003,Electric Motor,Motors,B,515,502,481,21,4.29,19,90.73,760,381520,2025,2025-03,Saturday,Low,Low,Low,Medium-High,High,Medium-Low,Medium-High,Medium-High
PR01076,2025-06-28,Plant C,P003,Electric Motor,Motors,B,1154,1108,1070,38,3.44,17,90.94,760,842080,2025,2025-06,Saturday,High,High,High,High,Medium-High,Medium-Low,Medium-High,High
PR01077,2025-02-11,Plant D,P005,Control Panel,Electrical,B,434,404,393,11,2.75,11,94.14,680,274720,2025,2025-02,Tuesday,Low,Low,Low,Low,Medium-Low,Low,High,Medium-Low
PR01078,2025-01-15,Plant C,P005,Control Panel,Electrical,A,1204,1162,1131,31,2.68,45,90.61,680,790160,2025,2025-01,Wednesday,High,High,High,High,Medium-Low,Medium-High,Medium-High,High
PR01079,2025-04-21,Plant B,P004,Gear Assembly,Assemblies,B,709,667,655,12,1.86,50,86.62,540,360180,2025,2025-04,Monday,Medium-Low,Medium-Low,Medium-Low,Medium-Low,Low,High,Medium-Low,Medium-High
PR01080,2025-06-06,Plant B,P004,Gear Assembly,Assemblies,A,385,334,327,7,2.21,23,93.35,540,180360,2025,2025-06,Friday,Low,Low,Low,Low,Medium-Low,Medium-Low,High,Medium-Low
PR01081,2025-10-16,Plant C,P003,Electric Motor,Motors,C,855,792,781,11,1.49,107,76.42,760,601920,2025,2025-10,Thursday,Medium-High,Medium-Low,Medium-High,Low,Low,High,Low,High
PR01082,2025-08-19,Plant A,P003,Electric Motor,Motors,A,677,619,611,8,1.35,71,89.3,760,470440,2025,2025-08,Tuesday,Medium-Low,Medium-Low,Medium-Low,Low,Low,High,Medium-Low,Medium-High
PR01083,2025-06-06,Plant C,P001,Industrial Pump,Pumps,C,1374,1239,1171,68,5.51,45,76.7,420,520380,2025,2025-06,Friday,High,High,High,High,High,Medium-High,Low,Medium-High
PR01084,2025-02-07,Plant B,P001,Industrial Pump,Pumps,B,541,505,490,15,3.16,54,83.02,420,212100,2025,2025-02,Friday,Low,Low,Low,Medium-Low,Medium-High,High,Low,Medium-Low
PR01085,2025-04-07,Plant C,P004,Gear Assembly,Assemblies,C,1219,1092,1041,51,4.71,8,92.64,540,589680,2025,2025-04,Monday,High,High,High,High,High,Low,Medium-High,High
PR01086,2025-10-16,Plant A,P006,Bearing Unit,Components,B,565,533,524,9,1.77,66,82.64,125,66625,2025,2025-10,Thursday,Low,Low,Low,Low,Low,High,Low,Low
PR01087,2025-09-11,Plant C,P006,Bearing Unit,Components,B,1011,977,966,11,1.17,16,96.18,125,122125,2025,2025-09,Thursday,Medium-High,Medium-High,Medium-High,Low,Low,Low,High,Low
PR01088,2025-07-15,Plant B,P004,Gear Assembly,Assemblies,A,369,330,325,5,1.53,92,79.18,540,178200,2025,2025-07,Tuesday,Low,Low,Low,Low,Low,High,Low,Medium-Low
PR01089,2025-03-27,Plant C,P001,Industrial Pump,Pumps,A,356,313,306,7,2.25,152,67.95,420,131460,2025,2025-03,Thursday,Low,Low,Low,Low,Medium-Low,High,Low,Low
PR01090,2025-11-18,Plant A,P001,Industrial Pump,Pumps,A,338,283,275,8,2.85,122,69.06,420,118860,2025,2025-11,Tuesday,Low,Low,Low,Low,Medium-High,High,Low,Low
PR01091,2025-01-10,Plant B,P006,Bearing Unit,Components,C,1100,1041,1014,27,2.6,46,87.25,125,130125,2025,2025-01,Friday,Medium-High,Medium-High,Medium-High,Medium-High,Medium-Low,Medium-High,Medium-Low,Low
PR01092,2025-01-05,Plant B,P002,Hydraulic Valve,Valves,C,1341,1293,1270,23,1.79,51,88.05,185,239205,2025,2025-01,Sunday,High,High,High,Medium-High,Low,High,Medium-Low,Medium-Low
PR01093,2025-05-03,Plant B,P002,Hydraulic Valve,Valves,B,1031,975,947,28,2.91,53,85.3,185,180375,2025,2025-05,Saturday,Medium-High,Medium-High,Medium-High,Medium-High,Medium-High,High,Low,Medium-Low
PR01094,2025-11-26,Plant C,P001,Industrial Pump,Pumps,A,1124,1103,1070,33,3.03,22,91.35,420,463260,2025,2025-11,Wednesday,High,High,High,High,Medium-High,Medium-Low,Medium-High,Medium-High
PR01095,2025-12-19,Plant C,P002,Hydraulic Valve,Valves,A,1055,1026,988,38,3.71,44,88.04,185,189810,2025,2025-12,Friday,Medium-High,Medium-High,Medium-High,High,High,Medium-High,Medium-Low,Medium-Low
PR01096,2025-04-28,Plant D,P005,Control Panel,Electrical,B,651,612,584,28,4.71,14,86.78,680,416160,2025,2025-04,Monday,Medium-Low,Medium-Low,Medium-Low,Medium-High,High,Low,Medium-Low,Medium-High
PR01097,2025-10-21,Plant A,P004,Gear Assembly,Assemblies,B,582,554,542,12,2.33,91,78.55,540,299160,2025,2025-10,Tuesday,Medium-Low,Medium-Low,Medium-Low,Medium-Low,Medium-Low,High,Low,Medium-Low
PR01098,2025-06-08,Plant D,P004,Gear Assembly,Assemblies,C,409,376,360,16,4.38,50,81.01,540,203040,2025,2025-06,Sunday,Low,Low,Low,Medium-Low,High,High,Low,Medium-Low
PR01099,2025-10-30,Plant B,P001,Industrial Pump,Pumps,C,1316,1188,1154,34,2.89,70,83.18,420,498960,2025,2025-10,Thursday,High,High,High,High,Medium-High,High,Low,Medium-High
PR01100,2025-08-16,Plant A,P003,Electric Motor,Motors,A,843,807,801,6,0.81,31,90.91,760,613320,2025,2025-08,Saturday,Medium-Low,Medium-High,Medium-High,Low,Low,Medium-High,Medium-High,High
PR01101,2025-12-31,Plant A,P006,Bearing Unit,Components,B,324,306,291,15,5.12,20,83.38,125,38250,2025,2025-12,Wednesday,Low,Low,Low,Medium-Low,High,Medium-Low,Low,Low
PR01102,2025-08-04,Plant B,P001,Industrial Pump,Pumps,B,1142,1111,1048,63,5.75,8,91.34,420,466620,2025,2025-08,Monday,High,High,High,High,High,Low,Medium-High,Medium-High
PR01103,2025-07-03,Plant C,P002,Hydraulic Valve,Valves,A,1090,1038,1001,37,3.6,17,90.66,185,192030,2025,2025-07,Thursday,Medium-High,Medium-High,Medium-High,High,Medium-High,Medium-Low,Medium-High,Medium-Low
PR01104,2025-01-15,Plant C,P006,Bearing Unit,Components,A,1037,965,937,28,2.92,26,91.13,125,120625,2025,2025-01,Wednesday,Medium-High,Medium-High,Medium-High,Medium-High,Medium-High,Medium-Low,Medium-High,Low
PR01105,2025-06-06,Plant C,P003,Electric Motor,Motors,A,356,352,344,8,2.45,51,88.98,760,267520,2025,2025-06,Friday,Low,Low,Low,Low,Medium-Low,High,Medium-Low,Medium-Low
PR01106,2025-05-16,Plant B,P002,Hydraulic Valve,Valves,C,479,433,424,9,2.2,40,89.44,185,80105,2025,2025-05,Friday,Low,Low,Low,Low,Medium-Low,Medium-High,Medium-Low,Low
PR01107,2025-09-18,Plant B,P005,Control Panel,Electrical,B,531,484,463,21,4.37,36,86.58,680,329120,2025,2025-09,Thursday,Low,Low,Low,Medium-High,High,Medium-High,Medium-Low,Medium-High
PR01108,2025-06-06,Plant A,P002,Hydraulic Valve,Valves,B,642,622,605,17,2.78,49,85.94,185,115070,2025,2025-06,Friday,Medium-Low,Medium-Low,Medium-Low,Medium-Low,Medium-Low,High,Medium-Low,Low
PR01109,2025-02-16,Plant B,P005,Control Panel,Electrical,C,776,768,730,38,4.98,27,84.84,680,522240,2025,2025-02,Sunday,Medium-Low,Medium-Low,Medium-Low,High,High,Medium-Low,Low,Medium-High
PR01110,2025-11-20,Plant B,P006,Bearing Unit,Components,B,875,836,813,23,2.85,49,85.49,125,104500,2025,2025-11,Thursday,Medium-High,Medium-High,Medium-High,Medium-High,Medium-High,High,Low,Low
PR01111,2025-11-28,Plant A,P005,Control Panel,Electrical,A,754,726,710,16,2.26,35,93.56,680,493680,2025,2025-11,Friday,Medium-Low,Medium-Low,Medium-Low,Medium-Low,Medium-Low,Medium-High,High,Medium-High
PR01112,2025-06-22,Plant A,P006,Bearing Unit,Components,B,588,557,546,11,2.02,34,89.42,125,69625,2025,2025-06,Sunday,Medium-Low,Medium-Low,Medium-Low,Low,Medium-Low,Medium-High,Medium-Low,Low
PR01113,2025-05-10,Plant C,P006,Bearing Unit,Components,B,557,551,541,10,1.83,16,93.74,125,68875,2025,2025-05,Saturday,Low,Medium-Low,Medium-Low,Low,Low,Low,High,Low
PR01114,2025-04-05,Plant C,P006,Bearing Unit,Components,C,829,792,765,27,3.47,22,92.91,125,99000,2025,2025-04,Saturday,Medium-Low,Medium-Low,Medium-Low,Medium-High,Medium-High,Medium-Low,High,Low
PR01115,2025-04-25,Plant D,P006,Bearing Unit,Components,B,986,946,936,10,1.12,4,94.44,125,118250,2025,2025-04,Friday,Medium-High,Medium-High,Medium-High,Low,Low,Low,High,Low
PR01116,2025-08-31,Plant D,P006,Bearing Unit,Components,B,1228,1182,1162,20,1.74,14,95.83,125,147750,2025,2025-08,Sunday,High,High,High,Medium-High,Low,Low,High,Low
PR01117,2025-10-19,Plant C,P002,Hydraulic Valve,Valves,A,528,468,447,21,4.52,62,77.64,185,86580,2025,2025-10,Sunday,Low,Low,Low,Medium-High,High,High,Low,Low
PR01118,2025-10-09,Plant B,P006,Bearing Unit,Components,C,895,872,859,13,1.56,15,95.46,125,109000,2025,2025-10,Thursday,Medium-High,Medium-High,Medium-High,Medium-Low,Low,Low,High,Low
PR01119,2025-10-26,Plant C,P002,Hydraulic Valve,Valves,A,734,690,663,27,3.92,39,86.28,185,127650,2025,2025-10,Sunday,Medium-Low,Medium-Low,Medium-Low,Medium-High,High,Medium-High,Medium-Low,Low
PR01120,2025-10-10,Plant C,P006,Bearing Unit,Components,A,1181,1234,1232,2,0.2,14,98.0,125,154250,2025,2025-10,Friday,High,High,High,Low,Low,Low,High,Low
PR01121,2025-03-10,Plant A,P005,Control Panel,Electrical,A,1320,1186,1131,55,4.69,55,79.94,680,806480,2025,2025-03,Monday,High,High,High,High,High,High,Low,High
PR01122,2025-05-28,Plant B,P006,Bearing Unit,Components,A,701,669,662,7,1.15,42,88.8,125,83625,2025,2025-05,Wednesday,Medium-Low,Medium-Low,Medium-Low,Low,Low,Medium-High,Medium-Low,Low
PR01123,2025-01-11,Plant D,P003,Electric Motor,Motors,A,921,939,924,15,1.66,9,97.04,760,713640,2025,2025-01,Saturday,Medium-High,Medium-High,Medium-High,Medium-Low,Low,Low,High,High
PR01124,2025-09-11,Plant B,P006,Bearing Unit,Components,C,387,381,367,14,3.68,57,82.06,125,47625,2025,2025-09,Thursday,Low,Low,Low,Medium-Low,Medium-High,High,Low,Low
PR01125,2025-11-26,Plant B,P006,Bearing Unit,Components,C,883,828,802,26,3.15,70,82.79,125,103500,2025,2025-11,Wednesday,Medium-High,Medium-High,Medium-High,Medium-High,Medium-High,High,Low,Low
PR01126,2025-12-26,Plant C,P005,Control Panel,Electrical,A,608,573,551,22,3.96,14,91.68,680,389640,2025,2025-12,Friday,Medium-Low,Medium-Low,Medium-Low,Medium-High,High,Low,Medium-High,Medium-High
PR01127,2025-02-07,Plant A,P004,Gear Assembly,Assemblies,A,1205,1152,1139,13,1.14,24,92.6,540,622080,2025,2025-02,Friday,High,High,High,Medium-Low,Low,Medium-Low,Medium-High,High
PR01128,2025-05-14,Plant B,P005,Control Panel,Electrical,A,642,581,567,14,2.43,12,93.32,680,395080,2025,2025-05,Wednesday,Medium-Low,Medium-Low,Medium-Low,Medium-Low,Medium-Low,Low,High,Medium-High
PR01129,2025-07-19,Plant B,P003,Electric Motor,Motors,A,735,672,659,13,2.0,53,86.41,760,510720,2025,2025-07,Saturday,Medium-Low,Medium-Low,Medium-Low,Medium-Low,Medium-Low,High,Medium-Low,Medium-High
PR01130,2025-01-23,Plant A,P004,Gear Assembly,Assemblies,A,476,461,455,6,1.36,30,91.52,540,248940,2025,2025-01,Thursday,Low,Low,Low,Low,Low,Medium-High,Medium-High,Medium-Low
PR01131,2025-10-30,Plant A,P001,Industrial Pump,Pumps,C,438,411,397,14,3.57,30,90.11,420,172620,2025,2025-10,Thursday,Low,Low,Low,Medium-Low,Medium-High,Medium-High,Medium-High,Medium-Low
PR01132,2025-12-12,Plant D,P001,Industrial Pump,Pumps,A,493,475,456,19,4.03,26,88.01,420,199500,2025,2025-12,Friday,Low,Low,Low,Medium-Low,High,Medium-Low,Medium-Low,Medium-Low
PR01133,2025-10-29,Plant A,P003,Electric Motor,Motors,B,1242,1146,1119,27,2.36,72,80.91,760,870960,2025,2025-10,Wednesday,High,High,High,Medium-High,Medium-Low,High,Low,High
PR01134,2025-12-29,Plant B,P005,Control Panel,Electrical,A,824,705,672,33,4.78,116,71.45,680,479400,2025,2025-12,Monday,Medium-Low,Medium-Low,Medium-Low,High,High,High,Low,Medium-High
PR01135,2025-08-06,Plant A,P002,Hydraulic Valve,Valves,C,1365,1292,1270,22,1.78,71,82.29,185,239020,2025,2025-08,Wednesday,High,High,High,Medium-High,Low,High,Low,Medium-Low
PR01136,2025-05-21,Plant D,P003,Electric Motor,Motors,B,1214,1212,1155,57,4.75,54,80.99,760,921120,2025,2025-05,Wednesday,High,High,High,High,High,High,Low,High
PR01137,2025-04-14,Plant A,P004,Gear Assembly,Assemblies,C,509,479,463,16,3.53,20,85.73,540,258660,2025,2025-04,Monday,Low,Low,Low,Medium-Low,Medium-High,Medium-Low,Medium-Low,Medium-Low
PR01138,2025-07-29,Plant B,P004,Gear Assembly,Assemblies,C,1040,1020,1008,12,1.21,17,92.71,540,550800,2025,2025-07,Tuesday,Medium-High,Medium-High,Medium-High,Medium-Low,Low,Medium-Low,Medium-High,High
PR01139,2025-04-21,Plant D,P006,Bearing Unit,Components,A,1161,1119,1059,60,5.38,16,87.05,125,139875,2025,2025-04,Monday,High,High,High,High,High,Low,Medium-Low,Low
PR01140,2025-04-14,Plant D,P001,Industrial Pump,Pumps,A,1253,1183,1157,26,2.22,22,91.19,420,496860,2025,2025-04,Monday,High,High,High,Medium-High,Medium-Low,Medium-Low,Medium-High,Medium-High
PR01141,2025-11-12,Plant A,P004,Gear Assembly,Assemblies,B,1132,1115,1067,48,4.37,20,88.0,540,602100,2025,2025-11,Wednesday,High,High,High,High,High,Medium-Low,Medium-Low,High
PR01142,2025-06-20,Plant D,P003,Electric Motor,Motors,A,439,389,378,11,2.99,47,88.08,760,295640,2025,2025-06,Friday,Low,Low,Low,Low,Medium-High,Medium-High,Medium-Low,Medium-Low
PR01143,2025-12-22,Plant B,P004,Gear Assembly,Assemblies,B,1091,1035,1001,34,3.29,7,92.11,540,558900,2025,2025-12,Monday,Medium-High,Medium-High,Medium-High,High,Medium-High,Low,Medium-High,High
PR01144,2025-11-20,Plant B,P003,Electric Motor,Motors,A,845,790,759,31,3.97,22,88.24,760,600400,2025,2025-11,Thursday,Medium-Low,Medium-Low,Medium-Low,High,High,Medium-Low,Medium-Low,High
PR01145,2025-05-13,Plant A,P002,Hydraulic Valve,Valves,A,1316,1268,1219,49,3.9,3,93.86,185,234580,2025,2025-05,Tuesday,High,High,High,High,High,Low,High,Medium-Low
PR01146,2025-10-20,Plant A,P006,Bearing Unit,Components,B,356,311,304,7,2.36,55,83.26,125,38875,2025,2025-10,Monday,Low,Low,Low,Low,Medium-Low,High,Low,Low
PR01147,2025-11-24,Plant C,P001,Industrial Pump,Pumps,B,411,409,395,14,3.49,22,93.49,420,171780,2025,2025-11,Monday,Low,Low,Low,Medium-Low,Medium-High,Medium-Low,High,Medium-Low
PR01148,2025-05-07,Plant B,P004,Gear Assembly,Assemblies,B,304,280,271,9,3.39,89,78.72,540,151200,2025,2025-05,Wednesday,Low,Low,Low,Low,Medium-High,High,Low,Low
PR01149,2025-04-16,Plant B,P003,Electric Motor,Motors,A,1336,1301,1261,40,3.08,49,83.24,760,988760,2025,2025-04,Wednesday,High,High,High,High,Medium-High,High,Low,High
PR01150,2025-04-02,Plant C,P005,Control Panel,Electrical,B,389,399,389,10,2.54,3,97.62,680,271320,2025,2025-04,Wednesday,Low,Low,Low,Low,Medium-Low,Low,High,Medium-Low
PR01151,2025-10-14,Plant C,P001,Industrial Pump,Pumps,A,915,859,833,26,3.08,8,96.22,420,360780,2025,2025-10,Tuesday,Medium-High,Medium-High,Medium-High,Medium-High,Medium-High,Low,High,Medium-High
PR01152,2025-02-20,Plant A,P002,Hydraulic Valve,Valves,A,1190,1013,959,54,5.36,21,85.48,185,187405,2025,2025-02,Thursday,High,Medium-High,Medium-High,High,High,Medium-Low,Low,Medium-Low
PR01153,2025-01-29,Plant C,P003,Electric Motor,Motors,B,997,932,910,22,2.42,117,70.64,760,708320,2025,2025-01,Wednesday,Medium-High,Medium-High,Medium-High,Medium-High,Medium-Low,High,Low,High
PR01154,2025-10-23,Plant A,P006,Bearing Unit,Components,A,1197,1123,1074,49,4.37,13,89.62,125,140375,2025,2025-10,Thursday,High,High,High,High,High,Low,Medium-Low,Low
PR01155,2025-10-24,Plant C,P006,Bearing Unit,Components,A,1270,1168,1145,23,1.99,34,87.38,125,146000,2025,2025-10,Friday,High,High,High,Medium-High,Medium-Low,Medium-High,Medium-Low,Low
PR01156,2025-08-02,Plant C,P002,Hydraulic Valve,Valves,A,967,930,915,15,1.65,61,83.76,185,172050,2025,2025-08,Saturday,Medium-High,Medium-High,Medium-High,Medium-Low,Low,High,Low,Medium-Low
PR01157,2025-09-24,Plant D,P002,Hydraulic Valve,Valves,A,893,858,798,60,7.06,72,74.21,185,158730,2025,2025-09,Wednesday,Medium-High,Medium-High,Medium-High,High,High,High,Low,Medium-Low
PR01158,2025-09-14,Plant A,P006,Bearing Unit,Components,A,888,838,809,29,3.5,26,90.56,125,104750,2025,2025-09,Sunday,Medium-High,Medium-High,Medium-High,Medium-High,Medium-High,Medium-Low,Medium-High,Low
PR01159,2025-10-29,Plant A,P004,Gear Assembly,Assemblies,A,784,775,748,27,3.54,11,92.65,540,418500,2025,2025-10,Wednesday,Medium-Low,Medium-Low,Medium-Low,Medium-High,Medium-High,Low,Medium-High,Medium-High
PR01160,2025-04-11,Plant A,P004,Gear Assembly,Assemblies,A,1281,1169,1128,41,3.57,29,88.55,540,631260,2025,2025-04,Friday,High,High,High,High,Medium-High,Medium-Low,Medium-Low,High
PR01161,2025-12-12,Plant A,P003,Electric Motor,Motors,A,1271,1095,1045,50,4.63,59,80.29,760,832200,2025,2025-12,Friday,High,High,High,High,High,High,Low,High
PR01162,2025-04-20,Plant A,P005,Control Panel,Electrical,B,938,905,875,30,3.33,48,82.79,680,615400,2025,2025-04,Sunday,Medium-High,Medium-High,Medium-High,High,Medium-High,Medium-High,Low,High
PR01163,2025-07-01,Plant D,P003,Electric Motor,Motors,A,1296,1266,1218,48,3.86,4,94.59,760,962160,2025,2025-07,Tuesday,High,High,High,High,High,Low,High,High
PR01164,2025-11-09,Plant A,P005,Control Panel,Electrical,A,581,561,554,7,1.42,6,97.81,680,381480,2025,2025-11,Sunday,Medium-Low,Medium-Low,Medium-Low,Low,Low,Low,High,Medium-High
PR01165,2025-01-01,Plant A,P002,Hydraulic Valve,Valves,A,1285,1253,1202,51,4.08,60,80.65,185,231805,2025,2025-01,Wednesday,High,High,High,High,High,High,Low,Medium-Low
PR01166,2025-11-15,Plant C,P001,Industrial Pump,Pumps,B,315,286,279,7,2.49,9,92.26,420,120120,2025,2025-11,Saturday,Low,Low,Low,Low,Medium-Low,Low,Medium-High,Low
PR01167,2025-02-24,Plant B,P003,Electric Motor,Motors,C,1235,1132,1091,41,3.67,8,96.01,760,860320,2025,2025-02,Monday,High,High,High,High,Medium-High,Low,High,High
PR01168,2025-05-29,Plant C,P003,Electric Motor,Motors,B,553,527,524,3,0.57,32,93.24,760,400520,2025,2025-05,Thursday,Low,Low,Low,Low,Low,Medium-High,High,Medium-High
PR01169,2025-11-05,Plant A,P005,Control Panel,Electrical,B,628,574,554,20,3.62,58,83.76,680,390320,2025,2025-11,Wednesday,Medium-Low,Medium-Low,Medium-Low,Medium-High,Medium-High,High,Low,Medium-High
PR01170,2025-05-17,Plant B,P002,Hydraulic Valve,Valves,B,843,835,834,1,0.2,83,83.98,185,154475,2025,2025-05,Saturday,Medium-Low,Medium-High,Medium-High,Low,Low,High,Low,Low
PR01171,2025-07-21,Plant A,P002,Hydraulic Valve,Valves,B,1082,1051,1026,25,2.44,9,92.14,185,194435,2025,2025-07,Monday,Medium-High,Medium-High,Medium-High,Medium-High,Medium-Low,Low,Medium-High,Medium-Low
PR01172,2025-11-09,Plant A,P005,Control Panel,Electrical,B,1296,1183,1177,6,0.58,113,79.53,680,804440,2025,2025-11,Sunday,High,High,High,Low,Low,High,Low,High
PR01173,2025-04-27,Plant D,P002,Hydraulic Valve,Valves,A,1144,1050,1012,38,3.62,4,92.96,185,194250,2025,2025-04,Sunday,High,Medium-High,Medium-High,High,Medium-High,Low,High,Medium-Low
PR01174,2025-06-03,Plant A,P006,Bearing Unit,Components,A,665,661,642,19,2.89,19,93.51,125,82625,2025,2025-06,Tuesday,Medium-Low,Medium-Low,Medium-Low,Medium-Low,Medium-High,Medium-Low,High,Low
PR01175,2025-10-18,Plant B,P004,Gear Assembly,Assemblies,A,954,872,857,15,1.8,45,91.22,540,470880,2025,2025-10,Saturday,Medium-High,Medium-High,Medium-High,Medium-Low,Low,Medium-High,Medium-High,Medium-High
PR01176,2025-03-04,Plant B,P006,Bearing Unit,Components,C,1059,957,913,44,4.66,11,90.97,125,119625,2025,2025-03,Tuesday,Medium-High,Medium-High,Medium-High,High,High,Low,Medium-High,Low
PR01177,2025-09-01,Plant B,P001,Industrial Pump,Pumps,B,938,895,881,14,1.63,23,90.59,420,375900,2025,2025-09,Monday,Medium-High,Medium-High,Medium-High,Medium-Low,Low,Medium-Low,Medium-High,Medium-High
PR01178,2025-01-25,Plant D,P003,Electric Motor,Motors,B,1363,1349,1347,2,0.2,20,90.71,760,1025240,2025,2025-01,Saturday,High,High,High,Low,Low,Medium-Low,Medium-High,High
PR01179,2025-03-31,Plant A,P001,Industrial Pump,Pumps,A,1223,1146,1107,39,3.47,5,93.72,420,481320,2025,2025-03,Monday,High,High,High,High,Medium-High,Low,High,Medium-High
PR01180,2025-03-16,Plant C,P003,Electric Motor,Motors,B,715,715,712,3,0.5,28,94.15,760,543400,2025,2025-03,Sunday,Medium-Low,Medium-Low,Medium-Low,Low,Low,Medium-Low,High,High
PR01181,2025-10-21,Plant D,P004,Gear Assembly,Assemblies,A,554,533,525,8,1.68,16,93.12,540,287820,2025,2025-10,Tuesday,Low,Low,Medium-Low,Low,Low,Low,High,Medium-Low
PR01182,2025-07-29,Plant B,P002,Hydraulic Valve,Valves,A,1009,1015,994,21,2.13,13,94.48,185,187775,2025,2025-07,Tuesday,Medium-High,Medium-High,Medium-High,Medium-High,Medium-Low,Low,High,Medium-Low
PR01183,2025-12-13,Plant D,P006,Bearing Unit,Components,C,876,871,863,8,0.95,20,95.44,125,108875,2025,2025-12,Saturday,Medium-High,Medium-High,Medium-High,Low,Low,Medium-Low,High,Low
PR01184,2025-01-17,Plant A,P005,Control Panel,Electrical,B,1199,1188,1163,25,2.16,70,84.75,680,807840,2025,2025-01,Friday,High,High,High,Medium-High,Medium-Low,High,Low,High
PR01185,2025-05-08,Plant B,P006,Bearing Unit,Components,A,310,290,288,2,0.97,60,86.09,125,36250,2025,2025-05,Thursday,Low,Low,Low,Low,Low,High,Medium-Low,Low
PR01186,2025-12-30,Plant A,P004,Gear Assembly,Assemblies,C,325,324,315,9,3.01,1,95.19,540,174960,2025,2025-12,Tuesday,Low,Low,Low,Low,Medium-High,Low,High,Medium-Low
PR01187,2025-09-08,Plant C,P001,Industrial Pump,Pumps,A,1256,1122,1109,13,1.2,52,87.44,420,471240,2025,2025-09,Monday,High,High,High,Medium-Low,Low,High,Medium-Low,Medium-High
PR01188,2025-06-28,Plant D,P005,Control Panel,Electrical,C,720,765,744,21,2.84,10,93.81,680,520200,2025,2025-06,Saturday,Medium-Low,Medium-Low,Medium-Low,Medium-High,Medium-High,Low,High,Medium-High
PR01189,2025-07-01,Plant A,P002,Hydraulic Valve,Valves,A,795,733,702,31,4.31,92,74.11,185,135605,2025,2025-07,Tuesday,Medium-Low,Medium-Low,Medium-Low,High,High,High,Low,Low
PR01190,2025-06-01,Plant C,P004,Gear Assembly,Assemblies,A,536,506,487,19,3.82,11,91.03,540,273240,2025,2025-06,Sunday,Low,Low,Low,Medium-Low,High,Low,Medium-High,Medium-Low
PR01191,2025-01-25,Plant A,P005,Control Panel,Electrical,A,1308,1220,1188,32,2.69,48,85.45,680,829600,2025,2025-01,Saturday,High,High,High,High,Medium-Low,Medium-High,Low,High
PR01192,2025-06-29,Plant B,P004,Gear Assembly,Assemblies,A,518,499,492,7,1.51,20,94.05,540,269460,2025,2025-06,Sunday,Low,Low,Low,Low,Low,Medium-Low,High,Medium-Low
PR01193,2025-07-17,Plant B,P004,Gear Assembly,Assemblies,A,760,763,741,22,3.01,40,85.79,540,412020,2025,2025-07,Thursday,Medium-Low,Medium-Low,Medium-Low,Medium-High,Medium-High,Medium-High,Medium-Low,Medium-High
PR01194,2025-12-10,Plant D,P002,Hydraulic Valve,Valves,B,962,959,941,18,1.9,21,92.05,185,177415,2025,2025-12,Wednesday,Medium-High,Medium-High,Medium-High,Medium-Low,Medium-Low,Medium-Low,Medium-High,Medium-Low
PR01195,2025-06-10,Plant C,P003,Electric Motor,Motors,C,934,886,859,27,3.06,9,97.23,760,673360,2025,2025-06,Tuesday,Medium-High,Medium-High,Medium-High,Medium-High,Medium-High,Low,High,High
PR01196,2025-06-26,Plant B,P005,Control Panel,Electrical,C,1289,1214,1208,6,0.57,14,98.0,680,825520,2025,2025-06,Thursday,High,High,High,Low,Low,Low,High,High
PR01197,2025-10-12,Plant A,P002,Hydraulic Valve,Valves,A,488,487,469,18,3.85,4,91.51,185,90095,2025,2025-10,Sunday,Low,Low,Low,Medium-Low,High,Low,Medium-High,Low
PR01198,2025-03-04,Plant A,P004,Gear Assembly,Assemblies,B,554,530,515,15,2.84,63,84.87,540,286200,2025,2025-03,Tuesday,Low,Low,Low,Medium-Low,Medium-High,High,Low,Medium-Low
PR01199,2025-05-30,Plant A,P002,Hydraulic Valve,Valves,A,367,342,323,19,5.67,51,82.55,185,63270,2025,2025-05,Friday,Low,Low,Low,Medium-Low,High,High,Low,Low
PR01200,2025-06-03,Plant A,P003,Electric Motor,Motors,A,915,850,812,38,4.5,36,85.84,760,646000,2025,2025-06,Tuesday,Medium-High,Medium-High,Medium-High,High,High,Medium-High,Medium-Low,High
