Inventory_ID,Date,Plant,Product_ID,Product_Name,Category,Opening_Stock,Received_Qty,Issued_Qty,Closing_Stock,Reorder_Level,Stock_Status,Unit_Cost,Inventory_Value,Date_year,Date_month,Date_day_of_week,Opening_Stock_group,Received_Qty_group,Issued_Qty_group,Closing_Stock_group,Reorder_Level_group,Inventory_Value_group
INV00001,2025-08-21,Plant D,P001,Industrial Pump,Pumps,4381,523,1465,3439,786,Healthy,420,1444380,2025,2025-08,Thursday,High,Medium-Low,High,Medium-High,High,Medium-High
INV00002,2025-12-06,Plant D,P004,Gear Assembly,Assemblies,3552,216,280,3488,683,Healthy,540,1883520,2025,2025-12,Saturday,Medium-High,Low,Low,Medium-High,Medium-High,Medium-High
INV00003,2025-11-24,Plant C,P006,Bearing Unit,Components,3734,989,400,4323,645,Healthy,125,540375,2025,2025-11,Monday,High,Medium-High,Low,High,Medium-High,Medium-Low
INV00004,2025-10-27,Plant C,P006,Bearing Unit,Components,387,1614,810,1191,772,Healthy,125,148875,2025,2025-10,Monday,Low,High,Medium-Low,Low,High,Low
INV00005,2025-10-13,Plant A,P006,Bearing Unit,Components,187,374,1644,0,302,Reorder,125,0,2025,2025-10,Monday,Low,Low,High,Low,Low,Low
INV00006,2025-02-04,Plant C,P003,Electric Motor,Motors,2305,35,1602,738,349,Healthy,760,560880,2025,2025-02,Tuesday,Medium-Low,Low,High,Low,Low,Medium-Low
INV00007,2025-01-21,Plant B,P005,Control Panel,Electrical,3067,775,1244,2598,803,Healthy,680,1766640,2025,2025-01,Tuesday,Medium-High,Medium-Low,Medium-High,Medium-High,High,Medium-High
INV00008,2025-04-21,Plant C,P003,Electric Motor,Motors,4350,27,912,3465,510,Healthy,760,2633400,2025,2025-04,Monday,High,Low,Medium-Low,Medium-High,Medium-Low,High
INV00009,2025-11-15,Plant A,P004,Gear Assembly,Assemblies,3634,1395,1205,3824,827,Healthy,540,2064960,2025,2025-11,Saturday,Medium-High,High,Medium-High,High,High,High
INV00010,2025-12-14,Plant C,P001,Industrial Pump,Pumps,319,85,406,0,582,Reorder,420,0,2025,2025-12,Sunday,Low,Low,Low,Low,Medium-Low,Low
INV00011,2025-05-25,Plant C,P006,Bearing Unit,Components,1582,187,1721,48,678,Reorder,125,6000,2025,2025-05,Sunday,Medium-Low,Low,High,Low,Medium-High,Low
INV00012,2025-01-12,Plant B,P001,Industrial Pump,Pumps,3338,304,1115,2527,625,Healthy,420,1061340,2025,2025-01,Sunday,Medium-High,Low,Medium-High,Medium-High,Medium-High,Medium-High
INV00013,2025-09-01,Plant D,P003,Electric Motor,Motors,421,765,1378,0,597,Reorder,760,0,2025,2025-09,Monday,Low,Medium-Low,High,Low,Medium-Low,Low
INV00014,2025-05-26,Plant C,P004,Gear Assembly,Assemblies,2838,1445,1079,3204,437,Healthy,540,1730160,2025,2025-05,Monday,Medium-High,High,Medium-High,Medium-High,Low,Medium-High
INV00015,2025-08-27,Plant A,P005,Control Panel,Electrical,1936,79,378,1637,424,Healthy,680,1113160,2025,2025-08,Wednesday,Medium-Low,Low,Low,Medium-Low,Low,Medium-High
INV00016,2025-04-02,Plant C,P004,Gear Assembly,Assemblies,2659,185,1243,1601,691,Healthy,540,864540,2025,2025-04,Wednesday,Medium-High,Low,Medium-High,Medium-Low,Medium-High,Medium-Low
INV00017,2025-11-12,Plant C,P006,Bearing Unit,Components,1668,1028,960,1736,701,Healthy,125,217000,2025,2025-11,Wednesday,Medium-Low,Medium-High,Medium-High,Medium-Low,Medium-High,Low
INV00018,2025-11-19,Plant B,P004,Gear Assembly,Assemblies,2422,557,387,2592,779,Healthy,540,1399680,2025,2025-11,Wednesday,Medium-Low,Medium-Low,Low,Medium-High,High,Medium-High
INV00019,2025-04-25,Plant D,P001,Industrial Pump,Pumps,4820,1520,1142,5198,700,Healthy,420,2183160,2025,2025-04,Friday,High,High,Medium-High,High,Medium-High,High
INV00020,2025-01-15,Plant D,P002,Hydraulic Valve,Valves,3063,508,931,2640,869,Healthy,185,488400,2025,2025-01,Wednesday,Medium-High,Medium-Low,Medium-Low,Medium-High,High,Medium-Low
INV00021,2025-09-29,Plant D,P006,Bearing Unit,Components,452,1637,588,1501,661,Healthy,125,187625,2025,2025-09,Monday,Low,High,Medium-Low,Medium-Low,Medium-High,Low
INV00022,2025-01-22,Plant C,P005,Control Panel,Electrical,1128,970,786,1312,365,Healthy,680,892160,2025,2025-01,Wednesday,Low,Medium-High,Medium-Low,Medium-Low,Low,Medium-High
INV00023,2025-04-28,Plant B,P006,Bearing Unit,Components,4670,1025,1580,4115,727,Healthy,125,514375,2025,2025-04,Monday,High,Medium-High,High,High,Medium-High,Medium-Low
INV00024,2025-04-05,Plant B,P006,Bearing Unit,Components,2109,216,1559,766,820,Reorder,125,95750,2025,2025-04,Saturday,Medium-Low,Low,High,Low,High,Low
INV00025,2025-09-14,Plant C,P005,Control Panel,Electrical,1027,1560,492,2095,731,Healthy,680,1424600,2025,2025-09,Sunday,Low,High,Low,Medium-Low,Medium-High,Medium-High
INV00026,2025-11-27,Plant B,P006,Bearing Unit,Components,129,256,973,0,404,Reorder,125,0,2025,2025-11,Thursday,Low,Low,Medium-High,Low,Low,Low
INV00027,2025-09-19,Plant D,P001,Industrial Pump,Pumps,2640,1758,969,3429,388,Healthy,420,1440180,2025,2025-09,Friday,Medium-High,High,Medium-High,Medium-High,Low,Medium-High
INV00028,2025-03-28,Plant B,P004,Gear Assembly,Assemblies,3919,1476,100,5295,305,Healthy,540,2859300,2025,2025-03,Friday,High,High,Low,High,Low,High
INV00029,2025-11-14,Plant C,P001,Industrial Pump,Pumps,594,1447,198,1843,457,Healthy,420,774060,2025,2025-11,Friday,Low,High,Low,Medium-Low,Low,Medium-Low
INV00030,2025-02-27,Plant C,P004,Gear Assembly,Assemblies,4583,323,1660,3246,678,Healthy,540,1752840,2025,2025-02,Thursday,High,Low,High,Medium-High,Medium-High,Medium-High
INV00031,2025-08-18,Plant A,P002,Hydraulic Valve,Valves,972,1522,1165,1329,629,Healthy,185,245865,2025,2025-08,Monday,Low,High,Medium-High,Medium-Low,Medium-High,Low
INV00032,2025-04-18,Plant A,P006,Bearing Unit,Components,934,1604,417,2121,402,Healthy,125,265125,2025,2025-04,Friday,Low,High,Low,Medium-Low,Low,Low
INV00033,2025-01-19,Plant B,P002,Hydraulic Valve,Valves,3424,196,629,2991,522,Healthy,185,553335,2025,2025-01,Sunday,Medium-High,Low,Medium-Low,Medium-High,Medium-Low,Medium-Low
INV00034,2025-12-31,Plant B,P003,Electric Motor,Motors,729,503,705,527,701,Reorder,760,400520,2025,2025-12,Wednesday,Low,Medium-Low,Medium-Low,Low,Medium-High,Medium-Low
INV00035,2025-05-21,Plant C,P004,Gear Assembly,Assemblies,3086,1295,125,4256,844,Healthy,540,2298240,2025,2025-05,Wednesday,Medium-High,Medium-High,Low,High,High,High
INV00036,2025-06-09,Plant A,P001,Industrial Pump,Pumps,129,693,1159,0,808,Reorder,420,0,2025,2025-06,Monday,Low,Medium-Low,Medium-High,Low,High,Low
INV00037,2025-04-10,Plant A,P001,Industrial Pump,Pumps,3882,958,276,4564,483,Healthy,420,1916880,2025,2025-04,Thursday,High,Medium-High,Low,High,Medium-Low,High
INV00038,2025-09-22,Plant D,P006,Bearing Unit,Components,906,17,1436,0,386,Reorder,125,0,2025,2025-09,Monday,Low,Low,High,Low,Low,Low
INV00039,2025-08-26,Plant D,P001,Industrial Pump,Pumps,2068,106,1008,1166,880,Healthy,420,489720,2025,2025-08,Tuesday,Medium-Low,Low,Medium-High,Low,High,Medium-Low
INV00040,2025-08-26,Plant C,P003,Electric Motor,Motors,3568,1552,1641,3479,679,Healthy,760,2644040,2025,2025-08,Tuesday,Medium-High,High,High,Medium-High,Medium-High,High
INV00041,2025-02-18,Plant C,P005,Control Panel,Electrical,3680,124,641,3163,837,Healthy,680,2150840,2025,2025-02,Tuesday,High,Low,Medium-Low,Medium-High,High,High
INV00042,2025-06-14,Plant C,P001,Industrial Pump,Pumps,2060,482,73,2469,712,Healthy,420,1036980,2025,2025-06,Saturday,Medium-Low,Medium-Low,Low,Medium-Low,Medium-High,Medium-High
INV00043,2025-10-14,Plant C,P006,Bearing Unit,Components,4439,1617,77,5979,817,Healthy,125,747375,2025,2025-10,Tuesday,High,High,Low,High,High,Medium-Low
INV00044,2025-02-28,Plant A,P002,Hydraulic Valve,Valves,320,1027,170,1177,594,Healthy,185,217745,2025,2025-02,Friday,Low,Medium-High,Low,Low,Medium-Low,Low
INV00045,2025-07-02,Plant C,P001,Industrial Pump,Pumps,1443,626,1563,506,559,Reorder,420,212520,2025,2025-07,Wednesday,Medium-Low,Medium-Low,High,Low,Medium-Low,Low
INV00046,2025-05-27,Plant C,P001,Industrial Pump,Pumps,4726,350,1678,3398,683,Healthy,420,1427160,2025,2025-05,Tuesday,High,Low,High,Medium-High,Medium-High,Medium-High
INV00047,2025-10-28,Plant A,P001,Industrial Pump,Pumps,2362,350,902,1810,603,Healthy,420,760200,2025,2025-10,Tuesday,Medium-Low,Low,Medium-Low,Medium-Low,Medium-Low,Medium-Low
INV00048,2025-04-06,Plant D,P006,Bearing Unit,Components,2514,648,673,2489,615,Healthy,125,311125,2025,2025-04,Sunday,Medium-Low,Medium-Low,Medium-Low,Medium-Low,Medium-High,Low
INV00049,2025-02-12,Plant C,P005,Control Panel,Electrical,2261,900,939,2222,376,Healthy,680,1510960,2025,2025-02,Wednesday,Medium-Low,Medium-High,Medium-Low,Medium-Low,Low,Medium-High
INV00050,2025-12-20,Plant D,P001,Industrial Pump,Pumps,4220,227,1418,3029,678,Healthy,420,1272180,2025,2025-12,Saturday,High,Low,High,Medium-High,Medium-High,Medium-High
INV00051,2025-09-14,Plant A,P005,Control Panel,Electrical,3081,15,80,3016,760,Healthy,680,2050880,2025,2025-09,Sunday,Medium-High,Low,Low,Medium-High,Medium-High,High
INV00052,2025-08-01,Plant D,P005,Control Panel,Electrical,957,424,1728,0,355,Reorder,680,0,2025,2025-08,Friday,Low,Low,High,Low,Low,Low
INV00053,2025-07-08,Plant A,P003,Electric Motor,Motors,872,463,1300,35,380,Reorder,760,26600,2025,2025-07,Tuesday,Low,Medium-Low,Medium-High,Low,Low,Low
INV00054,2025-05-11,Plant C,P002,Hydraulic Valve,Valves,2592,723,919,2396,475,Healthy,185,443260,2025,2025-05,Sunday,Medium-High,Medium-Low,Medium-Low,Medium-Low,Medium-Low,Medium-Low
INV00055,2025-12-13,Plant D,P001,Industrial Pump,Pumps,119,1269,1323,65,682,Reorder,420,27300,2025,2025-12,Saturday,Low,Medium-High,Medium-High,Low,Medium-High,Low
INV00056,2025-10-27,Plant C,P001,Industrial Pump,Pumps,905,793,99,1599,448,Healthy,420,671580,2025,2025-10,Monday,Low,Medium-Low,Low,Medium-Low,Low,Medium-Low
INV00057,2025-10-16,Plant B,P001,Industrial Pump,Pumps,1480,176,775,881,580,Healthy,420,370020,2025,2025-10,Thursday,Medium-Low,Low,Medium-Low,Low,Medium-Low,Medium-Low
INV00058,2025-05-17,Plant B,P005,Control Panel,Electrical,2275,542,438,2379,644,Healthy,680,1617720,2025,2025-05,Saturday,Medium-Low,Medium-Low,Low,Medium-Low,Medium-High,Medium-High
INV00059,2025-01-30,Plant D,P004,Gear Assembly,Assemblies,2505,508,993,2020,708,Healthy,540,1090800,2025,2025-01,Thursday,Medium-Low,Medium-Low,Medium-High,Medium-Low,Medium-High,Medium-High
INV00060,2025-05-26,Plant A,P002,Hydraulic Valve,Valves,3463,1585,1361,3687,329,Healthy,185,682095,2025,2025-05,Monday,Medium-High,High,Medium-High,High,Low,Medium-Low
INV00061,2025-11-08,Plant D,P006,Bearing Unit,Components,3526,1678,1780,3424,721,Healthy,125,428000,2025,2025-11,Saturday,Medium-High,High,High,Medium-High,Medium-High,Medium-Low
INV00062,2025-04-15,Plant A,P001,Industrial Pump,Pumps,980,563,1664,0,530,Reorder,420,0,2025,2025-04,Tuesday,Low,Medium-Low,High,Low,Medium-Low,Low
INV00063,2025-10-14,Plant B,P004,Gear Assembly,Assemblies,3208,232,1064,2376,658,Healthy,540,1283040,2025,2025-10,Tuesday,Medium-High,Low,Medium-High,Medium-Low,Medium-High,Medium-High
INV00064,2025-07-10,Plant A,P004,Gear Assembly,Assemblies,1433,1701,524,2610,461,Healthy,540,1409400,2025,2025-07,Thursday,Medium-Low,High,Medium-Low,Medium-High,Medium-Low,Medium-High
INV00065,2025-06-27,Plant B,P004,Gear Assembly,Assemblies,1784,1061,805,2040,527,Healthy,540,1101600,2025,2025-06,Friday,Medium-Low,Medium-High,Medium-Low,Medium-Low,Medium-Low,Medium-High
INV00066,2025-12-11,Plant D,P002,Hydraulic Valve,Valves,3064,490,652,2902,520,Healthy,185,536870,2025,2025-12,Thursday,Medium-High,Medium-Low,Medium-Low,Medium-High,Medium-Low,Medium-Low
INV00067,2025-08-27,Plant C,P004,Gear Assembly,Assemblies,1705,1016,975,1746,372,Healthy,540,942840,2025,2025-08,Wednesday,Medium-Low,Medium-High,Medium-High,Medium-Low,Low,Medium-High
INV00068,2025-01-01,Plant C,P006,Bearing Unit,Components,2657,443,1079,2021,698,Healthy,125,252625,2025,2025-01,Wednesday,Medium-High,Low,Medium-High,Medium-Low,Medium-High,Low
INV00069,2025-04-20,Plant C,P001,Industrial Pump,Pumps,543,19,842,0,394,Reorder,420,0,2025,2025-04,Sunday,Low,Low,Medium-Low,Low,Low,Low
INV00070,2025-12-04,Plant A,P006,Bearing Unit,Components,2142,1634,461,3315,774,Healthy,125,414375,2025,2025-12,Thursday,Medium-Low,High,Low,Medium-High,High,Medium-Low
INV00071,2025-10-02,Plant C,P001,Industrial Pump,Pumps,878,1750,711,1917,394,Healthy,420,805140,2025,2025-10,Thursday,Low,High,Medium-Low,Medium-Low,Low,Medium-Low
INV00072,2025-08-22,Plant A,P003,Electric Motor,Motors,3259,1579,1397,3441,423,Healthy,760,2615160,2025,2025-08,Friday,Medium-High,High,High,Medium-High,Low,High
INV00073,2025-03-05,Plant C,P005,Control Panel,Electrical,1846,110,1472,484,799,Reorder,680,329120,2025,2025-03,Wednesday,Medium-Low,Low,High,Low,High,Low
INV00074,2025-09-01,Plant A,P004,Gear Assembly,Assemblies,4040,486,1355,3171,347,Healthy,540,1712340,2025,2025-09,Monday,High,Medium-Low,Medium-High,Medium-High,Low,Medium-High
INV00075,2025-02-22,Plant A,P006,Bearing Unit,Components,520,88,240,368,394,Reorder,125,46000,2025,2025-02,Saturday,Low,Low,Low,Low,Low,Low
INV00076,2025-09-19,Plant B,P005,Control Panel,Electrical,1951,1342,835,2458,776,Healthy,680,1671440,2025,2025-09,Friday,Medium-Low,High,Medium-Low,Medium-Low,High,Medium-High
INV00077,2025-01-17,Plant B,P005,Control Panel,Electrical,2208,1141,634,2715,332,Healthy,680,1846200,2025,2025-01,Friday,Medium-Low,Medium-High,Medium-Low,Medium-High,Low,Medium-High
INV00078,2025-10-29,Plant D,P005,Control Panel,Electrical,4774,433,1008,4199,417,Healthy,680,2855320,2025,2025-10,Wednesday,High,Low,Medium-High,High,Low,High
INV00079,2025-08-22,Plant B,P005,Control Panel,Electrical,4096,1262,549,4809,550,Healthy,680,3270120,2025,2025-08,Friday,High,Medium-High,Medium-Low,High,Medium-Low,High
INV00080,2025-03-14,Plant A,P005,Control Panel,Electrical,1458,71,629,900,602,Healthy,680,612000,2025,2025-03,Friday,Medium-Low,Low,Medium-Low,Low,Medium-Low,Medium-Low
INV00081,2025-12-23,Plant B,P001,Industrial Pump,Pumps,4010,821,865,3966,421,Healthy,420,1665720,2025,2025-12,Tuesday,High,Medium-Low,Medium-Low,High,Low,Medium-High
INV00082,2025-04-01,Plant B,P002,Hydraulic Valve,Valves,2726,1422,1507,2641,517,Healthy,185,488585,2025,2025-04,Tuesday,Medium-High,High,High,Medium-High,Medium-Low,Medium-Low
INV00083,2025-01-06,Plant B,P004,Gear Assembly,Assemblies,2787,815,1136,2466,352,Healthy,540,1331640,2025,2025-01,Monday,Medium-High,Medium-Low,Medium-High,Medium-Low,Low,Medium-High
INV00084,2025-07-17,Plant A,P004,Gear Assembly,Assemblies,4306,403,1526,3183,425,Healthy,540,1718820,2025,2025-07,Thursday,High,Low,High,Medium-High,Low,Medium-High
INV00085,2025-12-31,Plant A,P001,Industrial Pump,Pumps,590,1698,1566,722,458,Healthy,420,303240,2025,2025-12,Wednesday,Low,High,High,Low,Low,Low
INV00086,2025-07-15,Plant D,P006,Bearing Unit,Components,1395,250,1719,0,475,Reorder,125,0,2025,2025-07,Tuesday,Medium-Low,Low,High,Low,Medium-Low,Low
INV00087,2025-10-23,Plant B,P001,Industrial Pump,Pumps,2181,868,1515,1534,591,Healthy,420,644280,2025,2025-10,Thursday,Medium-Low,Medium-High,High,Medium-Low,Medium-Low,Medium-Low
INV00088,2025-12-13,Plant B,P005,Control Panel,Electrical,3471,1218,1380,3309,458,Healthy,680,2250120,2025,2025-12,Saturday,Medium-High,Medium-High,High,Medium-High,Low,High
INV00089,2025-11-18,Plant A,P002,Hydraulic Valve,Valves,2272,1595,829,3038,790,Healthy,185,562030,2025,2025-11,Tuesday,Medium-Low,High,Medium-Low,Medium-High,High,Medium-Low
INV00090,2025-05-17,Plant D,P004,Gear Assembly,Assemblies,3274,1633,992,3915,656,Healthy,540,2114100,2025,2025-05,Saturday,Medium-High,High,Medium-High,High,Medium-High,High
INV00091,2025-09-24,Plant D,P006,Bearing Unit,Components,4164,867,1199,3832,536,Healthy,125,479000,2025,2025-09,Wednesday,High,Medium-High,Medium-High,High,Medium-Low,Medium-Low
INV00092,2025-04-26,Plant A,P003,Electric Motor,Motors,3853,1608,314,5147,727,Healthy,760,3911720,2025,2025-04,Saturday,High,High,Low,High,Medium-High,High
INV00093,2025-02-12,Plant B,P001,Industrial Pump,Pumps,3929,1245,56,5118,424,Healthy,420,2149560,2025,2025-02,Wednesday,High,Medium-High,Low,High,Low,High
INV00094,2025-08-19,Plant D,P003,Electric Motor,Motors,2049,1654,1486,2217,614,Healthy,760,1684920,2025,2025-08,Tuesday,Medium-Low,High,High,Medium-Low,Medium-High,Medium-High
INV00095,2025-02-27,Plant D,P004,Gear Assembly,Assemblies,3480,1205,1279,3406,578,Healthy,540,1839240,2025,2025-02,Thursday,Medium-High,Medium-High,Medium-High,Medium-High,Medium-Low,Medium-High
INV00096,2025-07-25,Plant B,P001,Industrial Pump,Pumps,511,895,1252,154,404,Reorder,420,64680,2025,2025-07,Friday,Low,Medium-High,Medium-High,Low,Low,Low
INV00097,2025-10-21,Plant D,P004,Gear Assembly,Assemblies,1522,1753,1541,1734,341,Healthy,540,936360,2025,2025-10,Tuesday,Medium-Low,High,High,Medium-Low,Low,Medium-High
INV00098,2025-04-04,Plant B,P001,Industrial Pump,Pumps,3081,255,1569,1767,696,Healthy,420,742140,2025,2025-04,Friday,Medium-High,Low,High,Medium-Low,Medium-High,Medium-Low
INV00099,2025-02-05,Plant D,P006,Bearing Unit,Components,1776,1111,744,2143,759,Healthy,125,267875,2025,2025-02,Wednesday,Medium-Low,Medium-High,Medium-Low,Medium-Low,Medium-High,Low
INV00100,2025-08-18,Plant D,P004,Gear Assembly,Assemblies,1746,872,1041,1577,790,Healthy,540,851580,2025,2025-08,Monday,Medium-Low,Medium-High,Medium-High,Medium-Low,High,Medium-Low
INV00101,2025-08-15,Plant A,P003,Electric Motor,Motors,2811,491,1516,1786,864,Healthy,760,1357360,2025,2025-08,Friday,Medium-High,Medium-Low,High,Medium-Low,High,Medium-High
INV00102,2025-07-02,Plant D,P002,Hydraulic Valve,Valves,4059,335,967,3427,467,Healthy,185,633995,2025,2025-07,Wednesday,High,Low,Medium-High,Medium-High,Medium-Low,Medium-Low
INV00103,2025-09-19,Plant B,P006,Bearing Unit,Components,1339,1561,1301,1599,473,Healthy,125,199875,2025,2025-09,Friday,Low,High,Medium-High,Medium-Low,Medium-Low,Low
INV00104,2025-05-11,Plant D,P006,Bearing Unit,Components,702,1430,797,1335,671,Healthy,125,166875,2025,2025-05,Sunday,Low,High,Medium-Low,Medium-Low,Medium-High,Low
INV00105,2025-03-06,Plant A,P001,Industrial Pump,Pumps,2037,632,195,2474,898,Healthy,420,1039080,2025,2025-03,Thursday,Medium-Low,Medium-Low,Low,Medium-Low,High,Medium-High
INV00106,2025-07-05,Plant D,P003,Electric Motor,Motors,125,1312,1643,0,449,Reorder,760,0,2025,2025-07,Saturday,Low,High,High,Low,Low,Low
INV00107,2025-04-27,Plant C,P004,Gear Assembly,Assemblies,4779,361,1369,3771,548,Healthy,540,2036340,2025,2025-04,Sunday,High,Low,High,High,Medium-Low,High
INV00108,2025-07-05,Plant B,P003,Electric Motor,Motors,1167,1464,290,2341,479,Healthy,760,1779160,2025,2025-07,Saturday,Low,High,Low,Medium-Low,Medium-Low,Medium-High
INV00109,2025-10-01,Plant C,P006,Bearing Unit,Components,479,1053,906,626,419,Healthy,125,78250,2025,2025-10,Wednesday,Low,Medium-High,Medium-Low,Low,Low,Low
INV00110,2025-05-31,Plant A,P001,Industrial Pump,Pumps,1384,918,336,1966,327,Healthy,420,825720,2025,2025-05,Saturday,Medium-Low,Medium-High,Low,Medium-Low,Low,Medium-Low
INV00111,2025-12-18,Plant C,P003,Electric Motor,Motors,4564,1737,1001,5300,416,Healthy,760,4028000,2025,2025-12,Thursday,High,High,Medium-High,High,Low,High
INV00112,2025-05-31,Plant D,P004,Gear Assembly,Assemblies,3282,893,1748,2427,561,Healthy,540,1310580,2025,2025-05,Saturday,Medium-High,Medium-High,High,Medium-Low,Medium-Low,Medium-High
INV00113,2025-02-05,Plant B,P005,Control Panel,Electrical,3847,1571,75,5343,337,Healthy,680,3633240,2025,2025-02,Wednesday,High,High,Low,High,Low,High
INV00114,2025-11-22,Plant C,P006,Bearing Unit,Components,2356,636,501,2491,496,Healthy,125,311375,2025,2025-11,Saturday,Medium-Low,Medium-Low,Low,Medium-Low,Medium-Low,Low
INV00115,2025-04-05,Plant D,P002,Hydraulic Valve,Valves,4027,1246,155,5118,824,Healthy,185,946830,2025,2025-04,Saturday,High,Medium-High,Low,High,High,Medium-High
INV00116,2025-05-14,Plant C,P002,Hydraulic Valve,Valves,4220,746,289,4677,736,Healthy,185,865245,2025,2025-05,Wednesday,High,Medium-Low,Low,High,Medium-High,Medium-Low
INV00117,2025-06-11,Plant D,P006,Bearing Unit,Components,645,1147,1491,301,709,Reorder,125,37625,2025,2025-06,Wednesday,Low,Medium-High,High,Low,Medium-High,Low
INV00118,2025-02-13,Plant D,P005,Control Panel,Electrical,374,682,381,675,632,Healthy,680,459000,2025,2025-02,Thursday,Low,Medium-Low,Low,Low,Medium-High,Medium-Low
INV00119,2025-10-27,Plant C,P001,Industrial Pump,Pumps,3541,1002,961,3582,830,Healthy,420,1504440,2025,2025-10,Monday,Medium-High,Medium-High,Medium-High,Medium-High,High,Medium-High
INV00120,2025-10-10,Plant A,P003,Electric Motor,Motors,2369,1006,1115,2260,764,Healthy,760,1717600,2025,2025-10,Friday,Medium-Low,Medium-High,Medium-High,Medium-Low,High,Medium-High
INV00121,2025-12-22,Plant B,P003,Electric Motor,Motors,3208,692,694,3206,457,Healthy,760,2436560,2025,2025-12,Monday,Medium-High,Medium-Low,Medium-Low,Medium-High,Low,High
INV00122,2025-08-28,Plant A,P005,Control Panel,Electrical,3022,214,1629,1607,459,Healthy,680,1092760,2025,2025-08,Thursday,Medium-High,Low,High,Medium-Low,Medium-Low,Medium-High
INV00123,2025-02-21,Plant C,P005,Control Panel,Electrical,3487,117,84,3520,633,Healthy,680,2393600,2025,2025-02,Friday,Medium-High,Low,Low,Medium-High,Medium-High,High
INV00124,2025-10-08,Plant D,P004,Gear Assembly,Assemblies,1970,226,925,1271,675,Healthy,540,686340,2025,2025-10,Wednesday,Medium-Low,Low,Medium-Low,Medium-Low,Medium-High,Medium-Low
INV00125,2025-03-15,Plant C,P004,Gear Assembly,Assemblies,4113,890,1420,3583,378,Healthy,540,1934820,2025,2025-03,Saturday,High,Medium-High,High,Medium-High,Low,High
INV00126,2025-10-22,Plant D,P002,Hydraulic Valve,Valves,210,443,433,220,496,Reorder,185,40700,2025,2025-10,Wednesday,Low,Low,Low,Low,Medium-Low,Low
INV00127,2025-08-26,Plant D,P001,Industrial Pump,Pumps,1855,548,1586,817,419,Healthy,420,343140,2025,2025-08,Tuesday,Medium-Low,Medium-Low,High,Low,Low,Low
INV00128,2025-06-16,Plant A,P001,Industrial Pump,Pumps,4903,828,860,4871,525,Healthy,420,2045820,2025,2025-06,Monday,High,Medium-Low,Medium-Low,High,Medium-Low,High
INV00129,2025-05-20,Plant A,P005,Control Panel,Electrical,1467,1631,1361,1737,894,Healthy,680,1181160,2025,2025-05,Tuesday,Medium-Low,High,Medium-High,Medium-Low,High,Medium-High
INV00130,2025-05-19,Plant C,P002,Hydraulic Valve,Valves,1628,1655,797,2486,709,Healthy,185,459910,2025,2025-05,Monday,Medium-Low,High,Medium-Low,Medium-Low,Medium-High,Medium-Low
INV00131,2025-08-23,Plant B,P002,Hydraulic Valve,Valves,651,1460,1008,1103,837,Healthy,185,204055,2025,2025-08,Saturday,Low,High,Medium-High,Low,High,Low
INV00132,2025-01-03,Plant A,P004,Gear Assembly,Assemblies,233,11,1106,0,638,Reorder,540,0,2025,2025-01,Friday,Low,Low,Medium-High,Low,Medium-High,Low
INV00133,2025-09-13,Plant D,P003,Electric Motor,Motors,3011,1145,144,4012,855,Healthy,760,3049120,2025,2025-09,Saturday,Medium-High,Medium-High,Low,High,High,High
INV00134,2025-10-05,Plant C,P001,Industrial Pump,Pumps,2113,1570,1069,2614,895,Healthy,420,1097880,2025,2025-10,Sunday,Medium-Low,High,Medium-High,Medium-High,High,Medium-High
INV00135,2025-01-04,Plant C,P002,Hydraulic Valve,Valves,3362,488,254,3596,836,Healthy,185,665260,2025,2025-01,Saturday,Medium-High,Medium-Low,Low,Medium-High,High,Medium-Low
INV00136,2025-09-27,Plant B,P004,Gear Assembly,Assemblies,1160,1274,1694,740,519,Healthy,540,399600,2025,2025-09,Saturday,Low,Medium-High,High,Low,Medium-Low,Medium-Low
INV00137,2025-07-31,Plant C,P004,Gear Assembly,Assemblies,2607,578,883,2302,592,Healthy,540,1243080,2025,2025-07,Thursday,Medium-High,Medium-Low,Medium-Low,Medium-Low,Medium-Low,Medium-High
INV00138,2025-08-04,Plant A,P004,Gear Assembly,Assemblies,2122,1505,79,3548,503,Healthy,540,1915920,2025,2025-08,Monday,Medium-Low,High,Low,Medium-High,Medium-Low,High
INV00139,2025-09-27,Plant D,P003,Electric Motor,Motors,2286,1573,315,3544,813,Healthy,760,2693440,2025,2025-09,Saturday,Medium-Low,High,Low,Medium-High,High,High
INV00140,2025-01-16,Plant C,P002,Hydraulic Valve,Valves,2765,1303,72,3996,501,Healthy,185,739260,2025,2025-01,Thursday,Medium-High,Medium-High,Low,High,Medium-Low,Medium-Low
INV00141,2025-03-05,Plant C,P005,Control Panel,Electrical,3270,741,658,3353,331,Healthy,680,2280040,2025,2025-03,Wednesday,Medium-High,Medium-Low,Medium-Low,Medium-High,Low,High
INV00142,2025-08-27,Plant D,P005,Control Panel,Electrical,2827,1360,88,4099,388,Healthy,680,2787320,2025,2025-08,Wednesday,Medium-High,High,Low,High,Low,High
INV00143,2025-01-16,Plant C,P004,Gear Assembly,Assemblies,3435,167,222,3380,501,Healthy,540,1825200,2025,2025-01,Thursday,Medium-High,Low,Low,Medium-High,Medium-Low,Medium-High
INV00144,2025-02-21,Plant C,P004,Gear Assembly,Assemblies,2746,960,809,2897,592,Healthy,540,1564380,2025,2025-02,Friday,Medium-High,Medium-High,Medium-Low,Medium-High,Medium-Low,Medium-High
INV00145,2025-01-19,Plant B,P003,Electric Motor,Motors,695,1351,1486,560,414,Healthy,760,425600,2025,2025-01,Sunday,Low,High,High,Low,Low,Medium-Low
INV00146,2025-11-21,Plant A,P004,Gear Assembly,Assemblies,4206,1269,463,5012,521,Healthy,540,2706480,2025,2025-11,Friday,High,Medium-High,Low,High,Medium-Low,High
INV00147,2025-04-03,Plant C,P006,Bearing Unit,Components,2474,1614,1747,2341,481,Healthy,125,292625,2025,2025-04,Thursday,Medium-Low,High,High,Medium-Low,Medium-Low,Low
INV00148,2025-09-18,Plant A,P002,Hydraulic Valve,Valves,3521,1649,741,4429,768,Healthy,185,819365,2025,2025-09,Thursday,Medium-High,High,Medium-Low,High,High,Medium-Low
INV00149,2025-10-25,Plant B,P004,Gear Assembly,Assemblies,2378,1324,664,3038,725,Healthy,540,1640520,2025,2025-10,Saturday,Medium-Low,High,Medium-Low,Medium-High,Medium-High,Medium-High
INV00150,2025-01-17,Plant A,P004,Gear Assembly,Assemblies,1264,1752,258,2758,851,Healthy,540,1489320,2025,2025-01,Friday,Low,High,Low,Medium-High,High,Medium-High
INV00151,2025-04-21,Plant B,P002,Hydraulic Valve,Valves,717,199,71,845,359,Healthy,185,156325,2025,2025-04,Monday,Low,Low,Low,Low,Low,Low
INV00152,2025-11-24,Plant A,P001,Industrial Pump,Pumps,4960,1523,54,6429,784,Healthy,420,2700180,2025,2025-11,Monday,High,High,Low,High,High,High
INV00153,2025-12-26,Plant A,P006,Bearing Unit,Components,4244,863,700,4407,310,Healthy,125,550875,2025,2025-12,Friday,High,Medium-Low,Medium-Low,High,Low,Medium-Low
INV00154,2025-04-04,Plant C,P006,Bearing Unit,Components,550,753,263,1040,684,Healthy,125,130000,2025,2025-04,Friday,Low,Medium-Low,Low,Low,Medium-High,Low
INV00155,2025-01-10,Plant A,P005,Control Panel,Electrical,1898,1036,1745,1189,709,Healthy,680,808520,2025,2025-01,Friday,Medium-Low,Medium-High,High,Low,Medium-High,Medium-Low
INV00156,2025-07-31,Plant C,P004,Gear Assembly,Assemblies,4686,1389,969,5106,341,Healthy,540,2757240,2025,2025-07,Thursday,High,High,Medium-High,High,Low,High
INV00157,2025-08-25,Plant C,P002,Hydraulic Valve,Valves,1992,1742,956,2778,422,Healthy,185,513930,2025,2025-08,Monday,Medium-Low,High,Medium-High,Medium-High,Low,Medium-Low
INV00158,2025-09-11,Plant A,P005,Control Panel,Electrical,2554,773,1212,2115,551,Healthy,680,1438200,2025,2025-09,Thursday,Medium-High,Medium-Low,Medium-High,Medium-Low,Medium-Low,Medium-High
INV00159,2025-01-16,Plant C,P003,Electric Motor,Motors,2322,96,1730,688,783,Reorder,760,522880,2025,2025-01,Thursday,Medium-Low,Low,High,Low,High,Medium-Low
INV00160,2025-05-24,Plant A,P001,Industrial Pump,Pumps,3908,70,721,3257,512,Healthy,420,1367940,2025,2025-05,Saturday,High,Low,Medium-Low,Medium-High,Medium-Low,Medium-High
INV00161,2025-02-11,Plant D,P004,Gear Assembly,Assemblies,1384,992,1668,708,567,Healthy,540,382320,2025,2025-02,Tuesday,Medium-Low,Medium-High,High,Low,Medium-Low,Medium-Low
INV00162,2025-01-03,Plant C,P001,Industrial Pump,Pumps,2627,1765,716,3676,839,Healthy,420,1543920,2025,2025-01,Friday,Medium-High,High,Medium-Low,High,High,Medium-High
INV00163,2025-06-05,Plant D,P004,Gear Assembly,Assemblies,1857,356,849,1364,434,Healthy,540,736560,2025,2025-06,Thursday,Medium-Low,Low,Medium-Low,Medium-Low,Low,Medium-Low
INV00164,2025-06-22,Plant D,P004,Gear Assembly,Assemblies,322,811,366,767,797,Reorder,540,414180,2025,2025-06,Sunday,Low,Medium-Low,Low,Low,High,Medium-Low
INV00165,2025-01-24,Plant C,P004,Gear Assembly,Assemblies,4464,543,842,4165,425,Healthy,540,2249100,2025,2025-01,Friday,High,Medium-Low,Medium-Low,High,Low,High
INV00166,2025-10-02,Plant B,P001,Industrial Pump,Pumps,1000,1273,625,1648,658,Healthy,420,692160,2025,2025-10,Thursday,Low,Medium-High,Medium-Low,Medium-Low,Medium-High,Medium-Low
INV00167,2025-03-16,Plant B,P006,Bearing Unit,Components,2465,253,1777,941,802,Healthy,125,117625,2025,2025-03,Sunday,Medium-Low,Low,High,Low,High,Low
INV00168,2025-02-09,Plant D,P003,Electric Motor,Motors,4580,1794,1229,5145,617,Healthy,760,3910200,2025,2025-02,Sunday,High,High,Medium-High,High,Medium-High,High
INV00169,2025-10-29,Plant D,P006,Bearing Unit,Components,1709,1205,1497,1417,311,Healthy,125,177125,2025,2025-10,Wednesday,Medium-Low,Medium-High,High,Medium-Low,Low,Low
INV00170,2025-02-09,Plant A,P002,Hydraulic Valve,Valves,4821,987,1573,4235,776,Healthy,185,783475,2025,2025-02,Sunday,High,Medium-High,High,High,High,Medium-Low
INV00171,2025-03-03,Plant D,P002,Hydraulic Valve,Valves,3390,1189,140,4439,593,Healthy,185,821215,2025,2025-03,Monday,Medium-High,Medium-High,Low,High,Medium-Low,Medium-Low
INV00172,2025-08-26,Plant C,P006,Bearing Unit,Components,1323,3,1727,0,739,Reorder,125,0,2025,2025-08,Tuesday,Low,Low,High,Low,Medium-High,Low
INV00173,2025-09-02,Plant B,P003,Electric Motor,Motors,2007,1486,1115,2378,815,Healthy,760,1807280,2025,2025-09,Tuesday,Medium-Low,High,Medium-High,Medium-Low,High,Medium-High
INV00174,2025-01-18,Plant B,P003,Electric Motor,Motors,1462,144,810,796,690,Healthy,760,604960,2025,2025-01,Saturday,Medium-Low,Low,Medium-Low,Low,Medium-High,Medium-Low
INV00175,2025-05-20,Plant B,P004,Gear Assembly,Assemblies,2851,164,1368,1647,615,Healthy,540,889380,2025,2025-05,Tuesday,Medium-High,Low,Medium-High,Medium-Low,Medium-High,Medium-High
INV00176,2025-03-23,Plant C,P004,Gear Assembly,Assemblies,4069,343,819,3593,307,Healthy,540,1940220,2025,2025-03,Sunday,High,Low,Medium-Low,Medium-High,Low,High
INV00177,2025-07-08,Plant A,P002,Hydraulic Valve,Valves,1368,1128,1410,1086,807,Healthy,185,200910,2025,2025-07,Tuesday,Medium-Low,Medium-High,High,Low,High,Low
INV00178,2025-04-18,Plant C,P004,Gear Assembly,Assemblies,1331,1571,50,2852,423,Healthy,540,1540080,2025,2025-04,Friday,Low,High,Low,Medium-High,Low,Medium-High
INV00179,2025-08-22,Plant C,P004,Gear Assembly,Assemblies,4168,1337,158,5347,671,Healthy,540,2887380,2025,2025-08,Friday,High,High,Low,High,Medium-High,High
INV00180,2025-09-25,Plant B,P003,Electric Motor,Motors,1847,1192,977,2062,613,Healthy,760,1567120,2025,2025-09,Thursday,Medium-Low,Medium-High,Medium-High,Medium-Low,Medium-High,Medium-High
INV00181,2025-04-14,Plant C,P001,Industrial Pump,Pumps,2658,519,1198,1979,484,Healthy,420,831180,2025,2025-04,Monday,Medium-High,Medium-Low,Medium-High,Medium-Low,Medium-Low,Medium-Low
INV00182,2025-05-14,Plant D,P006,Bearing Unit,Components,837,925,1137,625,846,Reorder,125,78125,2025,2025-05,Wednesday,Low,Medium-High,Medium-High,Low,High,Low
INV00183,2025-12-10,Plant C,P005,Control Panel,Electrical,4536,1621,255,5902,884,Healthy,680,4013360,2025,2025-12,Wednesday,High,High,Low,High,High,High
INV00184,2025-02-02,Plant B,P005,Control Panel,Electrical,3079,1459,1488,3050,824,Healthy,680,2074000,2025,2025-02,Sunday,Medium-High,High,High,Medium-High,High,High
INV00185,2025-08-25,Plant B,P004,Gear Assembly,Assemblies,2051,608,899,1760,338,Healthy,540,950400,2025,2025-08,Monday,Medium-Low,Medium-Low,Medium-Low,Medium-Low,Low,Medium-High
INV00186,2025-12-02,Plant C,P004,Gear Assembly,Assemblies,1881,511,1317,1075,383,Healthy,540,580500,2025,2025-12,Tuesday,Medium-Low,Medium-Low,Medium-High,Low,Low,Medium-Low
INV00187,2025-06-27,Plant D,P006,Bearing Unit,Components,629,408,639,398,320,Healthy,125,49750,2025,2025-06,Friday,Low,Low,Medium-Low,Low,Low,Low
INV00188,2025-01-12,Plant D,P005,Control Panel,Electrical,4229,435,672,3992,552,Healthy,680,2714560,2025,2025-01,Sunday,High,Low,Medium-Low,High,Medium-Low,High
INV00189,2025-12-17,Plant B,P003,Electric Motor,Motors,4518,1338,1727,4129,602,Healthy,760,3138040,2025,2025-12,Wednesday,High,High,High,High,Medium-Low,High
INV00190,2025-08-17,Plant D,P005,Control Panel,Electrical,1304,541,1289,556,557,Reorder,680,378080,2025,2025-08,Sunday,Low,Medium-Low,Medium-High,Low,Medium-Low,Medium-Low
INV00191,2025-11-05,Plant D,P005,Control Panel,Electrical,2086,612,1014,1684,841,Healthy,680,1145120,2025,2025-11,Wednesday,Medium-Low,Medium-Low,Medium-High,Medium-Low,High,Medium-High
INV00192,2025-09-26,Plant A,P005,Control Panel,Electrical,446,1602,1601,447,851,Reorder,680,303960,2025,2025-09,Friday,Low,High,High,Low,High,Low
INV00193,2025-12-24,Plant A,P004,Gear Assembly,Assemblies,1315,899,1014,1200,760,Healthy,540,648000,2025,2025-12,Wednesday,Low,Medium-High,Medium-High,Low,Medium-High,Medium-Low
INV00194,2025-05-11,Plant D,P004,Gear Assembly,Assemblies,2868,1086,1639,2315,523,Healthy,540,1250100,2025,2025-05,Sunday,Medium-High,Medium-High,High,Medium-Low,Medium-Low,Medium-High
INV00195,2025-09-06,Plant D,P006,Bearing Unit,Components,344,1055,702,697,391,Healthy,125,87125,2025,2025-09,Saturday,Low,Medium-High,Medium-Low,Low,Low,Low
INV00196,2025-02-27,Plant A,P005,Control Panel,Electrical,2825,1622,1453,2994,579,Healthy,680,2035920,2025,2025-02,Thursday,Medium-High,High,High,Medium-High,Medium-Low,High
INV00197,2025-01-04,Plant A,P004,Gear Assembly,Assemblies,3151,1234,128,4257,469,Healthy,540,2298780,2025,2025-01,Saturday,Medium-High,Medium-High,Low,High,Medium-Low,High
INV00198,2025-08-24,Plant A,P006,Bearing Unit,Components,232,1486,464,1254,547,Healthy,125,156750,2025,2025-08,Sunday,Low,High,Low,Low,Medium-Low,Low
INV00199,2025-06-22,Plant B,P005,Control Panel,Electrical,1470,562,1526,506,660,Reorder,680,344080,2025,2025-06,Sunday,Medium-Low,Medium-Low,High,Low,Medium-High,Low
INV00200,2025-11-18,Plant B,P003,Electric Motor,Motors,2196,574,1222,1548,648,Healthy,760,1176480,2025,2025-11,Tuesday,Medium-Low,Medium-Low,Medium-High,Medium-Low,Medium-High,Medium-High
INV00201,2025-02-05,Plant A,P004,Gear Assembly,Assemblies,1187,1103,688,1602,734,Healthy,540,865080,2025,2025-02,Wednesday,Low,Medium-High,Medium-Low,Medium-Low,Medium-High,Medium-Low
INV00202,2025-10-06,Plant A,P001,Industrial Pump,Pumps,1747,1021,1743,1025,705,Healthy,420,430500,2025,2025-10,Monday,Medium-Low,Medium-High,High,Low,Medium-High,Medium-Low
INV00203,2025-08-25,Plant A,P006,Bearing Unit,Components,1991,342,840,1493,377,Healthy,125,186625,2025,2025-08,Monday,Medium-Low,Low,Medium-Low,Medium-Low,Low,Low
INV00204,2025-10-02,Plant B,P004,Gear Assembly,Assemblies,1820,1255,1111,1964,757,Healthy,540,1060560,2025,2025-10,Thursday,Medium-Low,Medium-High,Medium-High,Medium-Low,Medium-High,Medium-High
INV00205,2025-10-23,Plant B,P003,Electric Motor,Motors,4102,612,1230,3484,885,Healthy,760,2647840,2025,2025-10,Thursday,High,Medium-Low,Medium-High,Medium-High,High,High
INV00206,2025-11-24,Plant D,P003,Electric Motor,Motors,2360,128,382,2106,691,Healthy,760,1600560,2025,2025-11,Monday,Medium-Low,Low,Low,Medium-Low,Medium-High,Medium-High
INV00207,2025-02-27,Plant C,P004,Gear Assembly,Assemblies,218,1042,337,923,313,Healthy,540,498420,2025,2025-02,Thursday,Low,Medium-High,Low,Low,Low,Medium-Low
INV00208,2025-12-29,Plant D,P002,Hydraulic Valve,Valves,3003,356,1185,2174,344,Healthy,185,402190,2025,2025-12,Monday,Medium-High,Low,Medium-High,Medium-Low,Low,Medium-Low
INV00209,2025-01-18,Plant C,P006,Bearing Unit,Components,2908,1442,1775,2575,337,Healthy,125,321875,2025,2025-01,Saturday,Medium-High,High,High,Medium-High,Low,Low
INV00210,2025-02-05,Plant C,P005,Control Panel,Electrical,994,958,1691,261,715,Reorder,680,177480,2025,2025-02,Wednesday,Low,Medium-High,High,Low,Medium-High,Low
INV00211,2025-05-09,Plant C,P005,Control Panel,Electrical,1365,1629,1164,1830,544,Healthy,680,1244400,2025,2025-05,Friday,Medium-Low,High,Medium-High,Medium-Low,Medium-Low,Medium-High
INV00212,2025-01-01,Plant D,P003,Electric Motor,Motors,462,80,1122,0,361,Reorder,760,0,2025,2025-01,Wednesday,Low,Low,Medium-High,Low,Low,Low
INV00213,2025-03-05,Plant B,P004,Gear Assembly,Assemblies,1873,1638,210,3301,792,Healthy,540,1782540,2025,2025-03,Wednesday,Medium-Low,High,Low,Medium-High,High,Medium-High
INV00214,2025-03-03,Plant B,P002,Hydraulic Valve,Valves,413,665,1589,0,622,Reorder,185,0,2025,2025-03,Monday,Low,Medium-Low,High,Low,Medium-High,Low
INV00215,2025-11-27,Plant B,P006,Bearing Unit,Components,1806,780,1475,1111,551,Healthy,125,138875,2025,2025-11,Thursday,Medium-Low,Medium-Low,High,Low,Medium-Low,Low
INV00216,2025-05-26,Plant B,P001,Industrial Pump,Pumps,3565,1141,1783,2923,767,Healthy,420,1227660,2025,2025-05,Monday,Medium-High,Medium-High,High,Medium-High,High,Medium-High
INV00217,2025-09-29,Plant D,P005,Control Panel,Electrical,4467,1517,369,5615,360,Healthy,680,3818200,2025,2025-09,Monday,High,High,Low,High,Low,High
INV00218,2025-01-17,Plant A,P006,Bearing Unit,Components,1889,790,973,1706,418,Healthy,125,213250,2025,2025-01,Friday,Medium-Low,Medium-Low,Medium-High,Medium-Low,Low,Low
INV00219,2025-10-07,Plant C,P006,Bearing Unit,Components,2493,491,413,2571,386,Healthy,125,321375,2025,2025-10,Tuesday,Medium-Low,Medium-Low,Low,Medium-High,Low,Low
INV00220,2025-04-08,Plant B,P002,Hydraulic Valve,Valves,3710,224,1515,2419,894,Healthy,185,447515,2025,2025-04,Tuesday,High,Low,High,Medium-Low,High,Medium-Low
INV00221,2025-08-15,Plant B,P006,Bearing Unit,Components,3794,986,524,4256,379,Healthy,125,532000,2025,2025-08,Friday,High,Medium-High,Medium-Low,High,Low,Medium-Low
INV00222,2025-08-31,Plant D,P005,Control Panel,Electrical,2380,418,1072,1726,527,Healthy,680,1173680,2025,2025-08,Sunday,Medium-Low,Low,Medium-High,Medium-Low,Medium-Low,Medium-High
INV00223,2025-07-20,Plant C,P004,Gear Assembly,Assemblies,1089,779,815,1053,782,Healthy,540,568620,2025,2025-07,Sunday,Low,Medium-Low,Medium-Low,Low,High,Medium-Low
INV00224,2025-06-28,Plant B,P005,Control Panel,Electrical,3780,136,651,3265,609,Healthy,680,2220200,2025,2025-06,Saturday,High,Low,Medium-Low,Medium-High,Medium-High,High
INV00225,2025-09-27,Plant A,P001,Industrial Pump,Pumps,2563,225,361,2427,882,Healthy,420,1019340,2025,2025-09,Saturday,Medium-High,Low,Low,Medium-Low,High,Medium-High
INV00226,2025-08-22,Plant B,P004,Gear Assembly,Assemblies,1004,1357,1605,756,784,Reorder,540,408240,2025,2025-08,Friday,Low,High,High,Low,High,Medium-Low
INV00227,2025-04-22,Plant C,P003,Electric Motor,Motors,3144,1252,638,3758,324,Healthy,760,2856080,2025,2025-04,Tuesday,Medium-High,Medium-High,Medium-Low,High,Low,High
INV00228,2025-03-07,Plant A,P002,Hydraulic Valve,Valves,3497,322,1293,2526,501,Healthy,185,467310,2025,2025-03,Friday,Medium-High,Low,Medium-High,Medium-High,Medium-Low,Medium-Low
INV00229,2025-12-04,Plant D,P005,Control Panel,Electrical,4097,1131,1747,3481,524,Healthy,680,2367080,2025,2025-12,Thursday,High,Medium-High,High,Medium-High,Medium-Low,High
INV00230,2025-12-15,Plant A,P004,Gear Assembly,Assemblies,4939,811,1570,4180,809,Healthy,540,2257200,2025,2025-12,Monday,High,Medium-Low,High,High,High,High
INV00231,2025-09-02,Plant C,P006,Bearing Unit,Components,1010,444,392,1062,878,Healthy,125,132750,2025,2025-09,Tuesday,Low,Low,Low,Low,High,Low
INV00232,2025-09-02,Plant C,P004,Gear Assembly,Assemblies,2707,6,955,1758,858,Healthy,540,949320,2025,2025-09,Tuesday,Medium-High,Low,Medium-High,Medium-Low,High,Medium-High
INV00233,2025-03-13,Plant A,P005,Control Panel,Electrical,1845,127,1700,272,819,Reorder,680,184960,2025,2025-03,Thursday,Medium-Low,Low,High,Low,High,Low
INV00234,2025-12-23,Plant B,P003,Electric Motor,Motors,2223,1376,1167,2432,482,Healthy,760,1848320,2025,2025-12,Tuesday,Medium-Low,High,Medium-High,Medium-Low,Medium-Low,Medium-High
INV00235,2025-02-18,Plant C,P005,Control Panel,Electrical,4442,266,1206,3502,376,Healthy,680,2381360,2025,2025-02,Tuesday,High,Low,Medium-High,Medium-High,Low,High
INV00236,2025-12-12,Plant A,P003,Electric Motor,Motors,1951,684,1574,1061,725,Healthy,760,806360,2025,2025-12,Friday,Medium-Low,Medium-Low,High,Low,Medium-High,Medium-Low
INV00237,2025-07-09,Plant C,P006,Bearing Unit,Components,4771,927,221,5477,366,Healthy,125,684625,2025,2025-07,Wednesday,High,Medium-High,Low,High,Low,Medium-Low
INV00238,2025-10-20,Plant B,P005,Control Panel,Electrical,3865,213,675,3403,793,Healthy,680,2314040,2025,2025-10,Monday,High,Low,Medium-Low,Medium-High,High,High
INV00239,2025-06-26,Plant B,P004,Gear Assembly,Assemblies,1715,246,1082,879,846,Healthy,540,474660,2025,2025-06,Thursday,Medium-Low,Low,Medium-High,Low,High,Medium-Low
INV00240,2025-06-10,Plant A,P001,Industrial Pump,Pumps,2490,1641,731,3400,376,Healthy,420,1428000,2025,2025-06,Tuesday,Medium-Low,High,Medium-Low,Medium-High,Low,Medium-High
INV00241,2025-05-30,Plant D,P001,Industrial Pump,Pumps,2862,1618,1394,3086,354,Healthy,420,1296120,2025,2025-05,Friday,Medium-High,High,High,Medium-High,Low,Medium-High
INV00242,2025-03-11,Plant D,P006,Bearing Unit,Components,1305,1397,1171,1531,772,Healthy,125,191375,2025,2025-03,Tuesday,Low,High,Medium-High,Medium-Low,High,Low
INV00243,2025-02-02,Plant B,P004,Gear Assembly,Assemblies,4126,420,1242,3304,546,Healthy,540,1784160,2025,2025-02,Sunday,High,Low,Medium-High,Medium-High,Medium-Low,Medium-High
INV00244,2025-10-11,Plant D,P001,Industrial Pump,Pumps,2779,1738,360,4157,738,Healthy,420,1745940,2025,2025-10,Saturday,Medium-High,High,Low,High,Medium-High,Medium-High
INV00245,2025-12-10,Plant B,P006,Bearing Unit,Components,2546,1064,963,2647,613,Healthy,125,330875,2025,2025-12,Wednesday,Medium-High,Medium-High,Medium-High,Medium-High,Medium-High,Low
INV00246,2025-09-17,Plant D,P003,Electric Motor,Motors,3412,716,1416,2712,619,Healthy,760,2061120,2025,2025-09,Wednesday,Medium-High,Medium-Low,High,Medium-High,Medium-High,High
INV00247,2025-11-18,Plant B,P004,Gear Assembly,Assemblies,4487,1371,479,5379,519,Healthy,540,2904660,2025,2025-11,Tuesday,High,High,Low,High,Medium-Low,High
INV00248,2025-03-18,Plant C,P003,Electric Motor,Motors,2201,1584,907,2878,670,Healthy,760,2187280,2025,2025-03,Tuesday,Medium-Low,High,Medium-Low,Medium-High,Medium-High,High
INV00249,2025-04-20,Plant A,P004,Gear Assembly,Assemblies,3316,142,1629,1829,515,Healthy,540,987660,2025,2025-04,Sunday,Medium-High,Low,High,Medium-Low,Medium-Low,Medium-High
INV00250,2025-11-01,Plant A,P003,Electric Motor,Motors,3769,140,1573,2336,348,Healthy,760,1775360,2025,2025-11,Saturday,High,Low,High,Medium-Low,Low,Medium-High
INV00251,2025-05-19,Plant D,P003,Electric Motor,Motors,3130,564,334,3360,762,Healthy,760,2553600,2025,2025-05,Monday,Medium-High,Medium-Low,Low,Medium-High,Medium-High,High
INV00252,2025-02-04,Plant A,P001,Industrial Pump,Pumps,2624,106,1711,1019,417,Healthy,420,427980,2025,2025-02,Tuesday,Medium-High,Low,High,Low,Low,Medium-Low
INV00253,2025-08-23,Plant D,P004,Gear Assembly,Assemblies,4217,32,1333,2916,381,Healthy,540,1574640,2025,2025-08,Saturday,High,Low,Medium-High,Medium-High,Low,Medium-High
INV00254,2025-11-26,Plant B,P005,Control Panel,Electrical,3407,1223,544,4086,562,Healthy,680,2778480,2025,2025-11,Wednesday,Medium-High,Medium-High,Medium-Low,High,Medium-Low,High
INV00255,2025-07-19,Plant C,P001,Industrial Pump,Pumps,2842,118,404,2556,888,Healthy,420,1073520,2025,2025-07,Saturday,Medium-High,Low,Low,Medium-High,High,Medium-High
INV00256,2025-11-21,Plant A,P003,Electric Motor,Motors,2061,228,263,2026,795,Healthy,760,1539760,2025,2025-11,Friday,Medium-Low,Low,Low,Medium-Low,High,Medium-High
INV00257,2025-05-31,Plant C,P003,Electric Motor,Motors,4725,1653,866,5512,475,Healthy,760,4189120,2025,2025-05,Saturday,High,High,Medium-Low,High,Medium-Low,High
INV00258,2025-02-03,Plant A,P005,Control Panel,Electrical,3721,687,249,4159,388,Healthy,680,2828120,2025,2025-02,Monday,High,Medium-Low,Low,High,Low,High
INV00259,2025-05-04,Plant B,P005,Control Panel,Electrical,200,1208,1309,99,658,Reorder,680,67320,2025,2025-05,Sunday,Low,Medium-High,Medium-High,Low,Medium-High,Low
INV00260,2025-02-01,Plant A,P003,Electric Motor,Motors,1413,829,902,1340,585,Healthy,760,1018400,2025,2025-02,Saturday,Medium-Low,Medium-Low,Medium-Low,Medium-Low,Medium-Low,Medium-High
INV00261,2025-09-29,Plant A,P005,Control Panel,Electrical,3548,1010,185,4373,596,Healthy,680,2973640,2025,2025-09,Monday,Medium-High,Medium-High,Low,High,Medium-Low,High
INV00262,2025-11-20,Plant B,P002,Hydraulic Valve,Valves,3344,849,997,3196,559,Healthy,185,591260,2025,2025-11,Thursday,Medium-High,Medium-Low,Medium-High,Medium-High,Medium-Low,Medium-Low
INV00263,2025-11-06,Plant D,P001,Industrial Pump,Pumps,2001,1238,677,2562,774,Healthy,420,1076040,2025,2025-11,Thursday,Medium-Low,Medium-High,Medium-Low,Medium-High,High,Medium-High
INV00264,2025-05-04,Plant D,P004,Gear Assembly,Assemblies,4774,732,966,4540,835,Healthy,540,2451600,2025,2025-05,Sunday,High,Medium-Low,Medium-High,High,High,High
INV00265,2025-11-12,Plant B,P005,Control Panel,Electrical,1314,1153,1740,727,861,Reorder,680,494360,2025,2025-11,Wednesday,Low,Medium-High,High,Low,High,Medium-Low
INV00266,2025-03-19,Plant D,P005,Control Panel,Electrical,3726,844,1495,3075,336,Healthy,680,2091000,2025,2025-03,Wednesday,High,Medium-Low,High,Medium-High,Low,High
INV00267,2025-03-17,Plant A,P002,Hydraulic Valve,Valves,889,271,1414,0,480,Reorder,185,0,2025,2025-03,Monday,Low,Low,High,Low,Medium-Low,Low
INV00268,2025-03-01,Plant C,P004,Gear Assembly,Assemblies,1466,1781,391,2856,324,Healthy,540,1542240,2025,2025-03,Saturday,Medium-Low,High,Low,Medium-High,Low,Medium-High
INV00269,2025-03-26,Plant B,P002,Hydraulic Valve,Valves,3723,634,1603,2754,648,Healthy,185,509490,2025,2025-03,Wednesday,High,Medium-Low,High,Medium-High,Medium-High,Medium-Low
INV00270,2025-03-21,Plant A,P004,Gear Assembly,Assemblies,602,1031,437,1196,842,Healthy,540,645840,2025,2025-03,Friday,Low,Medium-High,Low,Low,High,Medium-Low
INV00271,2025-06-21,Plant B,P001,Industrial Pump,Pumps,272,402,53,621,526,Healthy,420,260820,2025,2025-06,Saturday,Low,Low,Low,Low,Medium-Low,Low
INV00272,2025-09-15,Plant C,P005,Control Panel,Electrical,986,927,726,1187,647,Healthy,680,807160,2025,2025-09,Monday,Low,Medium-High,Medium-Low,Low,Medium-High,Medium-Low
INV00273,2025-10-06,Plant A,P001,Industrial Pump,Pumps,1517,1602,1712,1407,337,Healthy,420,590940,2025,2025-10,Monday,Medium-Low,High,High,Medium-Low,Low,Medium-Low
INV00274,2025-08-09,Plant A,P004,Gear Assembly,Assemblies,3632,626,448,3810,682,Healthy,540,2057400,2025,2025-08,Saturday,Medium-High,Medium-Low,Low,High,Medium-High,High
INV00275,2025-02-15,Plant C,P005,Control Panel,Electrical,4468,1392,1495,4365,869,Healthy,680,2968200,2025,2025-02,Saturday,High,High,High,High,High,High
INV00276,2025-03-14,Plant C,P002,Hydraulic Valve,Valves,3529,616,460,3685,535,Healthy,185,681725,2025,2025-03,Friday,Medium-High,Medium-Low,Low,High,Medium-Low,Medium-Low
INV00277,2025-02-23,Plant D,P003,Electric Motor,Motors,1509,980,262,2227,480,Healthy,760,1692520,2025,2025-02,Sunday,Medium-Low,Medium-High,Low,Medium-Low,Medium-Low,Medium-High
INV00278,2025-11-23,Plant A,P002,Hydraulic Valve,Valves,3023,536,609,2950,413,Healthy,185,545750,2025,2025-11,Sunday,Medium-High,Medium-Low,Medium-Low,Medium-High,Low,Medium-Low
INV00279,2025-08-09,Plant C,P003,Electric Motor,Motors,2010,1076,607,2479,605,Healthy,760,1884040,2025,2025-08,Saturday,Medium-Low,Medium-High,Medium-Low,Medium-Low,Medium-Low,Medium-High
INV00280,2025-12-03,Plant C,P002,Hydraulic Valve,Valves,360,246,607,0,431,Reorder,185,0,2025,2025-12,Wednesday,Low,Low,Medium-Low,Low,Low,Low
INV00281,2025-01-09,Plant A,P004,Gear Assembly,Assemblies,3452,336,1121,2667,647,Healthy,540,1440180,2025,2025-01,Thursday,Medium-High,Low,Medium-High,Medium-High,Medium-High,Medium-High
INV00282,2025-11-22,Plant D,P001,Industrial Pump,Pumps,1452,1304,1260,1496,479,Healthy,420,628320,2025,2025-11,Saturday,Medium-Low,Medium-High,Medium-High,Medium-Low,Medium-Low,Medium-Low
INV00283,2025-06-21,Plant B,P003,Electric Motor,Motors,1599,32,551,1080,714,Healthy,760,820800,2025,2025-06,Saturday,Medium-Low,Low,Medium-Low,Low,Medium-High,Medium-Low
INV00284,2025-03-25,Plant D,P004,Gear Assembly,Assemblies,4473,798,1705,3566,889,Healthy,540,1925640,2025,2025-03,Tuesday,High,Medium-Low,High,Medium-High,High,High
INV00285,2025-11-26,Plant C,P001,Industrial Pump,Pumps,2240,547,693,2094,684,Healthy,420,879480,2025,2025-11,Wednesday,Medium-Low,Medium-Low,Medium-Low,Medium-Low,Medium-High,Medium-Low
INV00286,2025-11-25,Plant B,P001,Industrial Pump,Pumps,3106,1366,580,3892,811,Healthy,420,1634640,2025,2025-11,Tuesday,Medium-High,High,Medium-Low,High,High,Medium-High
INV00287,2025-01-12,Plant B,P005,Control Panel,Electrical,3718,890,1002,3606,342,Healthy,680,2452080,2025,2025-01,Sunday,High,Medium-High,Medium-High,Medium-High,Low,High
INV00288,2025-02-01,Plant D,P005,Control Panel,Electrical,922,1262,836,1348,779,Healthy,680,916640,2025,2025-02,Saturday,Low,Medium-High,Medium-Low,Medium-Low,High,Medium-High
INV00289,2025-12-05,Plant B,P005,Control Panel,Electrical,631,1515,524,1622,417,Healthy,680,1102960,2025,2025-12,Friday,Low,High,Medium-Low,Medium-Low,Low,Medium-High
INV00290,2025-10-16,Plant C,P003,Electric Motor,Motors,2920,728,91,3557,870,Healthy,760,2703320,2025,2025-10,Thursday,Medium-High,Medium-Low,Low,Medium-High,High,High
INV00291,2025-11-16,Plant A,P003,Electric Motor,Motors,266,1200,653,813,360,Healthy,760,617880,2025,2025-11,Sunday,Low,Medium-High,Medium-Low,Low,Low,Medium-Low
INV00292,2025-10-31,Plant A,P001,Industrial Pump,Pumps,4431,43,1334,3140,852,Healthy,420,1318800,2025,2025-10,Friday,High,Low,Medium-High,Medium-High,High,Medium-High
INV00293,2025-09-29,Plant A,P003,Electric Motor,Motors,1155,303,97,1361,487,Healthy,760,1034360,2025,2025-09,Monday,Low,Low,Low,Medium-Low,Medium-Low,Medium-High
INV00294,2025-06-27,Plant D,P001,Industrial Pump,Pumps,1354,1693,1659,1388,752,Healthy,420,582960,2025,2025-06,Friday,Medium-Low,High,High,Medium-Low,Medium-High,Medium-Low
INV00295,2025-04-24,Plant A,P004,Gear Assembly,Assemblies,4386,268,777,3877,486,Healthy,540,2093580,2025,2025-04,Thursday,High,Low,Medium-Low,High,Medium-Low,High
INV00296,2025-01-26,Plant A,P002,Hydraulic Valve,Valves,4107,682,1519,3270,763,Healthy,185,604950,2025,2025-01,Sunday,High,Medium-Low,High,Medium-High,Medium-High,Medium-Low
INV00297,2025-08-25,Plant A,P001,Industrial Pump,Pumps,4808,1756,270,6294,463,Healthy,420,2643480,2025,2025-08,Monday,High,High,Low,High,Medium-Low,High
INV00298,2025-11-06,Plant B,P001,Industrial Pump,Pumps,1631,399,1694,336,723,Reorder,420,141120,2025,2025-11,Thursday,Medium-Low,Low,High,Low,Medium-High,Low
INV00299,2025-06-21,Plant B,P004,Gear Assembly,Assemblies,3628,1765,1720,3673,401,Healthy,540,1983420,2025,2025-06,Saturday,Medium-High,High,High,High,Low,High
INV00300,2025-08-21,Plant B,P005,Control Panel,Electrical,4142,602,989,3755,566,Healthy,680,2553400,2025,2025-08,Thursday,High,Medium-Low,Medium-High,High,Medium-Low,High
INV00301,2025-02-06,Plant C,P006,Bearing Unit,Components,1072,921,392,1601,452,Healthy,125,200125,2025,2025-02,Thursday,Low,Medium-High,Low,Medium-Low,Low,Low
INV00302,2025-09-22,Plant C,P005,Control Panel,Electrical,3924,970,1311,3583,728,Healthy,680,2436440,2025,2025-09,Monday,High,Medium-High,Medium-High,Medium-High,Medium-High,High
INV00303,2025-01-13,Plant C,P005,Control Panel,Electrical,4844,430,204,5070,726,Healthy,680,3447600,2025,2025-01,Monday,High,Low,Low,High,Medium-High,High
INV00304,2025-11-12,Plant A,P001,Industrial Pump,Pumps,205,420,987,0,877,Reorder,420,0,2025,2025-11,Wednesday,Low,Low,Medium-High,Low,High,Low
INV00305,2025-04-16,Plant B,P001,Industrial Pump,Pumps,1704,130,890,944,835,Healthy,420,396480,2025,2025-04,Wednesday,Medium-Low,Low,Medium-Low,Low,High,Medium-Low
INV00306,2025-05-06,Plant C,P003,Electric Motor,Motors,3873,1433,1129,4177,632,Healthy,760,3174520,2025,2025-05,Tuesday,High,High,Medium-High,High,Medium-High,High
INV00307,2025-12-02,Plant D,P003,Electric Motor,Motors,4387,1761,436,5712,739,Healthy,760,4341120,2025,2025-12,Tuesday,High,High,Low,High,Medium-High,High
INV00308,2025-05-10,Plant B,P002,Hydraulic Valve,Valves,1102,1248,943,1407,423,Healthy,185,260295,2025,2025-05,Saturday,Low,Medium-High,Medium-High,Medium-Low,Low,Low
INV00309,2025-11-12,Plant A,P002,Hydraulic Valve,Valves,4830,1166,1783,4213,601,Healthy,185,779405,2025,2025-11,Wednesday,High,Medium-High,High,High,Medium-Low,Medium-Low
INV00310,2025-09-13,Plant B,P006,Bearing Unit,Components,184,577,1388,0,648,Reorder,125,0,2025,2025-09,Saturday,Low,Medium-Low,High,Low,Medium-High,Low
INV00311,2025-04-25,Plant A,P003,Electric Motor,Motors,3095,539,87,3547,548,Healthy,760,2695720,2025,2025-04,Friday,Medium-High,Medium-Low,Low,Medium-High,Medium-Low,High
INV00312,2025-10-26,Plant C,P001,Industrial Pump,Pumps,4923,124,1414,3633,570,Healthy,420,1525860,2025,2025-10,Sunday,High,Low,High,Medium-High,Medium-Low,Medium-High
INV00313,2025-05-04,Plant A,P004,Gear Assembly,Assemblies,3387,1235,900,3722,728,Healthy,540,2009880,2025,2025-05,Sunday,Medium-High,Medium-High,Medium-Low,High,Medium-High,High
INV00314,2025-09-13,Plant A,P003,Electric Motor,Motors,4265,933,778,4420,869,Healthy,760,3359200,2025,2025-09,Saturday,High,Medium-High,Medium-Low,High,High,High
INV00315,2025-05-19,Plant D,P001,Industrial Pump,Pumps,253,1451,280,1424,883,Healthy,420,598080,2025,2025-05,Monday,Low,High,Low,Medium-Low,High,Medium-Low
INV00316,2025-07-25,Plant B,P003,Electric Motor,Motors,1561,1460,501,2520,546,Healthy,760,1915200,2025,2025-07,Friday,Medium-Low,High,Low,Medium-High,Medium-Low,High
INV00317,2025-02-16,Plant A,P005,Control Panel,Electrical,2912,591,1415,2088,780,Healthy,680,1419840,2025,2025-02,Sunday,Medium-High,Medium-Low,High,Medium-Low,High,Medium-High
INV00318,2025-08-05,Plant D,P003,Electric Motor,Motors,2119,1261,1526,1854,397,Healthy,760,1409040,2025,2025-08,Tuesday,Medium-Low,Medium-High,High,Medium-Low,Low,Medium-High
INV00319,2025-11-15,Plant D,P006,Bearing Unit,Components,1197,643,306,1534,628,Healthy,125,191750,2025,2025-11,Saturday,Low,Medium-Low,Low,Medium-Low,Medium-High,Low
INV00320,2025-12-16,Plant D,P005,Control Panel,Electrical,670,327,483,514,892,Reorder,680,349520,2025,2025-12,Tuesday,Low,Low,Low,Low,High,Low
INV00321,2025-05-03,Plant C,P001,Industrial Pump,Pumps,248,811,258,801,724,Healthy,420,336420,2025,2025-05,Saturday,Low,Medium-Low,Low,Low,Medium-High,Low
INV00322,2025-01-31,Plant C,P005,Control Panel,Electrical,3677,1142,1274,3545,876,Healthy,680,2410600,2025,2025-01,Friday,High,Medium-High,Medium-High,Medium-High,High,High
INV00323,2025-02-24,Plant A,P003,Electric Motor,Motors,2791,45,186,2650,723,Healthy,760,2014000,2025,2025-02,Monday,Medium-High,Low,Low,Medium-High,Medium-High,High
INV00324,2025-06-02,Plant B,P005,Control Panel,Electrical,2209,83,1713,579,304,Healthy,680,393720,2025,2025-06,Monday,Medium-Low,Low,High,Low,Low,Medium-Low
INV00325,2025-10-13,Plant C,P006,Bearing Unit,Components,2018,793,614,2197,758,Healthy,125,274625,2025,2025-10,Monday,Medium-Low,Medium-Low,Medium-Low,Medium-Low,Medium-High,Low
INV00326,2025-02-05,Plant C,P004,Gear Assembly,Assemblies,4969,351,905,4415,892,Healthy,540,2384100,2025,2025-02,Wednesday,High,Low,Medium-Low,High,High,High
INV00327,2025-11-02,Plant A,P005,Control Panel,Electrical,3755,1036,1467,3324,797,Healthy,680,2260320,2025,2025-11,Sunday,High,Medium-High,High,Medium-High,High,High
INV00328,2025-10-12,Plant A,P006,Bearing Unit,Components,1812,636,1669,779,386,Healthy,125,97375,2025,2025-10,Sunday,Medium-Low,Medium-Low,High,Low,Low,Low
INV00329,2025-09-13,Plant C,P005,Control Panel,Electrical,2592,1195,770,3017,701,Healthy,680,2051560,2025,2025-09,Saturday,Medium-High,Medium-High,Medium-Low,Medium-High,Medium-High,High
INV00330,2025-06-27,Plant A,P002,Hydraulic Valve,Valves,1444,233,894,783,592,Healthy,185,144855,2025,2025-06,Friday,Medium-Low,Low,Medium-Low,Low,Medium-Low,Low
INV00331,2025-02-05,Plant D,P004,Gear Assembly,Assemblies,4065,1204,85,5184,580,Healthy,540,2799360,2025,2025-02,Wednesday,High,Medium-High,Low,High,Medium-Low,High
INV00332,2025-09-11,Plant A,P001,Industrial Pump,Pumps,1206,1074,1288,992,496,Healthy,420,416640,2025,2025-09,Thursday,Low,Medium-High,Medium-High,Low,Medium-Low,Medium-Low
INV00333,2025-06-11,Plant D,P006,Bearing Unit,Components,3605,780,76,4309,382,Healthy,125,538625,2025,2025-06,Wednesday,Medium-High,Medium-Low,Low,High,Low,Medium-Low
INV00334,2025-01-21,Plant C,P005,Control Panel,Electrical,4212,680,1731,3161,326,Healthy,680,2149480,2025,2025-01,Tuesday,High,Medium-Low,High,Medium-High,Low,High
INV00335,2025-10-21,Plant B,P004,Gear Assembly,Assemblies,682,1418,67,2033,434,Healthy,540,1097820,2025,2025-10,Tuesday,Low,High,Low,Medium-Low,Low,Medium-High
INV00336,2025-03-16,Plant D,P001,Industrial Pump,Pumps,4450,932,679,4703,389,Healthy,420,1975260,2025,2025-03,Sunday,High,Medium-High,Medium-Low,High,Low,High
INV00337,2025-07-26,Plant B,P004,Gear Assembly,Assemblies,2790,1452,1210,3032,505,Healthy,540,1637280,2025,2025-07,Saturday,Medium-High,High,Medium-High,Medium-High,Medium-Low,Medium-High
INV00338,2025-06-27,Plant C,P006,Bearing Unit,Components,4756,1297,628,5425,326,Healthy,125,678125,2025,2025-06,Friday,High,Medium-High,Medium-Low,High,Low,Medium-Low
INV00339,2025-02-06,Plant A,P002,Hydraulic Valve,Valves,2680,860,952,2588,677,Healthy,185,478780,2025,2025-02,Thursday,Medium-High,Medium-Low,Medium-High,Medium-High,Medium-High,Medium-Low
INV00340,2025-04-30,Plant D,P006,Bearing Unit,Components,419,1230,1024,625,870,Reorder,125,78125,2025,2025-04,Wednesday,Low,Medium-High,Medium-High,Low,High,Low
INV00341,2025-04-28,Plant D,P006,Bearing Unit,Components,4415,147,1103,3459,883,Healthy,125,432375,2025,2025-04,Monday,High,Low,Medium-High,Medium-High,High,Medium-Low
INV00342,2025-01-01,Plant C,P001,Industrial Pump,Pumps,4894,299,1146,4047,714,Healthy,420,1699740,2025,2025-01,Wednesday,High,Low,Medium-High,High,Medium-High,Medium-High
INV00343,2025-07-28,Plant C,P001,Industrial Pump,Pumps,1537,1476,172,2841,526,Healthy,420,1193220,2025,2025-07,Monday,Medium-Low,High,Low,Medium-High,Medium-Low,Medium-High
INV00344,2025-11-07,Plant A,P005,Control Panel,Electrical,131,548,1006,0,367,Reorder,680,0,2025,2025-11,Friday,Low,Medium-Low,Medium-High,Low,Low,Low
INV00345,2025-07-27,Plant B,P003,Electric Motor,Motors,814,1696,1050,1460,661,Healthy,760,1109600,2025,2025-07,Sunday,Low,High,Medium-High,Medium-Low,Medium-High,Medium-High
INV00346,2025-06-03,Plant D,P006,Bearing Unit,Components,1139,977,1036,1080,559,Healthy,125,135000,2025,2025-06,Tuesday,Low,Medium-High,Medium-High,Low,Medium-Low,Low
INV00347,2025-09-07,Plant B,P001,Industrial Pump,Pumps,508,382,1301,0,362,Reorder,420,0,2025,2025-09,Sunday,Low,Low,Medium-High,Low,Low,Low
INV00348,2025-06-20,Plant D,P006,Bearing Unit,Components,1227,799,387,1639,691,Healthy,125,204875,2025,2025-06,Friday,Low,Medium-Low,Low,Medium-Low,Medium-High,Low
INV00349,2025-11-11,Plant D,P006,Bearing Unit,Components,806,1641,1040,1407,545,Healthy,125,175875,2025,2025-11,Tuesday,Low,High,Medium-High,Medium-Low,Medium-Low,Low
INV00350,2025-11-03,Plant A,P001,Industrial Pump,Pumps,3939,533,322,4150,577,Healthy,420,1743000,2025,2025-11,Monday,High,Medium-Low,Low,High,Medium-Low,Medium-High
INV00351,2025-04-17,Plant D,P002,Hydraulic Valve,Valves,3123,1256,1510,2869,646,Healthy,185,530765,2025,2025-04,Thursday,Medium-High,Medium-High,High,Medium-High,Medium-High,Medium-Low
INV00352,2025-05-23,Plant D,P002,Hydraulic Valve,Valves,3759,1657,951,4465,671,Healthy,185,826025,2025,2025-05,Friday,High,High,Medium-High,High,Medium-High,Medium-Low
INV00353,2025-01-08,Plant C,P006,Bearing Unit,Components,882,1152,88,1946,422,Healthy,125,243250,2025,2025-01,Wednesday,Low,Medium-High,Low,Medium-Low,Low,Low
INV00354,2025-04-04,Plant A,P002,Hydraulic Valve,Valves,2279,1752,731,3300,356,Healthy,185,610500,2025,2025-04,Friday,Medium-Low,High,Medium-Low,Medium-High,Low,Medium-Low
INV00355,2025-04-07,Plant C,P006,Bearing Unit,Components,1278,1683,475,2486,459,Healthy,125,310750,2025,2025-04,Monday,Low,High,Low,Medium-Low,Medium-Low,Low
INV00356,2025-01-07,Plant D,P005,Control Panel,Electrical,2506,569,364,2711,426,Healthy,680,1843480,2025,2025-01,Tuesday,Medium-Low,Medium-Low,Low,Medium-High,Low,Medium-High
INV00357,2025-10-01,Plant A,P001,Industrial Pump,Pumps,2907,930,663,3174,610,Healthy,420,1333080,2025,2025-10,Wednesday,Medium-High,Medium-High,Medium-Low,Medium-High,Medium-High,Medium-High
INV00358,2025-01-12,Plant D,P006,Bearing Unit,Components,4360,236,1582,3014,817,Healthy,125,376750,2025,2025-01,Sunday,High,Low,High,Medium-High,High,Medium-Low
INV00359,2025-01-02,Plant A,P002,Hydraulic Valve,Valves,2864,1605,804,3665,564,Healthy,185,678025,2025,2025-01,Thursday,Medium-High,High,Medium-Low,High,Medium-Low,Medium-Low
INV00360,2025-12-15,Plant B,P002,Hydraulic Valve,Valves,2824,965,206,3583,587,Healthy,185,662855,2025,2025-12,Monday,Medium-High,Medium-High,Low,Medium-High,Medium-Low,Medium-Low
INV00361,2025-01-07,Plant B,P004,Gear Assembly,Assemblies,2635,700,921,2414,719,Healthy,540,1303560,2025,2025-01,Tuesday,Medium-High,Medium-Low,Medium-Low,Medium-Low,Medium-High,Medium-High
INV00362,2025-01-12,Plant A,P004,Gear Assembly,Assemblies,312,753,826,239,827,Reorder,540,129060,2025,2025-01,Sunday,Low,Medium-Low,Medium-Low,Low,High,Low
INV00363,2025-12-06,Plant D,P002,Hydraulic Valve,Valves,2048,574,306,2316,439,Healthy,185,428460,2025,2025-12,Saturday,Medium-Low,Medium-Low,Low,Medium-Low,Low,Medium-Low
INV00364,2025-02-26,Plant A,P005,Control Panel,Electrical,4961,1508,904,5565,774,Healthy,680,3784200,2025,2025-02,Wednesday,High,High,Medium-Low,High,High,High
INV00365,2025-03-19,Plant D,P003,Electric Motor,Motors,3246,1264,684,3826,828,Healthy,760,2907760,2025,2025-03,Wednesday,Medium-High,Medium-High,Medium-Low,High,High,High
INV00366,2025-03-15,Plant B,P006,Bearing Unit,Components,1301,956,505,1752,688,Healthy,125,219000,2025,2025-03,Saturday,Low,Medium-High,Medium-Low,Medium-Low,Medium-High,Low
INV00367,2025-08-21,Plant D,P004,Gear Assembly,Assemblies,1919,1016,96,2839,810,Healthy,540,1533060,2025,2025-08,Thursday,Medium-Low,Medium-High,Low,Medium-High,High,Medium-High
INV00368,2025-10-06,Plant C,P006,Bearing Unit,Components,2989,1720,1405,3304,837,Healthy,125,413000,2025,2025-10,Monday,Medium-High,High,High,Medium-High,High,Medium-Low
INV00369,2025-01-30,Plant B,P004,Gear Assembly,Assemblies,744,770,59,1455,512,Healthy,540,785700,2025,2025-01,Thursday,Low,Medium-Low,Low,Medium-Low,Medium-Low,Medium-Low
INV00370,2025-11-10,Plant C,P001,Industrial Pump,Pumps,2459,1764,193,4030,812,Healthy,420,1692600,2025,2025-11,Monday,Medium-Low,High,Low,High,High,Medium-High
INV00371,2025-04-05,Plant B,P001,Industrial Pump,Pumps,4322,222,1504,3040,564,Healthy,420,1276800,2025,2025-04,Saturday,High,Low,High,Medium-High,Medium-Low,Medium-High
INV00372,2025-11-04,Plant B,P002,Hydraulic Valve,Valves,4572,1122,1225,4469,642,Healthy,185,826765,2025,2025-11,Tuesday,High,Medium-High,Medium-High,High,Medium-High,Medium-Low
INV00373,2025-02-25,Plant C,P001,Industrial Pump,Pumps,4420,1782,536,5666,337,Healthy,420,2379720,2025,2025-02,Tuesday,High,High,Medium-Low,High,Low,High
INV00374,2025-01-10,Plant A,P001,Industrial Pump,Pumps,3188,556,1209,2535,532,Healthy,420,1064700,2025,2025-01,Friday,Medium-High,Medium-Low,Medium-High,Medium-High,Medium-Low,Medium-High
INV00375,2025-05-27,Plant D,P003,Electric Motor,Motors,596,910,1660,0,559,Reorder,760,0,2025,2025-05,Tuesday,Low,Medium-High,High,Low,Medium-Low,Low
INV00376,2025-12-30,Plant B,P005,Control Panel,Electrical,2116,272,1099,1289,607,Healthy,680,876520,2025,2025-12,Tuesday,Medium-Low,Low,Medium-High,Medium-Low,Medium-Low,Medium-Low
INV00377,2025-03-28,Plant D,P002,Hydraulic Valve,Valves,572,1422,1080,914,702,Healthy,185,169090,2025,2025-03,Friday,Low,High,Medium-High,Low,Medium-High,Low
INV00378,2025-09-10,Plant B,P003,Electric Motor,Motors,1988,1540,640,2888,560,Healthy,760,2194880,2025,2025-09,Wednesday,Medium-Low,High,Medium-Low,Medium-High,Medium-Low,High
INV00379,2025-07-06,Plant D,P002,Hydraulic Valve,Valves,3482,429,1088,2823,775,Healthy,185,522255,2025,2025-07,Sunday,Medium-High,Low,Medium-High,Medium-High,High,Medium-Low
INV00380,2025-08-21,Plant B,P005,Control Panel,Electrical,1260,522,1505,277,405,Reorder,680,188360,2025,2025-08,Thursday,Low,Medium-Low,High,Low,Low,Low
INV00381,2025-09-10,Plant A,P002,Hydraulic Valve,Valves,2622,959,948,2633,546,Healthy,185,487105,2025,2025-09,Wednesday,Medium-High,Medium-High,Medium-High,Medium-High,Medium-Low,Medium-Low
INV00382,2025-08-12,Plant B,P006,Bearing Unit,Components,4412,1371,1473,4310,603,Healthy,125,538750,2025,2025-08,Tuesday,High,High,High,High,Medium-Low,Medium-Low
INV00383,2025-12-06,Plant A,P006,Bearing Unit,Components,295,909,256,948,642,Healthy,125,118500,2025,2025-12,Saturday,Low,Medium-High,Low,Low,Medium-High,Low
INV00384,2025-01-04,Plant B,P006,Bearing Unit,Components,2348,1574,1674,2248,746,Healthy,125,281000,2025,2025-01,Saturday,Medium-Low,High,High,Medium-Low,Medium-High,Low
INV00385,2025-12-19,Plant D,P001,Industrial Pump,Pumps,4561,450,1682,3329,337,Healthy,420,1398180,2025,2025-12,Friday,High,Medium-Low,High,Medium-High,Low,Medium-High
INV00386,2025-04-22,Plant C,P005,Control Panel,Electrical,2866,1011,959,2918,345,Healthy,680,1984240,2025,2025-04,Tuesday,Medium-High,Medium-High,Medium-High,Medium-High,Low,High
INV00387,2025-07-12,Plant B,P003,Electric Motor,Motors,1651,41,1289,403,519,Reorder,760,306280,2025,2025-07,Saturday,Medium-Low,Low,Medium-High,Low,Medium-Low,Low
INV00388,2025-05-21,Plant B,P003,Electric Motor,Motors,2547,1738,1575,2710,555,Healthy,760,2059600,2025,2025-05,Wednesday,Medium-High,High,High,Medium-High,Medium-Low,High
INV00389,2025-11-19,Plant A,P004,Gear Assembly,Assemblies,4409,93,1532,2970,436,Healthy,540,1603800,2025,2025-11,Wednesday,High,Low,High,Medium-High,Low,Medium-High
INV00390,2025-05-20,Plant D,P003,Electric Motor,Motors,2488,485,308,2665,530,Healthy,760,2025400,2025,2025-05,Tuesday,Medium-Low,Medium-Low,Low,Medium-High,Medium-Low,High
INV00391,2025-12-15,Plant A,P006,Bearing Unit,Components,3106,516,1402,2220,877,Healthy,125,277500,2025,2025-12,Monday,Medium-High,Medium-Low,High,Medium-Low,High,Low
INV00392,2025-04-05,Plant D,P006,Bearing Unit,Components,218,1587,503,1302,337,Healthy,125,162750,2025,2025-04,Saturday,Low,High,Medium-Low,Medium-Low,Low,Low
INV00393,2025-02-10,Plant D,P004,Gear Assembly,Assemblies,3596,1173,848,3921,454,Healthy,540,2117340,2025,2025-02,Monday,Medium-High,Medium-High,Medium-Low,High,Low,High
INV00394,2025-01-02,Plant A,P001,Industrial Pump,Pumps,1816,716,424,2108,802,Healthy,420,885360,2025,2025-01,Thursday,Medium-Low,Medium-Low,Low,Medium-Low,High,Medium-High
INV00395,2025-10-05,Plant C,P003,Electric Motor,Motors,2983,498,513,2968,404,Healthy,760,2255680,2025,2025-10,Sunday,Medium-High,Medium-Low,Medium-Low,Medium-High,Low,High
INV00396,2025-05-30,Plant D,P005,Control Panel,Electrical,3014,370,124,3260,554,Healthy,680,2216800,2025,2025-05,Friday,Medium-High,Low,Low,Medium-High,Medium-Low,High
INV00397,2025-02-10,Plant C,P004,Gear Assembly,Assemblies,1772,980,291,2461,703,Healthy,540,1328940,2025,2025-02,Monday,Medium-Low,Medium-High,Low,Medium-Low,Medium-High,Medium-High
INV00398,2025-12-17,Plant A,P003,Electric Motor,Motors,1302,698,1090,910,787,Healthy,760,691600,2025,2025-12,Wednesday,Low,Medium-Low,Medium-High,Low,High,Medium-Low
INV00399,2025-04-26,Plant C,P001,Industrial Pump,Pumps,1555,484,1762,277,757,Reorder,420,116340,2025,2025-04,Saturday,Medium-Low,Medium-Low,High,Low,Medium-High,Low
INV00400,2025-04-30,Plant D,P005,Control Panel,Electrical,4761,664,1332,4093,827,Healthy,680,2783240,2025,2025-04,Wednesday,High,Medium-Low,Medium-High,High,High,High
INV00401,2025-08-25,Plant A,P005,Control Panel,Electrical,4078,1406,172,5312,890,Healthy,680,3612160,2025,2025-08,Monday,High,High,Low,High,High,High
INV00402,2025-09-27,Plant C,P001,Industrial Pump,Pumps,2571,627,1384,1814,824,Healthy,420,761880,2025,2025-09,Saturday,Medium-High,Medium-Low,High,Medium-Low,High,Medium-Low
INV00403,2025-12-15,Plant A,P003,Electric Motor,Motors,217,1684,160,1741,669,Healthy,760,1323160,2025,2025-12,Monday,Low,High,Low,Medium-Low,Medium-High,Medium-High
INV00404,2025-10-18,Plant A,P002,Hydraulic Valve,Valves,467,731,1329,0,401,Reorder,185,0,2025,2025-10,Saturday,Low,Medium-Low,Medium-High,Low,Low,Low
INV00405,2025-01-09,Plant C,P003,Electric Motor,Motors,3276,191,283,3184,898,Healthy,760,2419840,2025,2025-01,Thursday,Medium-High,Low,Low,Medium-High,High,High
INV00406,2025-08-27,Plant D,P004,Gear Assembly,Assemblies,3474,1768,1017,4225,899,Healthy,540,2281500,2025,2025-08,Wednesday,Medium-High,High,Medium-High,High,High,High
INV00407,2025-04-28,Plant D,P004,Gear Assembly,Assemblies,3912,835,546,4201,840,Healthy,540,2268540,2025,2025-04,Monday,High,Medium-Low,Medium-Low,High,High,High
INV00408,2025-12-18,Plant D,P003,Electric Motor,Motors,2297,1244,1113,2428,811,Healthy,760,1845280,2025,2025-12,Thursday,Medium-Low,Medium-High,Medium-High,Medium-Low,High,Medium-High
INV00409,2025-11-11,Plant D,P006,Bearing Unit,Components,2229,1070,1195,2104,688,Healthy,125,263000,2025,2025-11,Tuesday,Medium-Low,Medium-High,Medium-High,Medium-Low,Medium-High,Low
INV00410,2025-11-08,Plant B,P004,Gear Assembly,Assemblies,1000,126,1523,0,662,Reorder,540,0,2025,2025-11,Saturday,Low,Low,High,Low,Medium-High,Low
INV00411,2025-01-10,Plant A,P002,Hydraulic Valve,Valves,292,726,776,242,414,Reorder,185,44770,2025,2025-01,Friday,Low,Medium-Low,Medium-Low,Low,Low,Low
INV00412,2025-01-25,Plant A,P006,Bearing Unit,Components,2870,1030,1592,2308,642,Healthy,125,288500,2025,2025-01,Saturday,Medium-High,Medium-High,High,Medium-Low,Medium-High,Low
INV00413,2025-06-22,Plant B,P002,Hydraulic Valve,Valves,3448,695,141,4002,373,Healthy,185,740370,2025,2025-06,Sunday,Medium-High,Medium-Low,Low,High,Low,Medium-Low
INV00414,2025-08-13,Plant A,P005,Control Panel,Electrical,1050,1139,1434,755,434,Healthy,680,513400,2025,2025-08,Wednesday,Low,Medium-High,High,Low,Low,Medium-Low
INV00415,2025-01-11,Plant A,P004,Gear Assembly,Assemblies,3706,563,1196,3073,889,Healthy,540,1659420,2025,2025-01,Saturday,High,Medium-Low,Medium-High,Medium-High,High,Medium-High
INV00416,2025-04-11,Plant C,P006,Bearing Unit,Components,357,365,386,336,679,Reorder,125,42000,2025,2025-04,Friday,Low,Low,Low,Low,Medium-High,Low
INV00417,2025-09-22,Plant B,P003,Electric Motor,Motors,1321,1069,1681,709,789,Reorder,760,538840,2025,2025-09,Monday,Low,Medium-High,High,Low,High,Medium-Low
INV00418,2025-11-23,Plant A,P006,Bearing Unit,Components,750,392,562,580,424,Healthy,125,72500,2025,2025-11,Sunday,Low,Low,Medium-Low,Low,Low,Low
INV00419,2025-03-24,Plant A,P005,Control Panel,Electrical,2418,953,652,2719,337,Healthy,680,1848920,2025,2025-03,Monday,Medium-Low,Medium-High,Medium-Low,Medium-High,Low,Medium-High
INV00420,2025-10-03,Plant B,P002,Hydraulic Valve,Valves,4591,22,477,4136,609,Healthy,185,765160,2025,2025-10,Friday,High,Low,Low,High,Medium-High,Medium-Low
INV00421,2025-12-11,Plant B,P005,Control Panel,Electrical,2525,1154,1506,2173,405,Healthy,680,1477640,2025,2025-12,Thursday,Medium-High,Medium-High,High,Medium-Low,Low,Medium-High
INV00422,2025-09-18,Plant C,P001,Industrial Pump,Pumps,1022,1150,56,2116,855,Healthy,420,888720,2025,2025-09,Thursday,Low,Medium-High,Low,Medium-Low,High,Medium-High
INV00423,2025-08-09,Plant C,P004,Gear Assembly,Assemblies,3259,444,169,3534,524,Healthy,540,1908360,2025,2025-08,Saturday,Medium-High,Low,Low,Medium-High,Medium-Low,Medium-High
INV00424,2025-11-07,Plant D,P003,Electric Motor,Motors,497,776,436,837,541,Healthy,760,636120,2025,2025-11,Friday,Low,Medium-Low,Low,Low,Medium-Low,Medium-Low
INV00425,2025-08-07,Plant D,P002,Hydraulic Valve,Valves,3014,1332,1423,2923,696,Healthy,185,540755,2025,2025-08,Thursday,Medium-High,High,High,Medium-High,Medium-High,Medium-Low
INV00426,2025-03-30,Plant C,P005,Control Panel,Electrical,660,707,690,677,452,Healthy,680,460360,2025,2025-03,Sunday,Low,Medium-Low,Medium-Low,Low,Low,Medium-Low
INV00427,2025-01-15,Plant A,P003,Electric Motor,Motors,289,432,1764,0,835,Reorder,760,0,2025,2025-01,Wednesday,Low,Low,High,Low,High,Low
INV00428,2025-09-03,Plant B,P004,Gear Assembly,Assemblies,304,472,1171,0,701,Reorder,540,0,2025,2025-09,Wednesday,Low,Medium-Low,Medium-High,Low,Medium-High,Low
INV00429,2025-06-25,Plant C,P003,Electric Motor,Motors,3115,47,1116,2046,445,Healthy,760,1554960,2025,2025-06,Wednesday,Medium-High,Low,Medium-High,Medium-Low,Low,Medium-High
INV00430,2025-01-04,Plant D,P004,Gear Assembly,Assemblies,4239,1105,232,5112,490,Healthy,540,2760480,2025,2025-01,Saturday,High,Medium-High,Low,High,Medium-Low,High
INV00431,2025-11-30,Plant B,P004,Gear Assembly,Assemblies,3471,1132,746,3857,882,Healthy,540,2082780,2025,2025-11,Sunday,Medium-High,Medium-High,Medium-Low,High,High,High
INV00432,2025-01-21,Plant D,P004,Gear Assembly,Assemblies,3141,262,614,2789,500,Healthy,540,1506060,2025,2025-01,Tuesday,Medium-High,Low,Medium-Low,Medium-High,Medium-Low,Medium-High
INV00433,2025-07-27,Plant A,P005,Control Panel,Electrical,1805,1054,1746,1113,311,Healthy,680,756840,2025,2025-07,Sunday,Medium-Low,Medium-High,High,Low,Low,Medium-Low
INV00434,2025-05-17,Plant A,P004,Gear Assembly,Assemblies,812,357,1308,0,351,Reorder,540,0,2025,2025-05,Saturday,Low,Low,Medium-High,Low,Low,Low
INV00435,2025-11-18,Plant D,P003,Electric Motor,Motors,3556,567,495,3628,601,Healthy,760,2757280,2025,2025-11,Tuesday,Medium-High,Medium-Low,Low,Medium-High,Medium-Low,High
INV00436,2025-12-29,Plant B,P001,Industrial Pump,Pumps,2784,479,249,3014,599,Healthy,420,1265880,2025,2025-12,Monday,Medium-High,Medium-Low,Low,Medium-High,Medium-Low,Medium-High
INV00437,2025-08-04,Plant D,P003,Electric Motor,Motors,4506,866,997,4375,820,Healthy,760,3325000,2025,2025-08,Monday,High,Medium-High,Medium-High,High,High,High
INV00438,2025-04-27,Plant B,P005,Control Panel,Electrical,3699,1212,562,4349,439,Healthy,680,2957320,2025,2025-04,Sunday,High,Medium-High,Medium-Low,High,Low,High
INV00439,2025-06-28,Plant C,P004,Gear Assembly,Assemblies,2421,1028,1599,1850,399,Healthy,540,999000,2025,2025-06,Saturday,Medium-Low,Medium-High,High,Medium-Low,Low,Medium-High
INV00440,2025-09-03,Plant D,P001,Industrial Pump,Pumps,3977,1309,1039,4247,784,Healthy,420,1783740,2025,2025-09,Wednesday,High,High,Medium-High,High,High,Medium-High
INV00441,2025-05-08,Plant D,P005,Control Panel,Electrical,3622,1680,262,5040,436,Healthy,680,3427200,2025,2025-05,Thursday,Medium-High,High,Low,High,Low,High
INV00442,2025-12-24,Plant B,P002,Hydraulic Valve,Valves,4726,1417,1451,4692,665,Healthy,185,868020,2025,2025-12,Wednesday,High,High,High,High,Medium-High,Medium-Low
INV00443,2025-03-19,Plant C,P002,Hydraulic Valve,Valves,4212,1478,595,5095,833,Healthy,185,942575,2025,2025-03,Wednesday,High,High,Medium-Low,High,High,Medium-High
INV00444,2025-08-17,Plant B,P002,Hydraulic Valve,Valves,2865,707,535,3037,806,Healthy,185,561845,2025,2025-08,Sunday,Medium-High,Medium-Low,Medium-Low,Medium-High,High,Medium-Low
INV00445,2025-10-20,Plant B,P001,Industrial Pump,Pumps,4665,425,1434,3656,460,Healthy,420,1535520,2025,2025-10,Monday,High,Low,High,High,Medium-Low,Medium-High
INV00446,2025-09-19,Plant D,P003,Electric Motor,Motors,654,1050,217,1487,474,Healthy,760,1130120,2025,2025-09,Friday,Low,Medium-High,Low,Medium-Low,Medium-Low,Medium-High
INV00447,2025-03-23,Plant D,P001,Industrial Pump,Pumps,2240,126,939,1427,387,Healthy,420,599340,2025,2025-03,Sunday,Medium-Low,Low,Medium-Low,Medium-Low,Low,Medium-Low
INV00448,2025-12-08,Plant B,P001,Industrial Pump,Pumps,2778,134,980,1932,698,Healthy,420,811440,2025,2025-12,Monday,Medium-High,Low,Medium-High,Medium-Low,Medium-High,Medium-Low
INV00449,2025-12-04,Plant A,P001,Industrial Pump,Pumps,683,1558,1755,486,779,Reorder,420,204120,2025,2025-12,Thursday,Low,High,High,Low,High,Low
INV00450,2025-11-03,Plant A,P002,Hydraulic Valve,Valves,2096,330,1667,759,844,Reorder,185,140415,2025,2025-11,Monday,Medium-Low,Low,High,Low,High,Low
INV00451,2025-03-07,Plant A,P006,Bearing Unit,Components,941,1652,1477,1116,776,Healthy,125,139500,2025,2025-03,Friday,Low,High,High,Low,High,Low
INV00452,2025-04-06,Plant D,P003,Electric Motor,Motors,2475,391,877,1989,582,Healthy,760,1511640,2025,2025-04,Sunday,Medium-Low,Low,Medium-Low,Medium-Low,Medium-Low,Medium-High
INV00453,2025-05-25,Plant D,P006,Bearing Unit,Components,4138,7,186,3959,751,Healthy,125,494875,2025,2025-05,Sunday,High,Low,Low,High,Medium-High,Medium-Low
INV00454,2025-03-06,Plant C,P006,Bearing Unit,Components,1904,612,1306,1210,381,Healthy,125,151250,2025,2025-03,Thursday,Medium-Low,Medium-Low,Medium-High,Low,Low,Low
INV00455,2025-01-09,Plant D,P001,Industrial Pump,Pumps,829,1284,164,1949,512,Healthy,420,818580,2025,2025-01,Thursday,Low,Medium-High,Low,Medium-Low,Medium-Low,Medium-Low
INV00456,2025-12-23,Plant C,P003,Electric Motor,Motors,4449,1222,1325,4346,819,Healthy,760,3302960,2025,2025-12,Tuesday,High,Medium-High,Medium-High,High,High,High
INV00457,2025-07-05,Plant D,P006,Bearing Unit,Components,1563,597,1566,594,433,Healthy,125,74250,2025,2025-07,Saturday,Medium-Low,Medium-Low,High,Low,Low,Low
INV00458,2025-06-07,Plant A,P004,Gear Assembly,Assemblies,2267,1763,1362,2668,746,Healthy,540,1440720,2025,2025-06,Saturday,Medium-Low,High,Medium-High,Medium-High,Medium-High,Medium-High
INV00459,2025-01-31,Plant A,P001,Industrial Pump,Pumps,1672,385,1122,935,417,Healthy,420,392700,2025,2025-01,Friday,Medium-Low,Low,Medium-High,Low,Low,Medium-Low
INV00460,2025-05-31,Plant B,P001,Industrial Pump,Pumps,1493,471,1525,439,895,Reorder,420,184380,2025,2025-05,Saturday,Medium-Low,Medium-Low,High,Low,High,Low
INV00461,2025-11-15,Plant B,P001,Industrial Pump,Pumps,356,178,565,0,542,Reorder,420,0,2025,2025-11,Saturday,Low,Low,Medium-Low,Low,Medium-Low,Low
INV00462,2025-08-30,Plant C,P004,Gear Assembly,Assemblies,227,449,737,0,449,Reorder,540,0,2025,2025-08,Saturday,Low,Low,Medium-Low,Low,Low,Low
INV00463,2025-06-05,Plant C,P004,Gear Assembly,Assemblies,1482,1263,1069,1676,832,Healthy,540,905040,2025,2025-06,Thursday,Medium-Low,Medium-High,Medium-High,Medium-Low,High,Medium-High
INV00464,2025-02-28,Plant B,P002,Hydraulic Valve,Valves,3828,1547,1345,4030,678,Healthy,185,745550,2025,2025-02,Friday,High,High,Medium-High,High,Medium-High,Medium-Low
INV00465,2025-01-10,Plant C,P005,Control Panel,Electrical,4751,814,1504,4061,824,Healthy,680,2761480,2025,2025-01,Friday,High,Medium-Low,High,High,High,High
INV00466,2025-12-11,Plant D,P003,Electric Motor,Motors,2800,1769,1099,3470,812,Healthy,760,2637200,2025,2025-12,Thursday,Medium-High,High,Medium-High,Medium-High,High,High
INV00467,2025-05-04,Plant A,P005,Control Panel,Electrical,3247,1206,1143,3310,416,Healthy,680,2250800,2025,2025-05,Sunday,Medium-High,Medium-High,Medium-High,Medium-High,Low,High
INV00468,2025-12-22,Plant B,P001,Industrial Pump,Pumps,2305,357,342,2320,875,Healthy,420,974400,2025,2025-12,Monday,Medium-Low,Low,Low,Medium-Low,High,Medium-High
INV00469,2025-12-12,Plant B,P006,Bearing Unit,Components,4280,375,1479,3176,616,Healthy,125,397000,2025,2025-12,Friday,High,Low,High,Medium-High,Medium-High,Medium-Low
INV00470,2025-10-09,Plant D,P001,Industrial Pump,Pumps,421,701,1307,0,311,Reorder,420,0,2025,2025-10,Thursday,Low,Medium-Low,Medium-High,Low,Low,Low
INV00471,2025-08-25,Plant C,P006,Bearing Unit,Components,2456,837,280,3013,389,Healthy,125,376625,2025,2025-08,Monday,Medium-Low,Medium-Low,Low,Medium-High,Low,Medium-Low
INV00472,2025-11-29,Plant B,P002,Hydraulic Valve,Valves,4479,1750,1336,4893,687,Healthy,185,905205,2025,2025-11,Saturday,High,High,Medium-High,High,Medium-High,Medium-High
INV00473,2025-01-17,Plant B,P005,Control Panel,Electrical,3213,1793,987,4019,382,Healthy,680,2732920,2025,2025-01,Friday,Medium-High,High,Medium-High,High,Low,High
INV00474,2025-11-20,Plant D,P001,Industrial Pump,Pumps,2017,537,1659,895,695,Healthy,420,375900,2025,2025-11,Thursday,Medium-Low,Medium-Low,High,Low,Medium-High,Medium-Low
INV00475,2025-01-23,Plant A,P005,Control Panel,Electrical,4056,781,1194,3643,844,Healthy,680,2477240,2025,2025-01,Thursday,High,Medium-Low,Medium-High,High,High,High
INV00476,2025-01-09,Plant B,P002,Hydraulic Valve,Valves,4809,81,1536,3354,399,Healthy,185,620490,2025,2025-01,Thursday,High,Low,High,Medium-High,Low,Medium-Low
INV00477,2025-07-26,Plant B,P005,Control Panel,Electrical,2796,1381,567,3610,756,Healthy,680,2454800,2025,2025-07,Saturday,Medium-High,High,Medium-Low,Medium-High,Medium-High,High
INV00478,2025-02-14,Plant D,P006,Bearing Unit,Components,1616,184,1097,703,627,Healthy,125,87875,2025,2025-02,Friday,Medium-Low,Low,Medium-High,Low,Medium-High,Low
INV00479,2025-11-27,Plant B,P003,Electric Motor,Motors,3393,287,755,2925,373,Healthy,760,2223000,2025,2025-11,Thursday,Medium-High,Low,Medium-Low,Medium-High,Low,High
INV00480,2025-01-27,Plant B,P002,Hydraulic Valve,Valves,4424,1085,1753,3756,395,Healthy,185,694860,2025,2025-01,Monday,High,Medium-High,High,High,Low,Medium-Low
INV00481,2025-07-07,Plant A,P005,Control Panel,Electrical,3145,882,426,3601,391,Healthy,680,2448680,2025,2025-07,Monday,Medium-High,Medium-High,Low,Medium-High,Low,High
INV00482,2025-05-20,Plant B,P001,Industrial Pump,Pumps,218,506,1573,0,629,Reorder,420,0,2025,2025-05,Tuesday,Low,Medium-Low,High,Low,Medium-High,Low
INV00483,2025-01-09,Plant D,P004,Gear Assembly,Assemblies,2471,1485,486,3470,474,Healthy,540,1873800,2025,2025-01,Thursday,Medium-Low,High,Low,Medium-High,Medium-Low,Medium-High
INV00484,2025-08-22,Plant A,P004,Gear Assembly,Assemblies,4515,29,902,3642,614,Healthy,540,1966680,2025,2025-08,Friday,High,Low,Medium-Low,Medium-High,Medium-High,High
INV00485,2025-04-02,Plant A,P002,Hydraulic Valve,Valves,4018,935,1795,3158,867,Healthy,185,584230,2025,2025-04,Wednesday,High,Medium-High,High,Medium-High,High,Medium-Low
INV00486,2025-03-18,Plant A,P004,Gear Assembly,Assemblies,3360,30,1718,1672,796,Healthy,540,902880,2025,2025-03,Tuesday,Medium-High,Low,High,Medium-Low,High,Medium-High
INV00487,2025-12-06,Plant C,P003,Electric Motor,Motors,2685,1316,1019,2982,568,Healthy,760,2266320,2025,2025-12,Saturday,Medium-High,High,Medium-High,Medium-High,Medium-Low,High
INV00488,2025-09-01,Plant D,P002,Hydraulic Valve,Valves,4896,1196,548,5544,727,Healthy,185,1025640,2025,2025-09,Monday,High,Medium-High,Medium-Low,High,Medium-High,Medium-High
INV00489,2025-11-29,Plant C,P001,Industrial Pump,Pumps,2541,1637,1247,2931,334,Healthy,420,1231020,2025,2025-11,Saturday,Medium-High,High,Medium-High,Medium-High,Low,Medium-High
INV00490,2025-06-04,Plant B,P001,Industrial Pump,Pumps,2799,1151,1736,2214,418,Healthy,420,929880,2025,2025-06,Wednesday,Medium-High,Medium-High,High,Medium-Low,Low,Medium-High
INV00491,2025-08-06,Plant A,P002,Hydraulic Valve,Valves,1117,85,649,553,670,Reorder,185,102305,2025,2025-08,Wednesday,Low,Low,Medium-Low,Low,Medium-High,Low
INV00492,2025-10-12,Plant C,P004,Gear Assembly,Assemblies,4601,1338,1582,4357,867,Healthy,540,2352780,2025,2025-10,Sunday,High,High,High,High,High,High
INV00493,2025-05-30,Plant B,P004,Gear Assembly,Assemblies,3147,27,827,2347,750,Healthy,540,1267380,2025,2025-05,Friday,Medium-High,Low,Medium-Low,Medium-Low,Medium-High,Medium-High
INV00494,2025-11-25,Plant C,P001,Industrial Pump,Pumps,2168,121,1383,906,608,Healthy,420,380520,2025,2025-11,Tuesday,Medium-Low,Low,High,Low,Medium-Low,Medium-Low
INV00495,2025-03-29,Plant A,P003,Electric Motor,Motors,3765,1274,119,4920,656,Healthy,760,3739200,2025,2025-03,Saturday,High,Medium-High,Low,High,Medium-High,High
INV00496,2025-04-16,Plant B,P006,Bearing Unit,Components,4350,572,254,4668,675,Healthy,125,583500,2025,2025-04,Wednesday,High,Medium-Low,Low,High,Medium-High,Medium-Low
INV00497,2025-10-21,Plant A,P004,Gear Assembly,Assemblies,4754,402,390,4766,404,Healthy,540,2573640,2025,2025-10,Tuesday,High,Low,Low,High,Low,High
INV00498,2025-04-05,Plant A,P003,Electric Motor,Motors,293,682,1105,0,689,Reorder,760,0,2025,2025-04,Saturday,Low,Medium-Low,Medium-High,Low,Medium-High,Low
INV00499,2025-09-10,Plant C,P004,Gear Assembly,Assemblies,2546,1466,1116,2896,475,Healthy,540,1563840,2025,2025-09,Wednesday,Medium-High,High,Medium-High,Medium-High,Medium-Low,Medium-High
INV00500,2025-02-08,Plant D,P006,Bearing Unit,Components,1499,271,167,1603,405,Healthy,125,200375,2025,2025-02,Saturday,Medium-Low,Low,Low,Medium-Low,Low,Low
INV00501,2025-09-12,Plant B,P002,Hydraulic Valve,Valves,2619,836,938,2517,891,Healthy,185,465645,2025,2025-09,Friday,Medium-High,Medium-Low,Medium-Low,Medium-High,High,Medium-Low
INV00502,2025-02-23,Plant B,P005,Control Panel,Electrical,4027,112,64,4075,462,Healthy,680,2771000,2025,2025-02,Sunday,High,Low,Low,High,Medium-Low,High
INV00503,2025-08-31,Plant D,P001,Industrial Pump,Pumps,3787,1729,1395,4121,566,Healthy,420,1730820,2025,2025-08,Sunday,High,High,High,High,Medium-Low,Medium-High
INV00504,2025-04-20,Plant B,P002,Hydraulic Valve,Valves,4997,1417,960,5454,862,Healthy,185,1008990,2025,2025-04,Sunday,High,High,Medium-High,High,High,Medium-High
INV00505,2025-09-11,Plant C,P004,Gear Assembly,Assemblies,652,18,676,0,578,Reorder,540,0,2025,2025-09,Thursday,Low,Low,Medium-Low,Low,Medium-Low,Low
INV00506,2025-04-22,Plant B,P006,Bearing Unit,Components,829,604,1410,23,602,Reorder,125,2875,2025,2025-04,Tuesday,Low,Medium-Low,High,Low,Medium-Low,Low
INV00507,2025-06-23,Plant C,P001,Industrial Pump,Pumps,2660,1752,1605,2807,886,Healthy,420,1178940,2025,2025-06,Monday,Medium-High,High,High,Medium-High,High,Medium-High
INV00508,2025-07-08,Plant B,P005,Control Panel,Electrical,4097,464,739,3822,426,Healthy,680,2598960,2025,2025-07,Tuesday,High,Medium-Low,Medium-Low,High,Low,High
INV00509,2025-08-09,Plant C,P005,Control Panel,Electrical,4366,690,823,4233,545,Healthy,680,2878440,2025,2025-08,Saturday,High,Medium-Low,Medium-Low,High,Medium-Low,High
INV00510,2025-09-06,Plant D,P006,Bearing Unit,Components,893,1010,1664,239,533,Reorder,125,29875,2025,2025-09,Saturday,Low,Medium-High,High,Low,Medium-Low,Low
INV00511,2025-02-21,Plant B,P006,Bearing Unit,Components,224,1214,1454,0,884,Reorder,125,0,2025,2025-02,Friday,Low,Medium-High,High,Low,High,Low
INV00512,2025-06-11,Plant C,P004,Gear Assembly,Assemblies,274,1516,1584,206,738,Reorder,540,111240,2025,2025-06,Wednesday,Low,High,High,Low,Medium-High,Low
INV00513,2025-02-04,Plant A,P001,Industrial Pump,Pumps,2651,1013,962,2702,436,Healthy,420,1134840,2025,2025-02,Tuesday,Medium-High,Medium-High,Medium-High,Medium-High,Low,Medium-High
INV00514,2025-02-06,Plant A,P004,Gear Assembly,Assemblies,3948,162,169,3941,855,Healthy,540,2128140,2025,2025-02,Thursday,High,Low,Low,High,High,High
INV00515,2025-11-30,Plant A,P005,Control Panel,Electrical,3556,1635,75,5116,448,Healthy,680,3478880,2025,2025-11,Sunday,Medium-High,High,Low,High,Low,High
INV00516,2025-11-13,Plant B,P002,Hydraulic Valve,Valves,2858,698,1607,1949,355,Healthy,185,360565,2025,2025-11,Thursday,Medium-High,Medium-Low,High,Medium-Low,Low,Low
INV00517,2025-04-21,Plant C,P002,Hydraulic Valve,Valves,3939,294,1786,2447,655,Healthy,185,452695,2025,2025-04,Monday,High,Low,High,Medium-Low,Medium-High,Medium-Low
INV00518,2025-06-26,Plant A,P003,Electric Motor,Motors,3855,578,113,4320,556,Healthy,760,3283200,2025,2025-06,Thursday,High,Medium-Low,Low,High,Medium-Low,High
INV00519,2025-01-09,Plant B,P005,Control Panel,Electrical,3742,1096,509,4329,362,Healthy,680,2943720,2025,2025-01,Thursday,High,Medium-High,Medium-Low,High,Low,High
INV00520,2025-10-02,Plant C,P005,Control Panel,Electrical,4301,1767,1799,4269,362,Healthy,680,2902920,2025,2025-10,Thursday,High,High,High,High,Low,High
INV00521,2025-05-01,Plant A,P004,Gear Assembly,Assemblies,2070,700,363,2407,328,Healthy,540,1299780,2025,2025-05,Thursday,Medium-Low,Medium-Low,Low,Medium-Low,Low,Medium-High
INV00522,2025-04-15,Plant A,P003,Electric Motor,Motors,1760,1585,854,2491,851,Healthy,760,1893160,2025,2025-04,Tuesday,Medium-Low,High,Medium-Low,Medium-Low,High,Medium-High
INV00523,2025-06-05,Plant B,P006,Bearing Unit,Components,2675,1332,1663,2344,899,Healthy,125,293000,2025,2025-06,Thursday,Medium-High,High,High,Medium-Low,High,Low
INV00524,2025-12-02,Plant C,P003,Electric Motor,Motors,137,301,1289,0,867,Reorder,760,0,2025,2025-12,Tuesday,Low,Low,Medium-High,Low,High,Low
INV00525,2025-01-26,Plant B,P001,Industrial Pump,Pumps,4590,1331,1529,4392,599,Healthy,420,1844640,2025,2025-01,Sunday,High,High,High,High,Medium-Low,Medium-High
INV00526,2025-10-23,Plant A,P004,Gear Assembly,Assemblies,2624,123,1035,1712,514,Healthy,540,924480,2025,2025-10,Thursday,Medium-High,Low,Medium-High,Medium-Low,Medium-Low,Medium-High
INV00527,2025-01-25,Plant B,P006,Bearing Unit,Components,4917,668,785,4800,440,Healthy,125,600000,2025,2025-01,Saturday,High,Medium-Low,Medium-Low,High,Low,Medium-Low
INV00528,2025-12-21,Plant B,P006,Bearing Unit,Components,3676,1284,938,4022,806,Healthy,125,502750,2025,2025-12,Sunday,High,Medium-High,Medium-Low,High,High,Medium-Low
INV00529,2025-03-10,Plant A,P002,Hydraulic Valve,Valves,1408,194,1613,0,860,Reorder,185,0,2025,2025-03,Monday,Medium-Low,Low,High,Low,High,Low
INV00530,2025-11-23,Plant A,P001,Industrial Pump,Pumps,3635,841,1031,3445,798,Healthy,420,1446900,2025,2025-11,Sunday,Medium-High,Medium-Low,Medium-High,Medium-High,High,Medium-High
INV00531,2025-05-31,Plant C,P003,Electric Motor,Motors,4560,350,1786,3124,801,Healthy,760,2374240,2025,2025-05,Saturday,High,Low,High,Medium-High,High,High
INV00532,2025-12-11,Plant C,P002,Hydraulic Valve,Valves,2328,1791,628,3491,886,Healthy,185,645835,2025,2025-12,Thursday,Medium-Low,High,Medium-Low,Medium-High,High,Medium-Low
INV00533,2025-03-06,Plant A,P005,Control Panel,Electrical,4929,488,1546,3871,490,Healthy,680,2632280,2025,2025-03,Thursday,High,Medium-Low,High,High,Medium-Low,High
INV00534,2025-05-30,Plant A,P004,Gear Assembly,Assemblies,3023,199,1432,1790,348,Healthy,540,966600,2025,2025-05,Friday,Medium-High,Low,High,Medium-Low,Low,Medium-High
INV00535,2025-11-16,Plant D,P003,Electric Motor,Motors,3141,883,1199,2825,662,Healthy,760,2147000,2025,2025-11,Sunday,Medium-High,Medium-High,Medium-High,Medium-High,Medium-High,High
INV00536,2025-09-02,Plant D,P005,Control Panel,Electrical,2808,507,1021,2294,795,Healthy,680,1559920,2025,2025-09,Tuesday,Medium-High,Medium-Low,Medium-High,Medium-Low,High,Medium-High
INV00537,2025-02-27,Plant C,P006,Bearing Unit,Components,4439,897,910,4426,576,Healthy,125,553250,2025,2025-02,Thursday,High,Medium-High,Medium-Low,High,Medium-Low,Medium-Low
INV00538,2025-06-05,Plant B,P003,Electric Motor,Motors,4508,1603,756,5355,346,Healthy,760,4069800,2025,2025-06,Thursday,High,High,Medium-Low,High,Low,High
INV00539,2025-04-22,Plant A,P002,Hydraulic Valve,Valves,4271,445,1759,2957,515,Healthy,185,547045,2025,2025-04,Tuesday,High,Low,High,Medium-High,Medium-Low,Medium-Low
INV00540,2025-05-03,Plant A,P001,Industrial Pump,Pumps,4052,79,1160,2971,529,Healthy,420,1247820,2025,2025-05,Saturday,High,Low,Medium-High,Medium-High,Medium-Low,Medium-High
INV00541,2025-12-19,Plant B,P002,Hydraulic Valve,Valves,2409,744,1416,1737,622,Healthy,185,321345,2025,2025-12,Friday,Medium-Low,Medium-Low,High,Medium-Low,Medium-High,Low
INV00542,2025-12-28,Plant C,P004,Gear Assembly,Assemblies,330,697,444,583,720,Reorder,540,314820,2025,2025-12,Sunday,Low,Medium-Low,Low,Low,Medium-High,Low
INV00543,2025-07-22,Plant D,P004,Gear Assembly,Assemblies,2850,1640,533,3957,524,Healthy,540,2136780,2025,2025-07,Tuesday,Medium-High,High,Medium-Low,High,Medium-Low,High
INV00544,2025-01-04,Plant C,P003,Electric Motor,Motors,2793,1492,715,3570,586,Healthy,760,2713200,2025,2025-01,Saturday,Medium-High,High,Medium-Low,Medium-High,Medium-Low,High
INV00545,2025-05-09,Plant B,P002,Hydraulic Valve,Valves,2904,1465,505,3864,345,Healthy,185,714840,2025,2025-05,Friday,Medium-High,High,Medium-Low,High,Low,Medium-Low
INV00546,2025-01-26,Plant A,P001,Industrial Pump,Pumps,941,930,1549,322,313,Healthy,420,135240,2025,2025-01,Sunday,Low,Medium-High,High,Low,Low,Low
INV00547,2025-10-16,Plant D,P006,Bearing Unit,Components,3683,653,259,4077,674,Healthy,125,509625,2025,2025-10,Thursday,High,Medium-Low,Low,High,Medium-High,Medium-Low
INV00548,2025-01-27,Plant B,P004,Gear Assembly,Assemblies,4711,901,574,5038,632,Healthy,540,2720520,2025,2025-01,Monday,High,Medium-High,Medium-Low,High,Medium-High,High
INV00549,2025-02-11,Plant A,P001,Industrial Pump,Pumps,2589,271,725,2135,465,Healthy,420,896700,2025,2025-02,Tuesday,Medium-High,Low,Medium-Low,Medium-Low,Medium-Low,Medium-High
INV00550,2025-03-12,Plant C,P005,Control Panel,Electrical,3634,1366,1051,3949,806,Healthy,680,2685320,2025,2025-03,Wednesday,Medium-High,High,Medium-High,High,High,High
INV00551,2025-03-05,Plant D,P003,Electric Motor,Motors,707,123,945,0,416,Reorder,760,0,2025,2025-03,Wednesday,Low,Low,Medium-High,Low,Low,Low
INV00552,2025-01-25,Plant A,P001,Industrial Pump,Pumps,4718,1246,1053,4911,865,Healthy,420,2062620,2025,2025-01,Saturday,High,Medium-High,Medium-High,High,High,High
INV00553,2025-03-13,Plant A,P003,Electric Motor,Motors,4060,1513,1649,3924,738,Healthy,760,2982240,2025,2025-03,Thursday,High,High,High,High,Medium-High,High
INV00554,2025-12-27,Plant A,P005,Control Panel,Electrical,4357,685,356,4686,603,Healthy,680,3186480,2025,2025-12,Saturday,High,Medium-Low,Low,High,Medium-Low,High
INV00555,2025-09-25,Plant A,P001,Industrial Pump,Pumps,2131,1726,1149,2708,756,Healthy,420,1137360,2025,2025-09,Thursday,Medium-Low,High,Medium-High,Medium-High,Medium-High,Medium-High
INV00556,2025-11-10,Plant A,P001,Industrial Pump,Pumps,301,651,1095,0,570,Reorder,420,0,2025,2025-11,Monday,Low,Medium-Low,Medium-High,Low,Medium-Low,Low
INV00557,2025-04-05,Plant C,P006,Bearing Unit,Components,1464,296,109,1651,515,Healthy,125,206375,2025,2025-04,Saturday,Medium-Low,Low,Low,Medium-Low,Medium-Low,Low
INV00558,2025-12-23,Plant B,P005,Control Panel,Electrical,851,1142,435,1558,412,Healthy,680,1059440,2025,2025-12,Tuesday,Low,Medium-High,Low,Medium-Low,Low,Medium-High
INV00559,2025-12-30,Plant D,P002,Hydraulic Valve,Valves,1305,786,105,1986,315,Healthy,185,367410,2025,2025-12,Tuesday,Low,Medium-Low,Low,Medium-Low,Low,Medium-Low
INV00560,2025-11-11,Plant C,P001,Industrial Pump,Pumps,1420,1099,217,2302,515,Healthy,420,966840,2025,2025-11,Tuesday,Medium-Low,Medium-High,Low,Medium-Low,Medium-Low,Medium-High
INV00561,2025-04-27,Plant D,P006,Bearing Unit,Components,3987,620,1485,3122,726,Healthy,125,390250,2025,2025-04,Sunday,High,Medium-Low,High,Medium-High,Medium-High,Medium-Low
INV00562,2025-06-13,Plant A,P001,Industrial Pump,Pumps,1430,1654,766,2318,434,Healthy,420,973560,2025,2025-06,Friday,Medium-Low,High,Medium-Low,Medium-Low,Low,Medium-High
INV00563,2025-12-31,Plant B,P006,Bearing Unit,Components,530,972,914,588,342,Healthy,125,73500,2025,2025-12,Wednesday,Low,Medium-High,Medium-Low,Low,Low,Low
INV00564,2025-10-05,Plant A,P004,Gear Assembly,Assemblies,2265,880,1264,1881,583,Healthy,540,1015740,2025,2025-10,Sunday,Medium-Low,Medium-High,Medium-High,Medium-Low,Medium-Low,Medium-High
INV00565,2025-03-06,Plant C,P002,Hydraulic Valve,Valves,4783,1281,531,5533,397,Healthy,185,1023605,2025,2025-03,Thursday,High,Medium-High,Medium-Low,High,Low,Medium-High
INV00566,2025-11-02,Plant C,P001,Industrial Pump,Pumps,3217,1555,1640,3132,359,Healthy,420,1315440,2025,2025-11,Sunday,Medium-High,High,High,Medium-High,Low,Medium-High
INV00567,2025-09-17,Plant D,P005,Control Panel,Electrical,2374,1654,1489,2539,529,Healthy,680,1726520,2025,2025-09,Wednesday,Medium-Low,High,High,Medium-High,Medium-Low,Medium-High
INV00568,2025-08-16,Plant A,P003,Electric Motor,Motors,3465,350,389,3426,684,Healthy,760,2603760,2025,2025-08,Saturday,Medium-High,Low,Low,Medium-High,Medium-High,High
INV00569,2025-07-19,Plant A,P005,Control Panel,Electrical,1363,1672,845,2190,458,Healthy,680,1489200,2025,2025-07,Saturday,Medium-Low,High,Medium-Low,Medium-Low,Low,Medium-High
INV00570,2025-08-08,Plant B,P002,Hydraulic Valve,Valves,2495,1300,941,2854,770,Healthy,185,527990,2025,2025-08,Friday,Medium-Low,Medium-High,Medium-Low,Medium-High,High,Medium-Low
INV00571,2025-06-29,Plant B,P004,Gear Assembly,Assemblies,4336,254,825,3765,895,Healthy,540,2033100,2025,2025-06,Sunday,High,Low,Medium-Low,High,High,High
INV00572,2025-12-24,Plant A,P004,Gear Assembly,Assemblies,4399,1287,1332,4354,507,Healthy,540,2351160,2025,2025-12,Wednesday,High,Medium-High,Medium-High,High,Medium-Low,High
INV00573,2025-08-16,Plant D,P004,Gear Assembly,Assemblies,3833,678,1423,3088,473,Healthy,540,1667520,2025,2025-08,Saturday,High,Medium-Low,High,Medium-High,Medium-Low,Medium-High
INV00574,2025-09-09,Plant B,P006,Bearing Unit,Components,1765,1700,650,2815,380,Healthy,125,351875,2025,2025-09,Tuesday,Medium-Low,High,Medium-Low,Medium-High,Low,Low
INV00575,2025-10-26,Plant A,P005,Control Panel,Electrical,960,28,486,502,317,Healthy,680,341360,2025,2025-10,Sunday,Low,Low,Low,Low,Low,Low
INV00576,2025-12-27,Plant A,P003,Electric Motor,Motors,944,466,1295,115,590,Reorder,760,87400,2025,2025-12,Saturday,Low,Medium-Low,Medium-High,Low,Medium-Low,Low
INV00577,2025-01-04,Plant A,P003,Electric Motor,Motors,3142,1058,1486,2714,659,Healthy,760,2062640,2025,2025-01,Saturday,Medium-High,Medium-High,High,Medium-High,Medium-High,High
INV00578,2025-05-21,Plant C,P006,Bearing Unit,Components,3440,748,1423,2765,578,Healthy,125,345625,2025,2025-05,Wednesday,Medium-High,Medium-Low,High,Medium-High,Medium-Low,Low
INV00579,2025-06-15,Plant D,P001,Industrial Pump,Pumps,3589,1317,1555,3351,696,Healthy,420,1407420,2025,2025-06,Sunday,Medium-High,High,High,Medium-High,Medium-High,Medium-High
INV00580,2025-09-11,Plant A,P006,Bearing Unit,Components,2038,601,1674,965,441,Healthy,125,120625,2025,2025-09,Thursday,Medium-Low,Medium-Low,High,Low,Low,Low
INV00581,2025-06-02,Plant A,P003,Electric Motor,Motors,236,1226,1132,330,816,Reorder,760,250800,2025,2025-06,Monday,Low,Medium-High,Medium-High,Low,High,Low
INV00582,2025-03-08,Plant A,P003,Electric Motor,Motors,3332,739,201,3870,550,Healthy,760,2941200,2025,2025-03,Saturday,Medium-High,Medium-Low,Low,High,Medium-Low,High
INV00583,2025-02-24,Plant B,P001,Industrial Pump,Pumps,2320,930,983,2267,839,Healthy,420,952140,2025,2025-02,Monday,Medium-Low,Medium-High,Medium-High,Medium-Low,High,Medium-High
INV00584,2025-04-06,Plant A,P005,Control Panel,Electrical,1253,1091,589,1755,536,Healthy,680,1193400,2025,2025-04,Sunday,Low,Medium-High,Medium-Low,Medium-Low,Medium-Low,Medium-High
INV00585,2025-06-16,Plant C,P005,Control Panel,Electrical,4274,130,274,4130,431,Healthy,680,2808400,2025,2025-06,Monday,High,Low,Low,High,Low,High
INV00586,2025-11-17,Plant C,P002,Hydraulic Valve,Valves,1078,110,1391,0,605,Reorder,185,0,2025,2025-11,Monday,Low,Low,High,Low,Medium-Low,Low
INV00587,2025-11-27,Plant D,P005,Control Panel,Electrical,668,523,612,579,657,Reorder,680,393720,2025,2025-11,Thursday,Low,Medium-Low,Medium-Low,Low,Medium-High,Medium-Low
INV00588,2025-12-08,Plant A,P004,Gear Assembly,Assemblies,3010,1311,1352,2969,584,Healthy,540,1603260,2025,2025-12,Monday,Medium-High,High,Medium-High,Medium-High,Medium-Low,Medium-High
INV00589,2025-03-03,Plant A,P004,Gear Assembly,Assemblies,2510,686,607,2589,592,Healthy,540,1398060,2025,2025-03,Monday,Medium-Low,Medium-Low,Medium-Low,Medium-High,Medium-Low,Medium-High
INV00590,2025-06-23,Plant A,P002,Hydraulic Valve,Valves,3506,830,1547,2789,462,Healthy,185,515965,2025,2025-06,Monday,Medium-High,Medium-Low,High,Medium-High,Medium-Low,Medium-Low
INV00591,2025-09-10,Plant C,P003,Electric Motor,Motors,233,665,667,231,718,Reorder,760,175560,2025,2025-09,Wednesday,Low,Medium-Low,Medium-Low,Low,Medium-High,Low
INV00592,2025-04-22,Plant B,P002,Hydraulic Valve,Valves,2161,1066,73,3154,767,Healthy,185,583490,2025,2025-04,Tuesday,Medium-Low,Medium-High,Low,Medium-High,High,Medium-Low
INV00593,2025-08-03,Plant B,P001,Industrial Pump,Pumps,4478,874,1592,3760,869,Healthy,420,1579200,2025,2025-08,Sunday,High,Medium-High,High,High,High,Medium-High
INV00594,2025-08-27,Plant A,P002,Hydraulic Valve,Valves,2953,1740,417,4276,806,Healthy,185,791060,2025,2025-08,Wednesday,Medium-High,High,Low,High,High,Medium-Low
INV00595,2025-08-15,Plant B,P002,Hydraulic Valve,Valves,3830,1707,1048,4489,777,Healthy,185,830465,2025,2025-08,Friday,High,High,Medium-High,High,High,Medium-Low
INV00596,2025-08-18,Plant D,P006,Bearing Unit,Components,3592,1317,384,4525,661,Healthy,125,565625,2025,2025-08,Monday,Medium-High,High,Low,High,Medium-High,Medium-Low
INV00597,2025-08-21,Plant C,P004,Gear Assembly,Assemblies,226,284,1506,0,611,Reorder,540,0,2025,2025-08,Thursday,Low,Low,High,Low,Medium-High,Low
INV00598,2025-06-12,Plant A,P001,Industrial Pump,Pumps,1895,822,52,2665,544,Healthy,420,1119300,2025,2025-06,Thursday,Medium-Low,Medium-Low,Low,Medium-High,Medium-Low,Medium-High
INV00599,2025-05-06,Plant B,P006,Bearing Unit,Components,1949,563,1057,1455,776,Healthy,125,181875,2025,2025-05,Tuesday,Medium-Low,Medium-Low,Medium-High,Medium-Low,High,Low
INV00600,2025-09-10,Plant A,P001,Industrial Pump,Pumps,4413,1650,1331,4732,735,Healthy,420,1987440,2025,2025-09,Wednesday,High,High,Medium-High,High,Medium-High,High
INV00601,2025-11-29,Plant A,P002,Hydraulic Valve,Valves,4076,18,312,3782,549,Healthy,185,699670,2025,2025-11,Saturday,High,Low,Low,High,Medium-Low,Medium-Low
INV00602,2025-07-18,Plant C,P006,Bearing Unit,Components,4940,1530,170,6300,321,Healthy,125,787500,2025,2025-07,Friday,High,High,Low,High,Low,Medium-Low
INV00603,2025-07-16,Plant C,P006,Bearing Unit,Components,2827,546,1793,1580,776,Healthy,125,197500,2025,2025-07,Wednesday,Medium-High,Medium-Low,High,Medium-Low,High,Low
INV00604,2025-05-02,Plant B,P001,Industrial Pump,Pumps,3826,47,70,3803,871,Healthy,420,1597260,2025,2025-05,Friday,High,Low,Low,High,High,Medium-High
INV00605,2025-09-21,Plant C,P001,Industrial Pump,Pumps,3660,1768,954,4474,810,Healthy,420,1879080,2025,2025-09,Sunday,Medium-High,High,Medium-High,High,High,Medium-High
INV00606,2025-02-23,Plant D,P005,Control Panel,Electrical,359,218,189,388,635,Reorder,680,263840,2025,2025-02,Sunday,Low,Low,Low,Low,Medium-High,Low
INV00607,2025-05-15,Plant A,P001,Industrial Pump,Pumps,1341,1645,1550,1436,641,Healthy,420,603120,2025,2025-05,Thursday,Low,High,High,Medium-Low,Medium-High,Medium-Low
INV00608,2025-12-05,Plant C,P006,Bearing Unit,Components,1943,765,1362,1346,637,Healthy,125,168250,2025,2025-12,Friday,Medium-Low,Medium-Low,Medium-High,Medium-Low,Medium-High,Low
INV00609,2025-12-25,Plant B,P003,Electric Motor,Motors,1612,1211,255,2568,779,Healthy,760,1951680,2025,2025-12,Thursday,Medium-Low,Medium-High,Low,Medium-High,High,High
INV00610,2025-05-31,Plant B,P001,Industrial Pump,Pumps,4294,30,92,4232,341,Healthy,420,1777440,2025,2025-05,Saturday,High,Low,Low,High,Low,Medium-High
INV00611,2025-04-10,Plant B,P004,Gear Assembly,Assemblies,4377,258,899,3736,373,Healthy,540,2017440,2025,2025-04,Thursday,High,Low,Medium-Low,High,Low,High
INV00612,2025-08-22,Plant D,P005,Control Panel,Electrical,2316,1698,1191,2823,321,Healthy,680,1919640,2025,2025-08,Friday,Medium-Low,High,Medium-High,Medium-High,Low,High
INV00613,2025-02-01,Plant C,P004,Gear Assembly,Assemblies,2380,1367,1078,2669,519,Healthy,540,1441260,2025,2025-02,Saturday,Medium-Low,High,Medium-High,Medium-High,Medium-Low,Medium-High
INV00614,2025-03-03,Plant C,P004,Gear Assembly,Assemblies,1055,307,256,1106,378,Healthy,540,597240,2025,2025-03,Monday,Low,Low,Low,Low,Low,Medium-Low
INV00615,2025-07-15,Plant D,P003,Electric Motor,Motors,4667,1094,684,5077,534,Healthy,760,3858520,2025,2025-07,Tuesday,High,Medium-High,Medium-Low,High,Medium-Low,High
INV00616,2025-01-30,Plant C,P005,Control Panel,Electrical,1208,306,394,1120,456,Healthy,680,761600,2025,2025-01,Thursday,Low,Low,Low,Low,Low,Medium-Low
INV00617,2025-08-31,Plant C,P002,Hydraulic Valve,Valves,4874,567,1215,4226,626,Healthy,185,781810,2025,2025-08,Sunday,High,Medium-Low,Medium-High,High,Medium-High,Medium-Low
INV00618,2025-04-16,Plant C,P006,Bearing Unit,Components,1642,1122,421,2343,413,Healthy,125,292875,2025,2025-04,Wednesday,Medium-Low,Medium-High,Low,Medium-Low,Low,Low
INV00619,2025-10-22,Plant D,P006,Bearing Unit,Components,480,20,1305,0,886,Reorder,125,0,2025,2025-10,Wednesday,Low,Low,Medium-High,Low,High,Low
INV00620,2025-05-13,Plant D,P001,Industrial Pump,Pumps,1355,1643,1237,1761,574,Healthy,420,739620,2025,2025-05,Tuesday,Medium-Low,High,Medium-High,Medium-Low,Medium-Low,Medium-Low
INV00621,2025-01-22,Plant B,P006,Bearing Unit,Components,2398,1588,596,3390,680,Healthy,125,423750,2025,2025-01,Wednesday,Medium-Low,High,Medium-Low,Medium-High,Medium-High,Medium-Low
INV00622,2025-06-05,Plant D,P003,Electric Motor,Motors,2340,1029,1437,1932,319,Healthy,760,1468320,2025,2025-06,Thursday,Medium-Low,Medium-High,High,Medium-Low,Low,Medium-High
INV00623,2025-08-02,Plant D,P006,Bearing Unit,Components,1758,230,1033,955,508,Healthy,125,119375,2025,2025-08,Saturday,Medium-Low,Low,Medium-High,Low,Medium-Low,Low
INV00624,2025-08-14,Plant B,P003,Electric Motor,Motors,3084,81,384,2781,893,Healthy,760,2113560,2025,2025-08,Thursday,Medium-High,Low,Low,Medium-High,High,High
INV00625,2025-10-12,Plant D,P002,Hydraulic Valve,Valves,2748,957,60,3645,459,Healthy,185,674325,2025,2025-10,Sunday,Medium-High,Medium-High,Low,High,Medium-Low,Medium-Low
INV00626,2025-06-20,Plant C,P003,Electric Motor,Motors,4058,216,1481,2793,872,Healthy,760,2122680,2025,2025-06,Friday,High,Low,High,Medium-High,High,High
INV00627,2025-02-11,Plant A,P002,Hydraulic Valve,Valves,3471,334,124,3681,337,Healthy,185,680985,2025,2025-02,Tuesday,Medium-High,Low,Low,High,Low,Medium-Low
INV00628,2025-03-01,Plant B,P002,Hydraulic Valve,Valves,3529,558,1373,2714,417,Healthy,185,502090,2025,2025-03,Saturday,Medium-High,Medium-Low,High,Medium-High,Low,Medium-Low
INV00629,2025-03-18,Plant A,P002,Hydraulic Valve,Valves,1680,863,996,1547,689,Healthy,185,286195,2025,2025-03,Tuesday,Medium-Low,Medium-Low,Medium-High,Medium-Low,Medium-High,Low
INV00630,2025-07-21,Plant A,P003,Electric Motor,Motors,4960,873,962,4871,676,Healthy,760,3701960,2025,2025-07,Monday,High,Medium-High,Medium-High,High,Medium-High,High
INV00631,2025-08-08,Plant B,P002,Hydraulic Valve,Valves,3032,752,1454,2330,675,Healthy,185,431050,2025,2025-08,Friday,Medium-High,Medium-Low,High,Medium-Low,Medium-High,Medium-Low
INV00632,2025-07-06,Plant A,P003,Electric Motor,Motors,1686,1713,759,2640,880,Healthy,760,2006400,2025,2025-07,Sunday,Medium-Low,High,Medium-Low,Medium-High,High,High
INV00633,2025-04-06,Plant A,P005,Control Panel,Electrical,2212,593,902,1903,894,Healthy,680,1294040,2025,2025-04,Sunday,Medium-Low,Medium-Low,Medium-Low,Medium-Low,High,Medium-High
INV00634,2025-12-08,Plant B,P002,Hydraulic Valve,Valves,3737,703,825,3615,341,Healthy,185,668775,2025,2025-12,Monday,High,Medium-Low,Medium-Low,Medium-High,Low,Medium-Low
INV00635,2025-07-31,Plant B,P003,Electric Motor,Motors,4661,924,935,4650,769,Healthy,760,3534000,2025,2025-07,Thursday,High,Medium-High,Medium-Low,High,High,High
INV00636,2025-12-06,Plant C,P003,Electric Motor,Motors,2621,1678,785,3514,757,Healthy,760,2670640,2025,2025-12,Saturday,Medium-High,High,Medium-Low,Medium-High,Medium-High,High
INV00637,2025-09-19,Plant B,P003,Electric Motor,Motors,3851,552,683,3720,429,Healthy,760,2827200,2025,2025-09,Friday,High,Medium-Low,Medium-Low,High,Low,High
INV00638,2025-11-25,Plant D,P001,Industrial Pump,Pumps,2802,1482,1659,2625,327,Healthy,420,1102500,2025,2025-11,Tuesday,Medium-High,High,High,Medium-High,Low,Medium-High
INV00639,2025-03-18,Plant A,P001,Industrial Pump,Pumps,118,782,1101,0,625,Reorder,420,0,2025,2025-03,Tuesday,Low,Medium-Low,Medium-High,Low,Medium-High,Low
INV00640,2025-01-31,Plant B,P002,Hydraulic Valve,Valves,2669,86,1536,1219,808,Healthy,185,225515,2025,2025-01,Friday,Medium-High,Low,High,Low,High,Low
INV00641,2025-02-08,Plant C,P006,Bearing Unit,Components,883,1538,445,1976,624,Healthy,125,247000,2025,2025-02,Saturday,Low,High,Low,Medium-Low,Medium-High,Low
INV00642,2025-11-02,Plant B,P005,Control Panel,Electrical,1806,1746,732,2820,459,Healthy,680,1917600,2025,2025-11,Sunday,Medium-Low,High,Medium-Low,Medium-High,Medium-Low,High
INV00643,2025-11-30,Plant A,P006,Bearing Unit,Components,514,512,1449,0,815,Reorder,125,0,2025,2025-11,Sunday,Low,Medium-Low,High,Low,High,Low
INV00644,2025-08-02,Plant B,P002,Hydraulic Valve,Valves,463,983,470,976,553,Healthy,185,180560,2025,2025-08,Saturday,Low,Medium-High,Low,Low,Medium-Low,Low
INV00645,2025-05-06,Plant A,P004,Gear Assembly,Assemblies,2675,1008,413,3270,547,Healthy,540,1765800,2025,2025-05,Tuesday,Medium-High,Medium-High,Low,Medium-High,Medium-Low,Medium-High
INV00646,2025-06-14,Plant B,P004,Gear Assembly,Assemblies,1203,586,1289,500,652,Reorder,540,270000,2025,2025-06,Saturday,Low,Medium-Low,Medium-High,Low,Medium-High,Low
INV00647,2025-09-03,Plant C,P005,Control Panel,Electrical,4991,1501,1174,5318,697,Healthy,680,3616240,2025,2025-09,Wednesday,High,High,Medium-High,High,Medium-High,High
INV00648,2025-04-19,Plant D,P005,Control Panel,Electrical,1271,497,142,1626,881,Healthy,680,1105680,2025,2025-04,Saturday,Low,Medium-Low,Low,Medium-Low,High,Medium-High
INV00649,2025-03-29,Plant C,P005,Control Panel,Electrical,1798,906,1648,1056,502,Healthy,680,718080,2025,2025-03,Saturday,Medium-Low,Medium-High,High,Low,Medium-Low,Medium-Low
INV00650,2025-07-19,Plant B,P001,Industrial Pump,Pumps,542,955,315,1182,601,Healthy,420,496440,2025,2025-07,Saturday,Low,Medium-High,Low,Low,Medium-Low,Medium-Low
INV00651,2025-09-28,Plant A,P001,Industrial Pump,Pumps,4043,742,255,4530,447,Healthy,420,1902600,2025,2025-09,Sunday,High,Medium-Low,Low,High,Low,Medium-High
INV00652,2025-02-20,Plant C,P004,Gear Assembly,Assemblies,4845,448,1153,4140,520,Healthy,540,2235600,2025,2025-02,Thursday,High,Low,Medium-High,High,Medium-Low,High
INV00653,2025-07-17,Plant D,P005,Control Panel,Electrical,4704,587,86,5205,859,Healthy,680,3539400,2025,2025-07,Thursday,High,Medium-Low,Low,High,High,High
INV00654,2025-01-23,Plant D,P003,Electric Motor,Motors,4661,259,1084,3836,562,Healthy,760,2915360,2025,2025-01,Thursday,High,Low,Medium-High,High,Medium-Low,High
INV00655,2025-06-02,Plant A,P006,Bearing Unit,Components,2512,1560,1700,2372,595,Healthy,125,296500,2025,2025-06,Monday,Medium-Low,High,High,Medium-Low,Medium-Low,Low
INV00656,2025-08-11,Plant B,P004,Gear Assembly,Assemblies,2689,1223,1163,2749,614,Healthy,540,1484460,2025,2025-08,Monday,Medium-High,Medium-High,Medium-High,Medium-High,Medium-High,Medium-High
INV00657,2025-08-09,Plant C,P005,Control Panel,Electrical,1939,462,793,1608,591,Healthy,680,1093440,2025,2025-08,Saturday,Medium-Low,Medium-Low,Medium-Low,Medium-Low,Medium-Low,Medium-High
INV00658,2025-05-31,Plant C,P003,Electric Motor,Motors,1603,93,68,1628,330,Healthy,760,1237280,2025,2025-05,Saturday,Medium-Low,Low,Low,Medium-Low,Low,Medium-High
INV00659,2025-09-23,Plant A,P005,Control Panel,Electrical,822,1020,1637,205,343,Reorder,680,139400,2025,2025-09,Tuesday,Low,Medium-High,High,Low,Low,Low
INV00660,2025-03-14,Plant C,P002,Hydraulic Valve,Valves,941,1375,423,1893,854,Healthy,185,350205,2025,2025-03,Friday,Low,High,Low,Medium-Low,High,Low
INV00661,2025-03-18,Plant A,P003,Electric Motor,Motors,2447,1131,143,3435,433,Healthy,760,2610600,2025,2025-03,Tuesday,Medium-Low,Medium-High,Low,Medium-High,Low,High
INV00662,2025-02-01,Plant A,P006,Bearing Unit,Components,2321,354,81,2594,648,Healthy,125,324250,2025,2025-02,Saturday,Medium-Low,Low,Low,Medium-High,Medium-High,Low
INV00663,2025-03-06,Plant B,P002,Hydraulic Valve,Valves,745,468,1736,0,518,Reorder,185,0,2025,2025-03,Thursday,Low,Medium-Low,High,Low,Medium-Low,Low
INV00664,2025-12-23,Plant A,P001,Industrial Pump,Pumps,123,94,189,28,749,Reorder,420,11760,2025,2025-12,Tuesday,Low,Low,Low,Low,Medium-High,Low
INV00665,2025-01-18,Plant C,P004,Gear Assembly,Assemblies,3372,867,1643,2596,803,Healthy,540,1401840,2025,2025-01,Saturday,Medium-High,Medium-High,High,Medium-High,High,Medium-High
INV00666,2025-06-13,Plant A,P005,Control Panel,Electrical,4926,90,1022,3994,385,Healthy,680,2715920,2025,2025-06,Friday,High,Low,Medium-High,High,Low,High
INV00667,2025-10-14,Plant C,P004,Gear Assembly,Assemblies,106,1067,1094,79,550,Reorder,540,42660,2025,2025-10,Tuesday,Low,Medium-High,Medium-High,Low,Medium-Low,Low
INV00668,2025-02-23,Plant A,P006,Bearing Unit,Components,3801,1479,1222,4058,564,Healthy,125,507250,2025,2025-02,Sunday,High,High,Medium-High,High,Medium-Low,Medium-Low
INV00669,2025-03-04,Plant B,P005,Control Panel,Electrical,3332,954,1294,2992,822,Healthy,680,2034560,2025,2025-03,Tuesday,Medium-High,Medium-High,Medium-High,Medium-High,High,High
INV00670,2025-09-14,Plant B,P002,Hydraulic Valve,Valves,3025,383,782,2626,379,Healthy,185,485810,2025,2025-09,Sunday,Medium-High,Low,Medium-Low,Medium-High,Low,Medium-Low
INV00671,2025-08-27,Plant A,P003,Electric Motor,Motors,1371,22,803,590,760,Reorder,760,448400,2025,2025-08,Wednesday,Medium-Low,Low,Medium-Low,Low,Medium-High,Medium-Low
INV00672,2025-01-09,Plant A,P003,Electric Motor,Motors,4361,1725,1292,4794,551,Healthy,760,3643440,2025,2025-01,Thursday,High,High,Medium-High,High,Medium-Low,High
INV00673,2025-04-30,Plant A,P005,Control Panel,Electrical,4623,22,1614,3031,317,Healthy,680,2061080,2025,2025-04,Wednesday,High,Low,High,Medium-High,Low,High
INV00674,2025-12-14,Plant B,P002,Hydraulic Valve,Valves,2292,1257,1632,1917,555,Healthy,185,354645,2025,2025-12,Sunday,Medium-Low,Medium-High,High,Medium-Low,Medium-Low,Low
INV00675,2025-03-31,Plant D,P005,Control Panel,Electrical,2656,1721,107,4270,544,Healthy,680,2903600,2025,2025-03,Monday,Medium-High,High,Low,High,Medium-Low,High
INV00676,2025-11-08,Plant A,P005,Control Panel,Electrical,3054,310,1498,1866,452,Healthy,680,1268880,2025,2025-11,Saturday,Medium-High,Low,High,Medium-Low,Low,Medium-High
INV00677,2025-06-24,Plant D,P005,Control Panel,Electrical,1699,1440,1348,1791,799,Healthy,680,1217880,2025,2025-06,Tuesday,Medium-Low,High,Medium-High,Medium-Low,High,Medium-High
INV00678,2025-01-03,Plant A,P003,Electric Motor,Motors,1766,1356,189,2933,757,Healthy,760,2229080,2025,2025-01,Friday,Medium-Low,High,Low,Medium-High,Medium-High,High
INV00679,2025-05-10,Plant C,P006,Bearing Unit,Components,1161,574,1096,639,841,Reorder,125,79875,2025,2025-05,Saturday,Low,Medium-Low,Medium-High,Low,High,Low
INV00680,2025-02-23,Plant B,P005,Control Panel,Electrical,4761,102,950,3913,414,Healthy,680,2660840,2025,2025-02,Sunday,High,Low,Medium-High,High,Low,High
INV00681,2025-10-20,Plant D,P003,Electric Motor,Motors,3901,499,427,3973,746,Healthy,760,3019480,2025,2025-10,Monday,High,Medium-Low,Low,High,Medium-High,High
INV00682,2025-07-03,Plant D,P001,Industrial Pump,Pumps,1263,827,971,1119,652,Healthy,420,469980,2025,2025-07,Thursday,Low,Medium-Low,Medium-High,Low,Medium-High,Medium-Low
INV00683,2025-12-19,Plant B,P002,Hydraulic Valve,Valves,3979,1506,422,5063,840,Healthy,185,936655,2025,2025-12,Friday,High,High,Low,High,High,Medium-High
INV00684,2025-08-12,Plant D,P001,Industrial Pump,Pumps,1381,188,1136,433,621,Reorder,420,181860,2025,2025-08,Tuesday,Medium-Low,Low,Medium-High,Low,Medium-High,Low
INV00685,2025-01-12,Plant A,P005,Control Panel,Electrical,2764,459,1637,1586,758,Healthy,680,1078480,2025,2025-01,Sunday,Medium-High,Medium-Low,High,Medium-Low,Medium-High,Medium-High
INV00686,2025-07-14,Plant D,P003,Electric Motor,Motors,2995,188,827,2356,525,Healthy,760,1790560,2025,2025-07,Monday,Medium-High,Low,Medium-Low,Medium-Low,Medium-Low,Medium-High
INV00687,2025-09-04,Plant A,P002,Hydraulic Valve,Valves,1308,350,1415,243,660,Reorder,185,44955,2025,2025-09,Thursday,Low,Low,High,Low,Medium-High,Low
INV00688,2025-06-03,Plant D,P004,Gear Assembly,Assemblies,402,580,216,766,830,Reorder,540,413640,2025,2025-06,Tuesday,Low,Medium-Low,Low,Low,High,Medium-Low
INV00689,2025-03-19,Plant C,P002,Hydraulic Valve,Valves,855,113,1224,0,411,Reorder,185,0,2025,2025-03,Wednesday,Low,Low,Medium-High,Low,Low,Low
INV00690,2025-05-20,Plant D,P002,Hydraulic Valve,Valves,4359,103,572,3890,511,Healthy,185,719650,2025,2025-05,Tuesday,High,Low,Medium-Low,High,Medium-Low,Medium-Low
INV00691,2025-03-31,Plant D,P005,Control Panel,Electrical,1326,619,1680,265,532,Reorder,680,180200,2025,2025-03,Monday,Low,Medium-Low,High,Low,Medium-Low,Low
INV00692,2025-05-24,Plant A,P001,Industrial Pump,Pumps,1333,1531,633,2231,458,Healthy,420,937020,2025,2025-05,Saturday,Low,High,Medium-Low,Medium-Low,Low,Medium-High
INV00693,2025-03-13,Plant B,P001,Industrial Pump,Pumps,3617,1368,550,4435,871,Healthy,420,1862700,2025,2025-03,Thursday,Medium-High,High,Medium-Low,High,High,Medium-High
INV00694,2025-06-26,Plant C,P004,Gear Assembly,Assemblies,997,1044,945,1096,623,Healthy,540,591840,2025,2025-06,Thursday,Low,Medium-High,Medium-High,Low,Medium-High,Medium-Low
INV00695,2025-12-14,Plant B,P005,Control Panel,Electrical,4978,386,1048,4316,392,Healthy,680,2934880,2025,2025-12,Sunday,High,Low,Medium-High,High,Low,High
INV00696,2025-09-20,Plant A,P002,Hydraulic Valve,Valves,3410,943,609,3744,547,Healthy,185,692640,2025,2025-09,Saturday,Medium-High,Medium-High,Medium-Low,High,Medium-Low,Medium-Low
INV00697,2025-09-28,Plant C,P006,Bearing Unit,Components,4922,854,1421,4355,440,Healthy,125,544375,2025,2025-09,Sunday,High,Medium-Low,High,High,Low,Medium-Low
INV00698,2025-04-15,Plant D,P001,Industrial Pump,Pumps,3462,1232,1345,3349,703,Healthy,420,1406580,2025,2025-04,Tuesday,Medium-High,Medium-High,Medium-High,Medium-High,Medium-High,Medium-High
INV00699,2025-03-13,Plant B,P001,Industrial Pump,Pumps,2519,1705,1503,2721,703,Healthy,420,1142820,2025,2025-03,Thursday,Medium-High,High,High,Medium-High,Medium-High,Medium-High
INV00700,2025-03-15,Plant B,P003,Electric Motor,Motors,3009,482,1061,2430,713,Healthy,760,1846800,2025,2025-03,Saturday,Medium-High,Medium-Low,Medium-High,Medium-Low,Medium-High,Medium-High
INV00701,2025-05-23,Plant B,P002,Hydraulic Valve,Valves,1554,472,1680,346,739,Reorder,185,64010,2025,2025-05,Friday,Medium-Low,Medium-Low,High,Low,Medium-High,Low
INV00702,2025-03-03,Plant D,P005,Control Panel,Electrical,2427,1729,282,3874,532,Healthy,680,2634320,2025,2025-03,Monday,Medium-Low,High,Low,High,Medium-Low,High
INV00703,2025-05-26,Plant A,P001,Industrial Pump,Pumps,2463,858,609,2712,492,Healthy,420,1139040,2025,2025-05,Monday,Medium-Low,Medium-Low,Medium-Low,Medium-High,Medium-Low,Medium-High
INV00704,2025-02-15,Plant D,P005,Control Panel,Electrical,2112,941,1281,1772,398,Healthy,680,1204960,2025,2025-02,Saturday,Medium-Low,Medium-High,Medium-High,Medium-Low,Low,Medium-High
INV00705,2025-08-17,Plant D,P002,Hydraulic Valve,Valves,1200,392,1526,66,412,Reorder,185,12210,2025,2025-08,Sunday,Low,Low,High,Low,Low,Low
INV00706,2025-04-15,Plant A,P002,Hydraulic Valve,Valves,915,1658,1574,999,835,Healthy,185,184815,2025,2025-04,Tuesday,Low,High,High,Low,High,Low
INV00707,2025-04-19,Plant A,P001,Industrial Pump,Pumps,4346,1712,970,5088,580,Healthy,420,2136960,2025,2025-04,Saturday,High,High,Medium-High,High,Medium-Low,High
INV00708,2025-11-13,Plant D,P004,Gear Assembly,Assemblies,1420,515,1662,273,822,Reorder,540,147420,2025,2025-11,Thursday,Medium-Low,Medium-Low,High,Low,High,Low
INV00709,2025-05-01,Plant A,P005,Control Panel,Electrical,4864,1211,910,5165,649,Healthy,680,3512200,2025,2025-05,Thursday,High,Medium-High,Medium-Low,High,Medium-High,High
INV00710,2025-02-12,Plant B,P005,Control Panel,Electrical,4602,345,1292,3655,615,Healthy,680,2485400,2025,2025-02,Wednesday,High,Low,Medium-High,High,Medium-High,High
INV00711,2025-04-09,Plant C,P003,Electric Motor,Motors,2434,1375,921,2888,799,Healthy,760,2194880,2025,2025-04,Wednesday,Medium-Low,High,Medium-Low,Medium-High,High,High
INV00712,2025-07-13,Plant A,P002,Hydraulic Valve,Valves,4687,540,130,5097,836,Healthy,185,942945,2025,2025-07,Sunday,High,Medium-Low,Low,High,High,Medium-High
INV00713,2025-11-07,Plant C,P002,Hydraulic Valve,Valves,1132,1621,1622,1131,735,Healthy,185,209235,2025,2025-11,Friday,Low,High,High,Low,Medium-High,Low
INV00714,2025-08-02,Plant B,P001,Industrial Pump,Pumps,1255,46,663,638,822,Reorder,420,267960,2025,2025-08,Saturday,Low,Low,Medium-Low,Low,High,Low
INV00715,2025-08-17,Plant A,P001,Industrial Pump,Pumps,1200,1100,752,1548,892,Healthy,420,650160,2025,2025-08,Sunday,Low,Medium-High,Medium-Low,Medium-Low,High,Medium-Low
INV00716,2025-07-04,Plant D,P001,Industrial Pump,Pumps,2885,342,590,2637,743,Healthy,420,1107540,2025,2025-07,Friday,Medium-High,Low,Medium-Low,Medium-High,Medium-High,Medium-High
INV00717,2025-04-22,Plant D,P003,Electric Motor,Motors,1096,1214,814,1496,507,Healthy,760,1136960,2025,2025-04,Tuesday,Low,Medium-High,Medium-Low,Medium-Low,Medium-Low,Medium-High
INV00718,2025-12-13,Plant B,P004,Gear Assembly,Assemblies,1535,542,1324,753,575,Healthy,540,406620,2025,2025-12,Saturday,Medium-Low,Medium-Low,Medium-High,Low,Medium-Low,Medium-Low
INV00719,2025-09-29,Plant A,P001,Industrial Pump,Pumps,2645,818,787,2676,796,Healthy,420,1123920,2025,2025-09,Monday,Medium-High,Medium-Low,Medium-Low,Medium-High,High,Medium-High
INV00720,2025-11-09,Plant D,P001,Industrial Pump,Pumps,3800,1704,655,4849,596,Healthy,420,2036580,2025,2025-11,Sunday,High,High,Medium-Low,High,Medium-Low,High
INV00721,2025-04-12,Plant A,P006,Bearing Unit,Components,453,1059,1488,24,673,Reorder,125,3000,2025,2025-04,Saturday,Low,Medium-High,High,Low,Medium-High,Low
INV00722,2025-07-29,Plant C,P001,Industrial Pump,Pumps,2418,756,1159,2015,874,Healthy,420,846300,2025,2025-07,Tuesday,Medium-Low,Medium-Low,Medium-High,Medium-Low,High,Medium-Low
INV00723,2025-08-15,Plant D,P003,Electric Motor,Motors,4627,1447,671,5403,483,Healthy,760,4106280,2025,2025-08,Friday,High,High,Medium-Low,High,Medium-Low,High
INV00724,2025-10-08,Plant B,P005,Control Panel,Electrical,838,350,1290,0,331,Reorder,680,0,2025,2025-10,Wednesday,Low,Low,Medium-High,Low,Low,Low
INV00725,2025-01-22,Plant D,P004,Gear Assembly,Assemblies,2619,187,1071,1735,582,Healthy,540,936900,2025,2025-01,Wednesday,Medium-High,Low,Medium-High,Medium-Low,Medium-Low,Medium-High
INV00726,2025-09-05,Plant B,P005,Control Panel,Electrical,4703,1550,245,6008,731,Healthy,680,4085440,2025,2025-09,Friday,High,High,Low,High,Medium-High,High
INV00727,2025-06-08,Plant B,P006,Bearing Unit,Components,154,333,1044,0,818,Reorder,125,0,2025,2025-06,Sunday,Low,Low,Medium-High,Low,High,Low
INV00728,2025-08-17,Plant C,P002,Hydraulic Valve,Valves,2184,482,1370,1296,761,Healthy,185,239760,2025,2025-08,Sunday,Medium-Low,Medium-Low,High,Medium-Low,Medium-High,Low
INV00729,2025-12-09,Plant C,P002,Hydraulic Valve,Valves,999,1239,995,1243,667,Healthy,185,229955,2025,2025-12,Tuesday,Low,Medium-High,Medium-High,Low,Medium-High,Low
INV00730,2025-07-06,Plant B,P001,Industrial Pump,Pumps,2202,1181,93,3290,551,Healthy,420,1381800,2025,2025-07,Sunday,Medium-Low,Medium-High,Low,Medium-High,Medium-Low,Medium-High
INV00731,2025-05-23,Plant D,P006,Bearing Unit,Components,623,666,442,847,465,Healthy,125,105875,2025,2025-05,Friday,Low,Medium-Low,Low,Low,Medium-Low,Low
INV00732,2025-12-04,Plant B,P005,Control Panel,Electrical,562,1264,1516,310,828,Reorder,680,210800,2025,2025-12,Thursday,Low,Medium-High,High,Low,High,Low
INV00733,2025-12-24,Plant A,P003,Electric Motor,Motors,4892,295,1163,4024,670,Healthy,760,3058240,2025,2025-12,Wednesday,High,Low,Medium-High,High,Medium-High,High
INV00734,2025-01-24,Plant A,P004,Gear Assembly,Assemblies,1601,1485,204,2882,897,Healthy,540,1556280,2025,2025-01,Friday,Medium-Low,High,Low,Medium-High,High,Medium-High
INV00735,2025-05-21,Plant D,P005,Control Panel,Electrical,3976,44,1027,2993,402,Healthy,680,2035240,2025,2025-05,Wednesday,High,Low,Medium-High,Medium-High,Low,High
INV00736,2025-08-28,Plant D,P006,Bearing Unit,Components,815,494,1551,0,893,Reorder,125,0,2025,2025-08,Thursday,Low,Medium-Low,High,Low,High,Low
INV00737,2025-10-19,Plant C,P006,Bearing Unit,Components,3397,174,1694,1877,425,Healthy,125,234625,2025,2025-10,Sunday,Medium-High,Low,High,Medium-Low,Low,Low
INV00738,2025-11-01,Plant A,P005,Control Panel,Electrical,2879,1003,108,3774,337,Healthy,680,2566320,2025,2025-11,Saturday,Medium-High,Medium-High,Low,High,Low,High
INV00739,2025-03-23,Plant B,P004,Gear Assembly,Assemblies,3711,1369,159,4921,647,Healthy,540,2657340,2025,2025-03,Sunday,High,High,Low,High,Medium-High,High
INV00740,2025-02-17,Plant B,P005,Control Panel,Electrical,1088,55,528,615,512,Healthy,680,418200,2025,2025-02,Monday,Low,Low,Medium-Low,Low,Medium-Low,Medium-Low
INV00741,2025-12-19,Plant A,P005,Control Panel,Electrical,1928,1589,667,2850,618,Healthy,680,1938000,2025,2025-12,Friday,Medium-Low,High,Medium-Low,Medium-High,Medium-High,High
INV00742,2025-12-24,Plant A,P004,Gear Assembly,Assemblies,311,340,1667,0,725,Reorder,540,0,2025,2025-12,Wednesday,Low,Low,High,Low,Medium-High,Low
INV00743,2025-06-20,Plant C,P003,Electric Motor,Motors,3246,1774,833,4187,546,Healthy,760,3182120,2025,2025-06,Friday,Medium-High,High,Medium-Low,High,Medium-Low,High
INV00744,2025-09-19,Plant A,P006,Bearing Unit,Components,853,1131,1122,862,585,Healthy,125,107750,2025,2025-09,Friday,Low,Medium-High,Medium-High,Low,Medium-Low,Low
INV00745,2025-03-09,Plant C,P004,Gear Assembly,Assemblies,3850,1733,1450,4133,530,Healthy,540,2231820,2025,2025-03,Sunday,High,High,High,High,Medium-Low,High
INV00746,2025-01-14,Plant D,P001,Industrial Pump,Pumps,3789,213,1105,2897,619,Healthy,420,1216740,2025,2025-01,Tuesday,High,Low,Medium-High,Medium-High,Medium-High,Medium-High
INV00747,2025-01-30,Plant D,P001,Industrial Pump,Pumps,3322,1522,1559,3285,811,Healthy,420,1379700,2025,2025-01,Thursday,Medium-High,High,High,Medium-High,High,Medium-High
INV00748,2025-04-20,Plant A,P001,Industrial Pump,Pumps,535,757,650,642,820,Reorder,420,269640,2025,2025-04,Sunday,Low,Medium-Low,Medium-Low,Low,High,Low
INV00749,2025-07-31,Plant A,P001,Industrial Pump,Pumps,2001,1420,989,2432,524,Healthy,420,1021440,2025,2025-07,Thursday,Medium-Low,High,Medium-High,Medium-Low,Medium-Low,Medium-High
INV00750,2025-09-21,Plant A,P002,Hydraulic Valve,Valves,4279,549,1041,3787,805,Healthy,185,700595,2025,2025-09,Sunday,High,Medium-Low,Medium-High,High,High,Medium-Low
INV00751,2025-11-18,Plant A,P003,Electric Motor,Motors,1335,496,580,1251,406,Healthy,760,950760,2025,2025-11,Tuesday,Low,Medium-Low,Medium-Low,Low,Low,Medium-High
INV00752,2025-07-21,Plant B,P002,Hydraulic Valve,Valves,878,172,1076,0,630,Reorder,185,0,2025,2025-07,Monday,Low,Low,Medium-High,Low,Medium-High,Low
INV00753,2025-03-25,Plant B,P005,Control Panel,Electrical,3952,104,427,3629,304,Healthy,680,2467720,2025,2025-03,Tuesday,High,Low,Low,Medium-High,Low,High
INV00754,2025-02-22,Plant D,P005,Control Panel,Electrical,2060,1575,621,3014,767,Healthy,680,2049520,2025,2025-02,Saturday,Medium-Low,High,Medium-Low,Medium-High,High,High
INV00755,2025-12-21,Plant B,P004,Gear Assembly,Assemblies,4372,478,1315,3535,815,Healthy,540,1908900,2025,2025-12,Sunday,High,Medium-Low,Medium-High,Medium-High,High,Medium-High
INV00756,2025-09-13,Plant A,P001,Industrial Pump,Pumps,1906,1422,1614,1714,462,Healthy,420,719880,2025,2025-09,Saturday,Medium-Low,High,High,Medium-Low,Medium-Low,Medium-Low
INV00757,2025-03-15,Plant C,P004,Gear Assembly,Assemblies,3330,433,636,3127,830,Healthy,540,1688580,2025,2025-03,Saturday,Medium-High,Low,Medium-Low,Medium-High,High,Medium-High
INV00758,2025-08-08,Plant D,P005,Control Panel,Electrical,1824,641,1655,810,381,Healthy,680,550800,2025,2025-08,Friday,Medium-Low,Medium-Low,High,Low,Low,Medium-Low
INV00759,2025-05-23,Plant A,P001,Industrial Pump,Pumps,285,692,1668,0,780,Reorder,420,0,2025,2025-05,Friday,Low,Medium-Low,High,Low,High,Low
INV00760,2025-04-10,Plant B,P006,Bearing Unit,Components,1594,990,406,2178,815,Healthy,125,272250,2025,2025-04,Thursday,Medium-Low,Medium-High,Low,Medium-Low,High,Low
INV00761,2025-05-09,Plant C,P003,Electric Motor,Motors,2079,921,734,2266,486,Healthy,760,1722160,2025,2025-05,Friday,Medium-Low,Medium-High,Medium-Low,Medium-Low,Medium-Low,Medium-High
INV00762,2025-08-07,Plant C,P005,Control Panel,Electrical,4153,193,1270,3076,445,Healthy,680,2091680,2025,2025-08,Thursday,High,Low,Medium-High,Medium-High,Low,High
INV00763,2025-09-28,Plant B,P006,Bearing Unit,Components,345,842,907,280,451,Reorder,125,35000,2025,2025-09,Sunday,Low,Medium-Low,Medium-Low,Low,Low,Low
INV00764,2025-01-22,Plant A,P004,Gear Assembly,Assemblies,4147,800,1492,3455,662,Healthy,540,1865700,2025,2025-01,Wednesday,High,Medium-Low,High,Medium-High,Medium-High,Medium-High
INV00765,2025-06-27,Plant C,P006,Bearing Unit,Components,483,1489,708,1264,392,Healthy,125,158000,2025,2025-06,Friday,Low,High,Medium-Low,Low,Low,Low
INV00766,2025-02-17,Plant C,P004,Gear Assembly,Assemblies,384,1364,1346,402,330,Healthy,540,217080,2025,2025-02,Monday,Low,High,Medium-High,Low,Low,Low
INV00767,2025-04-27,Plant B,P005,Control Panel,Electrical,4094,58,1575,2577,839,Healthy,680,1752360,2025,2025-04,Sunday,High,Low,High,Medium-High,High,Medium-High
INV00768,2025-11-25,Plant C,P002,Hydraulic Valve,Valves,399,1561,84,1876,348,Healthy,185,347060,2025,2025-11,Tuesday,Low,High,Low,Medium-Low,Low,Low
INV00769,2025-06-28,Plant C,P003,Electric Motor,Motors,1000,477,1056,421,557,Reorder,760,319960,2025,2025-06,Saturday,Low,Medium-Low,Medium-High,Low,Medium-Low,Low
INV00770,2025-09-30,Plant C,P006,Bearing Unit,Components,1559,1126,1698,987,817,Healthy,125,123375,2025,2025-09,Tuesday,Medium-Low,Medium-High,High,Low,High,Low
INV00771,2025-12-28,Plant D,P006,Bearing Unit,Components,3021,532,510,3043,840,Healthy,125,380375,2025,2025-12,Sunday,Medium-High,Medium-Low,Medium-Low,Medium-High,High,Medium-Low
INV00772,2025-12-05,Plant A,P005,Control Panel,Electrical,2633,591,767,2457,709,Healthy,680,1670760,2025,2025-12,Friday,Medium-High,Medium-Low,Medium-Low,Medium-Low,Medium-High,Medium-High
INV00773,2025-12-26,Plant A,P005,Control Panel,Electrical,905,838,1743,0,455,Reorder,680,0,2025,2025-12,Friday,Low,Medium-Low,High,Low,Low,Low
INV00774,2025-12-13,Plant B,P004,Gear Assembly,Assemblies,2328,1734,1326,2736,845,Healthy,540,1477440,2025,2025-12,Saturday,Medium-Low,High,Medium-High,Medium-High,High,Medium-High
INV00775,2025-06-28,Plant A,P001,Industrial Pump,Pumps,2021,1345,1707,1659,739,Healthy,420,696780,2025,2025-06,Saturday,Medium-Low,High,High,Medium-Low,Medium-High,Medium-Low
INV00776,2025-02-18,Plant C,P001,Industrial Pump,Pumps,4889,548,561,4876,536,Healthy,420,2047920,2025,2025-02,Tuesday,High,Medium-Low,Medium-Low,High,Medium-Low,High
INV00777,2025-11-11,Plant A,P001,Industrial Pump,Pumps,2487,1037,1121,2403,667,Healthy,420,1009260,2025,2025-11,Tuesday,Medium-Low,Medium-High,Medium-High,Medium-Low,Medium-High,Medium-High
INV00778,2025-09-12,Plant D,P004,Gear Assembly,Assemblies,2638,1479,1258,2859,356,Healthy,540,1543860,2025,2025-09,Friday,Medium-High,High,Medium-High,Medium-High,Low,Medium-High
INV00779,2025-01-30,Plant C,P001,Industrial Pump,Pumps,2096,220,540,1776,474,Healthy,420,745920,2025,2025-01,Thursday,Medium-Low,Low,Medium-Low,Medium-Low,Medium-Low,Medium-Low
INV00780,2025-03-26,Plant C,P005,Control Panel,Electrical,4925,875,322,5478,513,Healthy,680,3725040,2025,2025-03,Wednesday,High,Medium-High,Low,High,Medium-Low,High
INV00781,2025-10-04,Plant D,P002,Hydraulic Valve,Valves,2603,1414,1686,2331,326,Healthy,185,431235,2025,2025-10,Saturday,Medium-High,High,High,Medium-Low,Low,Medium-Low
INV00782,2025-02-03,Plant D,P002,Hydraulic Valve,Valves,204,677,1062,0,418,Reorder,185,0,2025,2025-02,Monday,Low,Medium-Low,Medium-High,Low,Low,Low
INV00783,2025-11-25,Plant A,P002,Hydraulic Valve,Valves,538,1196,576,1158,446,Healthy,185,214230,2025,2025-11,Tuesday,Low,Medium-High,Medium-Low,Low,Low,Low
INV00784,2025-04-08,Plant A,P001,Industrial Pump,Pumps,1621,661,1201,1081,564,Healthy,420,454020,2025,2025-04,Tuesday,Medium-Low,Medium-Low,Medium-High,Low,Medium-Low,Medium-Low
INV00785,2025-03-17,Plant A,P002,Hydraulic Valve,Valves,1451,683,259,1875,702,Healthy,185,346875,2025,2025-03,Monday,Medium-Low,Medium-Low,Low,Medium-Low,Medium-High,Low
INV00786,2025-06-24,Plant D,P006,Bearing Unit,Components,2798,1104,673,3229,557,Healthy,125,403625,2025,2025-06,Tuesday,Medium-High,Medium-High,Medium-Low,Medium-High,Medium-Low,Medium-Low
INV00787,2025-12-07,Plant A,P001,Industrial Pump,Pumps,3712,335,1215,2832,488,Healthy,420,1189440,2025,2025-12,Sunday,High,Low,Medium-High,Medium-High,Medium-Low,Medium-High
INV00788,2025-09-06,Plant B,P006,Bearing Unit,Components,608,224,222,610,798,Reorder,125,76250,2025,2025-09,Saturday,Low,Low,Low,Low,High,Low
INV00789,2025-12-06,Plant A,P005,Control Panel,Electrical,4446,870,1751,3565,538,Healthy,680,2424200,2025,2025-12,Saturday,High,Medium-High,High,Medium-High,Medium-Low,High
INV00790,2025-05-14,Plant D,P006,Bearing Unit,Components,1374,34,496,912,626,Healthy,125,114000,2025,2025-05,Wednesday,Medium-Low,Low,Low,Low,Medium-High,Low
INV00791,2025-06-27,Plant D,P005,Control Panel,Electrical,2922,187,1192,1917,369,Healthy,680,1303560,2025,2025-06,Friday,Medium-High,Low,Medium-High,Medium-Low,Low,Medium-High
INV00792,2025-12-31,Plant B,P004,Gear Assembly,Assemblies,163,1247,1788,0,324,Reorder,540,0,2025,2025-12,Wednesday,Low,Medium-High,High,Low,Low,Low
INV00793,2025-08-16,Plant C,P004,Gear Assembly,Assemblies,4021,642,60,4603,881,Healthy,540,2485620,2025,2025-08,Saturday,High,Medium-Low,Low,High,High,High
INV00794,2025-03-04,Plant B,P006,Bearing Unit,Components,4515,962,810,4667,455,Healthy,125,583375,2025,2025-03,Tuesday,High,Medium-High,Medium-Low,High,Low,Medium-Low
INV00795,2025-09-25,Plant D,P003,Electric Motor,Motors,959,967,1377,549,518,Healthy,760,417240,2025,2025-09,Thursday,Low,Medium-High,High,Low,Medium-Low,Medium-Low
INV00796,2025-09-15,Plant C,P005,Control Panel,Electrical,2927,493,1227,2193,860,Healthy,680,1491240,2025,2025-09,Monday,Medium-High,Medium-Low,Medium-High,Medium-Low,High,Medium-High
INV00797,2025-05-24,Plant B,P001,Industrial Pump,Pumps,1647,310,372,1585,678,Healthy,420,665700,2025,2025-05,Saturday,Medium-Low,Low,Low,Medium-Low,Medium-High,Medium-Low
INV00798,2025-10-30,Plant B,P003,Electric Motor,Motors,2176,520,1610,1086,493,Healthy,760,825360,2025,2025-10,Thursday,Medium-Low,Medium-Low,High,Low,Medium-Low,Medium-Low
INV00799,2025-02-21,Plant C,P005,Control Panel,Electrical,536,1604,1026,1114,339,Healthy,680,757520,2025,2025-02,Friday,Low,High,Medium-High,Low,Low,Medium-Low
INV00800,2025-10-30,Plant B,P001,Industrial Pump,Pumps,3757,1563,494,4826,896,Healthy,420,2026920,2025,2025-10,Thursday,High,High,Low,High,High,High
INV00801,2025-04-09,Plant C,P005,Control Panel,Electrical,862,368,391,839,642,Healthy,680,570520,2025,2025-04,Wednesday,Low,Low,Low,Low,Medium-High,Medium-Low
INV00802,2025-11-02,Plant A,P005,Control Panel,Electrical,835,1498,270,2063,802,Healthy,680,1402840,2025,2025-11,Sunday,Low,High,Low,Medium-Low,High,Medium-High
INV00803,2025-02-14,Plant C,P001,Industrial Pump,Pumps,3764,745,159,4350,749,Healthy,420,1827000,2025,2025-02,Friday,High,Medium-Low,Low,High,Medium-High,Medium-High
INV00804,2025-02-11,Plant B,P005,Control Panel,Electrical,4194,30,459,3765,635,Healthy,680,2560200,2025,2025-02,Tuesday,High,Low,Low,High,Medium-High,High
INV00805,2025-11-23,Plant A,P005,Control Panel,Electrical,4828,1255,1491,4592,303,Healthy,680,3122560,2025,2025-11,Sunday,High,Medium-High,High,High,Low,High
INV00806,2025-02-26,Plant D,P005,Control Panel,Electrical,1678,997,1675,1000,816,Healthy,680,680000,2025,2025-02,Wednesday,Medium-Low,Medium-High,High,Low,High,Medium-Low
INV00807,2025-02-02,Plant D,P004,Gear Assembly,Assemblies,3829,496,554,3771,796,Healthy,540,2036340,2025,2025-02,Sunday,High,Medium-Low,Medium-Low,High,High,High
INV00808,2025-04-24,Plant D,P002,Hydraulic Valve,Valves,1176,1589,89,2676,525,Healthy,185,495060,2025,2025-04,Thursday,Low,High,Low,Medium-High,Medium-Low,Medium-Low
INV00809,2025-10-27,Plant B,P005,Control Panel,Electrical,2380,963,1582,1761,449,Healthy,680,1197480,2025,2025-10,Monday,Medium-Low,Medium-High,High,Medium-Low,Low,Medium-High
INV00810,2025-04-24,Plant A,P001,Industrial Pump,Pumps,1930,1198,1532,1596,537,Healthy,420,670320,2025,2025-04,Thursday,Medium-Low,Medium-High,High,Medium-Low,Medium-Low,Medium-Low
INV00811,2025-02-25,Plant C,P006,Bearing Unit,Components,1998,297,312,1983,402,Healthy,125,247875,2025,2025-02,Tuesday,Medium-Low,Low,Low,Medium-Low,Low,Low
INV00812,2025-02-13,Plant D,P005,Control Panel,Electrical,4395,1388,1743,4040,474,Healthy,680,2747200,2025,2025-02,Thursday,High,High,High,High,Medium-Low,High
INV00813,2025-07-31,Plant D,P004,Gear Assembly,Assemblies,773,1109,1191,691,760,Reorder,540,373140,2025,2025-07,Thursday,Low,Medium-High,Medium-High,Low,Medium-High,Medium-Low
INV00814,2025-12-18,Plant A,P004,Gear Assembly,Assemblies,648,576,1523,0,333,Reorder,540,0,2025,2025-12,Thursday,Low,Medium-Low,High,Low,Low,Low
INV00815,2025-11-25,Plant A,P006,Bearing Unit,Components,1036,1112,1487,661,817,Reorder,125,82625,2025,2025-11,Tuesday,Low,Medium-High,High,Low,High,Low
INV00816,2025-02-03,Plant A,P005,Control Panel,Electrical,4244,53,757,3540,739,Healthy,680,2407200,2025,2025-02,Monday,High,Low,Medium-Low,Medium-High,Medium-High,High
INV00817,2025-09-27,Plant B,P003,Electric Motor,Motors,995,1653,872,1776,584,Healthy,760,1349760,2025,2025-09,Saturday,Low,High,Medium-Low,Medium-Low,Medium-Low,Medium-High
INV00818,2025-07-15,Plant A,P006,Bearing Unit,Components,2669,1384,1599,2454,524,Healthy,125,306750,2025,2025-07,Tuesday,Medium-High,High,High,Medium-Low,Medium-Low,Low
INV00819,2025-05-05,Plant C,P002,Hydraulic Valve,Valves,2187,1499,510,3176,864,Healthy,185,587560,2025,2025-05,Monday,Medium-Low,High,Medium-Low,Medium-High,High,Medium-Low
INV00820,2025-03-20,Plant C,P001,Industrial Pump,Pumps,1013,228,1191,50,556,Reorder,420,21000,2025,2025-03,Thursday,Low,Low,Medium-High,Low,Medium-Low,Low
INV00821,2025-09-12,Plant D,P001,Industrial Pump,Pumps,1276,778,266,1788,358,Healthy,420,750960,2025,2025-09,Friday,Low,Medium-Low,Low,Medium-Low,Low,Medium-Low
INV00822,2025-05-25,Plant C,P001,Industrial Pump,Pumps,4871,1557,1790,4638,545,Healthy,420,1947960,2025,2025-05,Sunday,High,High,High,High,Medium-Low,High
INV00823,2025-03-24,Plant A,P001,Industrial Pump,Pumps,4965,1782,126,6621,818,Healthy,420,2780820,2025,2025-03,Monday,High,High,Low,High,High,High
INV00824,2025-08-18,Plant C,P004,Gear Assembly,Assemblies,4406,984,1494,3896,513,Healthy,540,2103840,2025,2025-08,Monday,High,Medium-High,High,High,Medium-Low,High
INV00825,2025-05-17,Plant D,P002,Hydraulic Valve,Valves,3373,372,941,2804,889,Healthy,185,518740,2025,2025-05,Saturday,Medium-High,Low,Medium-Low,Medium-High,High,Medium-Low
INV00826,2025-01-27,Plant B,P005,Control Panel,Electrical,4342,468,1245,3565,515,Healthy,680,2424200,2025,2025-01,Monday,High,Medium-Low,Medium-High,Medium-High,Medium-Low,High
INV00827,2025-06-26,Plant C,P005,Control Panel,Electrical,1622,419,439,1602,702,Healthy,680,1089360,2025,2025-06,Thursday,Medium-Low,Low,Low,Medium-Low,Medium-High,Medium-High
INV00828,2025-07-26,Plant D,P003,Electric Motor,Motors,2902,531,1099,2334,582,Healthy,760,1773840,2025,2025-07,Saturday,Medium-High,Medium-Low,Medium-High,Medium-Low,Medium-Low,Medium-High
INV00829,2025-11-02,Plant D,P005,Control Panel,Electrical,3222,1423,1201,3444,872,Healthy,680,2341920,2025,2025-11,Sunday,Medium-High,High,Medium-High,Medium-High,High,High
INV00830,2025-11-07,Plant A,P002,Hydraulic Valve,Valves,4690,987,423,5254,872,Healthy,185,971990,2025,2025-11,Friday,High,Medium-High,Low,High,High,Medium-High
INV00831,2025-08-01,Plant D,P005,Control Panel,Electrical,2556,1207,703,3060,514,Healthy,680,2080800,2025,2025-08,Friday,Medium-High,Medium-High,Medium-Low,Medium-High,Medium-Low,High
INV00832,2025-12-20,Plant C,P004,Gear Assembly,Assemblies,1749,561,953,1357,681,Healthy,540,732780,2025,2025-12,Saturday,Medium-Low,Medium-Low,Medium-High,Medium-Low,Medium-High,Medium-Low
INV00833,2025-02-06,Plant D,P006,Bearing Unit,Components,2420,89,1097,1412,344,Healthy,125,176500,2025,2025-02,Thursday,Medium-Low,Low,Medium-High,Medium-Low,Low,Low
INV00834,2025-10-20,Plant D,P005,Control Panel,Electrical,2605,1639,1543,2701,471,Healthy,680,1836680,2025,2025-10,Monday,Medium-High,High,High,Medium-High,Medium-Low,Medium-High
INV00835,2025-06-28,Plant A,P001,Industrial Pump,Pumps,1243,1729,793,2179,520,Healthy,420,915180,2025,2025-06,Saturday,Low,High,Medium-Low,Medium-Low,Medium-Low,Medium-High
INV00836,2025-06-09,Plant A,P001,Industrial Pump,Pumps,3872,1406,472,4806,684,Healthy,420,2018520,2025,2025-06,Monday,High,High,Low,High,Medium-High,High
INV00837,2025-01-12,Plant C,P006,Bearing Unit,Components,145,368,1250,0,394,Reorder,125,0,2025,2025-01,Sunday,Low,Low,Medium-High,Low,Low,Low
INV00838,2025-06-18,Plant D,P001,Industrial Pump,Pumps,3414,1097,902,3609,343,Healthy,420,1515780,2025,2025-06,Wednesday,Medium-High,Medium-High,Medium-Low,Medium-High,Low,Medium-High
INV00839,2025-11-08,Plant B,P001,Industrial Pump,Pumps,4506,1292,880,4918,527,Healthy,420,2065560,2025,2025-11,Saturday,High,Medium-High,Medium-Low,High,Medium-Low,High
INV00840,2025-03-21,Plant D,P004,Gear Assembly,Assemblies,2709,14,1611,1112,873,Healthy,540,600480,2025,2025-03,Friday,Medium-High,Low,High,Low,High,Medium-Low
INV00841,2025-01-14,Plant B,P004,Gear Assembly,Assemblies,4526,1352,1339,4539,616,Healthy,540,2451060,2025,2025-01,Tuesday,High,High,Medium-High,High,Medium-High,High
INV00842,2025-02-23,Plant C,P004,Gear Assembly,Assemblies,4206,1415,1022,4599,634,Healthy,540,2483460,2025,2025-02,Sunday,High,High,Medium-High,High,Medium-High,High
INV00843,2025-09-11,Plant A,P005,Control Panel,Electrical,3219,1733,678,4274,766,Healthy,680,2906320,2025,2025-09,Thursday,Medium-High,High,Medium-Low,High,High,High
INV00844,2025-03-06,Plant C,P006,Bearing Unit,Components,1500,1457,619,2338,596,Healthy,125,292250,2025,2025-03,Thursday,Medium-Low,High,Medium-Low,Medium-Low,Medium-Low,Low
INV00845,2025-02-27,Plant A,P001,Industrial Pump,Pumps,1691,343,1343,691,844,Reorder,420,290220,2025,2025-02,Thursday,Medium-Low,Low,Medium-High,Low,High,Low
INV00846,2025-04-06,Plant A,P003,Electric Motor,Motors,107,1218,1402,0,788,Reorder,760,0,2025,2025-04,Sunday,Low,Medium-High,High,Low,High,Low
INV00847,2025-01-21,Plant D,P006,Bearing Unit,Components,1083,1059,1528,614,514,Healthy,125,76750,2025,2025-01,Tuesday,Low,Medium-High,High,Low,Medium-Low,Low
INV00848,2025-09-17,Plant D,P003,Electric Motor,Motors,3697,916,1368,3245,823,Healthy,760,2466200,2025,2025-09,Wednesday,High,Medium-High,Medium-High,Medium-High,High,High
INV00849,2025-03-14,Plant A,P001,Industrial Pump,Pumps,1850,204,171,1883,301,Healthy,420,790860,2025,2025-03,Friday,Medium-Low,Low,Low,Medium-Low,Low,Medium-Low
INV00850,2025-09-05,Plant B,P002,Hydraulic Valve,Valves,3611,1674,208,5077,506,Healthy,185,939245,2025,2025-09,Friday,Medium-High,High,Low,High,Medium-Low,Medium-High
INV00851,2025-05-07,Plant B,P006,Bearing Unit,Components,3928,775,1251,3452,640,Healthy,125,431500,2025,2025-05,Wednesday,High,Medium-Low,Medium-High,Medium-High,Medium-High,Medium-Low
INV00852,2025-02-15,Plant D,P005,Control Panel,Electrical,665,1080,1729,16,706,Reorder,680,10880,2025,2025-02,Saturday,Low,Medium-High,High,Low,Medium-High,Low
INV00853,2025-09-25,Plant C,P003,Electric Motor,Motors,2420,1133,1401,2152,605,Healthy,760,1635520,2025,2025-09,Thursday,Medium-Low,Medium-High,High,Medium-Low,Medium-Low,Medium-High
INV00854,2025-05-08,Plant B,P006,Bearing Unit,Components,1000,685,356,1329,806,Healthy,125,166125,2025,2025-05,Thursday,Low,Medium-Low,Low,Medium-Low,High,Low
INV00855,2025-01-30,Plant A,P006,Bearing Unit,Components,2278,1519,1162,2635,768,Healthy,125,329375,2025,2025-01,Thursday,Medium-Low,High,Medium-High,Medium-High,High,Low
INV00856,2025-04-04,Plant D,P004,Gear Assembly,Assemblies,3692,717,800,3609,857,Healthy,540,1948860,2025,2025-04,Friday,High,Medium-Low,Medium-Low,Medium-High,High,High
INV00857,2025-08-12,Plant D,P002,Hydraulic Valve,Valves,2871,224,1111,1984,794,Healthy,185,367040,2025,2025-08,Tuesday,Medium-High,Low,Medium-High,Medium-Low,High,Medium-Low
INV00858,2025-11-12,Plant A,P004,Gear Assembly,Assemblies,213,1409,640,982,560,Healthy,540,530280,2025,2025-11,Wednesday,Low,High,Medium-Low,Low,Medium-Low,Medium-Low
INV00859,2025-04-10,Plant C,P002,Hydraulic Valve,Valves,631,63,395,299,877,Reorder,185,55315,2025,2025-04,Thursday,Low,Low,Low,Low,High,Low
INV00860,2025-03-12,Plant A,P002,Hydraulic Valve,Valves,1622,1787,1325,2084,881,Healthy,185,385540,2025,2025-03,Wednesday,Medium-Low,High,Medium-High,Medium-Low,High,Medium-Low
INV00861,2025-03-22,Plant C,P005,Control Panel,Electrical,3510,947,198,4259,663,Healthy,680,2896120,2025,2025-03,Saturday,Medium-High,Medium-High,Low,High,Medium-High,High
INV00862,2025-10-27,Plant D,P006,Bearing Unit,Components,1144,960,1089,1015,813,Healthy,125,126875,2025,2025-10,Monday,Low,Medium-High,Medium-High,Low,High,Low
INV00863,2025-04-18,Plant C,P004,Gear Assembly,Assemblies,132,1375,1440,67,840,Reorder,540,36180,2025,2025-04,Friday,Low,High,High,Low,High,Low
INV00864,2025-04-12,Plant A,P004,Gear Assembly,Assemblies,232,1486,884,834,872,Reorder,540,450360,2025,2025-04,Saturday,Low,High,Medium-Low,Low,High,Medium-Low
INV00865,2025-04-01,Plant D,P003,Electric Motor,Motors,3067,319,830,2556,754,Healthy,760,1942560,2025,2025-04,Tuesday,Medium-High,Low,Medium-Low,Medium-High,Medium-High,High
INV00866,2025-12-31,Plant B,P006,Bearing Unit,Components,1826,356,167,2015,443,Healthy,125,251875,2025,2025-12,Wednesday,Medium-Low,Low,Low,Medium-Low,Low,Low
INV00867,2025-01-16,Plant D,P001,Industrial Pump,Pumps,125,92,753,0,491,Reorder,420,0,2025,2025-01,Thursday,Low,Low,Medium-Low,Low,Medium-Low,Low
INV00868,2025-04-20,Plant A,P001,Industrial Pump,Pumps,2748,694,366,3076,652,Healthy,420,1291920,2025,2025-04,Sunday,Medium-High,Medium-Low,Low,Medium-High,Medium-High,Medium-High
INV00869,2025-09-20,Plant A,P003,Electric Motor,Motors,4740,1323,337,5726,598,Healthy,760,4351760,2025,2025-09,Saturday,High,High,Low,High,Medium-Low,High
INV00870,2025-06-09,Plant D,P002,Hydraulic Valve,Valves,1361,1749,957,2153,759,Healthy,185,398305,2025,2025-06,Monday,Medium-Low,High,Medium-High,Medium-Low,Medium-High,Medium-Low
INV00871,2025-09-10,Plant D,P003,Electric Motor,Motors,2165,1517,1424,2258,726,Healthy,760,1716080,2025,2025-09,Wednesday,Medium-Low,High,High,Medium-Low,Medium-High,Medium-High
INV00872,2025-03-30,Plant D,P003,Electric Motor,Motors,3445,1677,346,4776,330,Healthy,760,3629760,2025,2025-03,Sunday,Medium-High,High,Low,High,Low,High
INV00873,2025-04-05,Plant C,P004,Gear Assembly,Assemblies,1033,1618,1267,1384,631,Healthy,540,747360,2025,2025-04,Saturday,Low,High,Medium-High,Medium-Low,Medium-High,Medium-Low
INV00874,2025-09-29,Plant B,P003,Electric Motor,Motors,1150,1412,1465,1097,710,Healthy,760,833720,2025,2025-09,Monday,Low,High,High,Low,Medium-High,Medium-Low
INV00875,2025-09-04,Plant C,P002,Hydraulic Valve,Valves,916,1634,492,2058,351,Healthy,185,380730,2025,2025-09,Thursday,Low,High,Low,Medium-Low,Low,Medium-Low
INV00876,2025-12-27,Plant A,P001,Industrial Pump,Pumps,4303,433,1354,3382,683,Healthy,420,1420440,2025,2025-12,Saturday,High,Low,Medium-High,Medium-High,Medium-High,Medium-High
INV00877,2025-07-25,Plant D,P005,Control Panel,Electrical,837,1125,950,1012,542,Healthy,680,688160,2025,2025-07,Friday,Low,Medium-High,Medium-High,Low,Medium-Low,Medium-Low
INV00878,2025-12-11,Plant C,P006,Bearing Unit,Components,3014,840,350,3504,716,Healthy,125,438000,2025,2025-12,Thursday,Medium-High,Medium-Low,Low,Medium-High,Medium-High,Medium-Low
INV00879,2025-11-14,Plant C,P003,Electric Motor,Motors,3702,1401,947,4156,774,Healthy,760,3158560,2025,2025-11,Friday,High,High,Medium-High,High,High,High
INV00880,2025-10-13,Plant A,P006,Bearing Unit,Components,892,1606,475,2023,691,Healthy,125,252875,2025,2025-10,Monday,Low,High,Low,Medium-Low,Medium-High,Low
INV00881,2025-09-05,Plant C,P003,Electric Motor,Motors,3275,1361,299,4337,688,Healthy,760,3296120,2025,2025-09,Friday,Medium-High,High,Low,High,Medium-High,High
INV00882,2025-03-08,Plant A,P006,Bearing Unit,Components,1455,1023,1588,890,872,Healthy,125,111250,2025,2025-03,Saturday,Medium-Low,Medium-High,High,Low,High,Low
INV00883,2025-02-15,Plant C,P004,Gear Assembly,Assemblies,1485,897,735,1647,768,Healthy,540,889380,2025,2025-02,Saturday,Medium-Low,Medium-High,Medium-Low,Medium-Low,High,Medium-High
INV00884,2025-02-12,Plant B,P004,Gear Assembly,Assemblies,4092,883,801,4174,707,Healthy,540,2253960,2025,2025-02,Wednesday,High,Medium-High,Medium-Low,High,Medium-High,High
INV00885,2025-08-17,Plant A,P006,Bearing Unit,Components,4484,777,1047,4214,818,Healthy,125,526750,2025,2025-08,Sunday,High,Medium-Low,Medium-High,High,High,Medium-Low
INV00886,2025-10-28,Plant B,P003,Electric Motor,Motors,1160,491,455,1196,488,Healthy,760,908960,2025,2025-10,Tuesday,Low,Medium-Low,Low,Low,Medium-Low,Medium-High
INV00887,2025-08-22,Plant C,P003,Electric Motor,Motors,1471,1665,1689,1447,894,Healthy,760,1099720,2025,2025-08,Friday,Medium-Low,High,High,Medium-Low,High,Medium-High
INV00888,2025-07-18,Plant B,P002,Hydraulic Valve,Valves,4238,1083,850,4471,650,Healthy,185,827135,2025,2025-07,Friday,High,Medium-High,Medium-Low,High,Medium-High,Medium-Low
INV00889,2025-12-02,Plant B,P001,Industrial Pump,Pumps,1249,812,293,1768,582,Healthy,420,742560,2025,2025-12,Tuesday,Low,Medium-Low,Low,Medium-Low,Medium-Low,Medium-Low
INV00890,2025-02-01,Plant B,P001,Industrial Pump,Pumps,3302,1532,416,4418,456,Healthy,420,1855560,2025,2025-02,Saturday,Medium-High,High,Low,High,Low,Medium-High
INV00891,2025-09-21,Plant C,P005,Control Panel,Electrical,3453,391,169,3675,898,Healthy,680,2499000,2025,2025-09,Sunday,Medium-High,Low,Low,High,High,High
INV00892,2025-04-23,Plant A,P001,Industrial Pump,Pumps,3042,1142,899,3285,447,Healthy,420,1379700,2025,2025-04,Wednesday,Medium-High,Medium-High,Medium-Low,Medium-High,Low,Medium-High
INV00893,2025-11-14,Plant C,P005,Control Panel,Electrical,4728,1798,1513,5013,369,Healthy,680,3408840,2025,2025-11,Friday,High,High,High,High,Low,High
INV00894,2025-10-03,Plant C,P004,Gear Assembly,Assemblies,3548,1494,1577,3465,669,Healthy,540,1871100,2025,2025-10,Friday,Medium-High,High,High,Medium-High,Medium-High,Medium-High
INV00895,2025-05-26,Plant C,P005,Control Panel,Electrical,3147,1351,1655,2843,887,Healthy,680,1933240,2025,2025-05,Monday,Medium-High,High,High,Medium-High,High,High
INV00896,2025-12-23,Plant A,P005,Control Panel,Electrical,2810,20,482,2348,814,Healthy,680,1596640,2025,2025-12,Tuesday,Medium-High,Low,Low,Medium-Low,High,Medium-High
INV00897,2025-01-06,Plant D,P001,Industrial Pump,Pumps,1600,1120,232,2488,533,Healthy,420,1044960,2025,2025-01,Monday,Medium-Low,Medium-High,Low,Medium-Low,Medium-Low,Medium-High
INV00898,2025-12-06,Plant C,P003,Electric Motor,Motors,168,512,1534,0,766,Reorder,760,0,2025,2025-12,Saturday,Low,Medium-Low,High,Low,High,Low
INV00899,2025-04-18,Plant C,P004,Gear Assembly,Assemblies,1966,907,808,2065,856,Healthy,540,1115100,2025,2025-04,Friday,Medium-Low,Medium-High,Medium-Low,Medium-Low,High,Medium-High
INV00900,2025-09-17,Plant A,P002,Hydraulic Valve,Valves,2048,714,1191,1571,586,Healthy,185,290635,2025,2025-09,Wednesday,Medium-Low,Medium-Low,Medium-High,Medium-Low,Medium-Low,Low
INV00901,2025-03-12,Plant D,P005,Control Panel,Electrical,4001,943,80,4864,593,Healthy,680,3307520,2025,2025-03,Wednesday,High,Medium-High,Low,High,Medium-Low,High
INV00902,2025-12-06,Plant D,P005,Control Panel,Electrical,3608,1663,1026,4245,780,Healthy,680,2886600,2025,2025-12,Saturday,Medium-High,High,Medium-High,High,High,High
INV00903,2025-06-11,Plant D,P006,Bearing Unit,Components,400,349,1222,0,433,Reorder,125,0,2025,2025-06,Wednesday,Low,Low,Medium-High,Low,Low,Low
INV00904,2025-04-10,Plant D,P005,Control Panel,Electrical,4222,1155,577,4800,307,Healthy,680,3264000,2025,2025-04,Thursday,High,Medium-High,Medium-Low,High,Low,High
INV00905,2025-11-23,Plant A,P003,Electric Motor,Motors,3077,545,1346,2276,327,Healthy,760,1729760,2025,2025-11,Sunday,Medium-High,Medium-Low,Medium-High,Medium-Low,Low,Medium-High
INV00906,2025-02-02,Plant A,P002,Hydraulic Valve,Valves,2700,598,913,2385,819,Healthy,185,441225,2025,2025-02,Sunday,Medium-High,Medium-Low,Medium-Low,Medium-Low,High,Medium-Low
INV00907,2025-05-23,Plant D,P006,Bearing Unit,Components,2253,31,1458,826,609,Healthy,125,103250,2025,2025-05,Friday,Medium-Low,Low,High,Low,Medium-High,Low
INV00908,2025-09-01,Plant B,P001,Industrial Pump,Pumps,4781,258,151,4888,840,Healthy,420,2052960,2025,2025-09,Monday,High,Low,Low,High,High,High
INV00909,2025-08-12,Plant A,P004,Gear Assembly,Assemblies,4829,475,1145,4159,793,Healthy,540,2245860,2025,2025-08,Tuesday,High,Medium-Low,Medium-High,High,High,High
INV00910,2025-08-02,Plant B,P003,Electric Motor,Motors,4118,824,1778,3164,333,Healthy,760,2404640,2025,2025-08,Saturday,High,Medium-Low,High,Medium-High,Low,High
INV00911,2025-04-30,Plant B,P002,Hydraulic Valve,Valves,3182,971,672,3481,306,Healthy,185,643985,2025,2025-04,Wednesday,Medium-High,Medium-High,Medium-Low,Medium-High,Low,Medium-Low
INV00912,2025-06-17,Plant D,P004,Gear Assembly,Assemblies,4854,919,854,4919,339,Healthy,540,2656260,2025,2025-06,Tuesday,High,Medium-High,Medium-Low,High,Low,High
INV00913,2025-12-15,Plant D,P001,Industrial Pump,Pumps,1339,32,457,914,629,Healthy,420,383880,2025,2025-12,Monday,Low,Low,Low,Low,Medium-High,Medium-Low
INV00914,2025-08-05,Plant C,P004,Gear Assembly,Assemblies,3033,898,1420,2511,361,Healthy,540,1355940,2025,2025-08,Tuesday,Medium-High,Medium-High,High,Medium-High,Low,Medium-High
INV00915,2025-12-21,Plant B,P006,Bearing Unit,Components,2468,387,1440,1415,385,Healthy,125,176875,2025,2025-12,Sunday,Medium-Low,Low,High,Medium-Low,Low,Low
INV00916,2025-11-18,Plant C,P005,Control Panel,Electrical,559,1584,879,1264,415,Healthy,680,859520,2025,2025-11,Tuesday,Low,High,Medium-Low,Low,Low,Medium-Low
INV00917,2025-08-05,Plant D,P005,Control Panel,Electrical,4128,797,838,4087,876,Healthy,680,2779160,2025,2025-08,Tuesday,High,Medium-Low,Medium-Low,High,High,High
INV00918,2025-02-23,Plant B,P003,Electric Motor,Motors,2726,455,667,2514,596,Healthy,760,1910640,2025,2025-02,Sunday,Medium-High,Medium-Low,Medium-Low,Medium-High,Medium-Low,High
INV00919,2025-07-27,Plant A,P004,Gear Assembly,Assemblies,3863,1617,598,4882,678,Healthy,540,2636280,2025,2025-07,Sunday,High,High,Medium-Low,High,Medium-High,High
INV00920,2025-03-21,Plant C,P005,Control Panel,Electrical,2901,1167,340,3728,621,Healthy,680,2535040,2025,2025-03,Friday,Medium-High,Medium-High,Low,High,Medium-High,High
INV00921,2025-05-31,Plant D,P003,Electric Motor,Motors,4355,1627,471,5511,694,Healthy,760,4188360,2025,2025-05,Saturday,High,High,Low,High,Medium-High,High
INV00922,2025-02-24,Plant B,P003,Electric Motor,Motors,563,223,230,556,656,Reorder,760,422560,2025,2025-02,Monday,Low,Low,Low,Low,Medium-High,Medium-Low
INV00923,2025-01-05,Plant D,P006,Bearing Unit,Components,1097,216,704,609,861,Reorder,125,76125,2025,2025-01,Sunday,Low,Low,Medium-Low,Low,High,Low
INV00924,2025-02-04,Plant C,P003,Electric Motor,Motors,3106,155,163,3098,718,Healthy,760,2354480,2025,2025-02,Tuesday,Medium-High,Low,Low,Medium-High,Medium-High,High
INV00925,2025-12-15,Plant D,P001,Industrial Pump,Pumps,1778,788,1311,1255,777,Healthy,420,527100,2025,2025-12,Monday,Medium-Low,Medium-Low,Medium-High,Low,High,Medium-Low
INV00926,2025-04-29,Plant D,P005,Control Panel,Electrical,964,1543,1167,1340,635,Healthy,680,911200,2025,2025-04,Tuesday,Low,High,Medium-High,Medium-Low,Medium-High,Medium-High
INV00927,2025-07-16,Plant A,P005,Control Panel,Electrical,1290,35,309,1016,890,Healthy,680,690880,2025,2025-07,Wednesday,Low,Low,Low,Low,High,Medium-Low
INV00928,2025-02-23,Plant D,P002,Hydraulic Valve,Valves,2797,635,1180,2252,319,Healthy,185,416620,2025,2025-02,Sunday,Medium-High,Medium-Low,Medium-High,Medium-Low,Low,Medium-Low
INV00929,2025-09-16,Plant B,P001,Industrial Pump,Pumps,2474,8,293,2189,711,Healthy,420,919380,2025,2025-09,Tuesday,Medium-Low,Low,Low,Medium-Low,Medium-High,Medium-High
INV00930,2025-09-19,Plant B,P005,Control Panel,Electrical,964,1063,472,1555,848,Healthy,680,1057400,2025,2025-09,Friday,Low,Medium-High,Low,Medium-Low,High,Medium-High
INV00931,2025-12-09,Plant A,P006,Bearing Unit,Components,2676,1492,384,3784,558,Healthy,125,473000,2025,2025-12,Tuesday,Medium-High,High,Low,High,Medium-Low,Medium-Low
INV00932,2025-11-08,Plant B,P005,Control Panel,Electrical,4015,178,1096,3097,656,Healthy,680,2105960,2025,2025-11,Saturday,High,Low,Medium-High,Medium-High,Medium-High,High
INV00933,2025-01-02,Plant D,P002,Hydraulic Valve,Valves,3026,1664,320,4370,500,Healthy,185,808450,2025,2025-01,Thursday,Medium-High,High,Low,High,Medium-Low,Medium-Low
INV00934,2025-03-23,Plant D,P004,Gear Assembly,Assemblies,4529,958,1213,4274,710,Healthy,540,2307960,2025,2025-03,Sunday,High,Medium-High,Medium-High,High,Medium-High,High
INV00935,2025-12-16,Plant B,P004,Gear Assembly,Assemblies,2497,500,1539,1458,587,Healthy,540,787320,2025,2025-12,Tuesday,Medium-Low,Medium-Low,High,Medium-Low,Medium-Low,Medium-Low
INV00936,2025-01-05,Plant C,P001,Industrial Pump,Pumps,2321,372,503,2190,347,Healthy,420,919800,2025,2025-01,Sunday,Medium-Low,Low,Medium-Low,Medium-Low,Low,Medium-High
INV00937,2025-06-23,Plant D,P003,Electric Motor,Motors,1882,1091,1457,1516,857,Healthy,760,1152160,2025,2025-06,Monday,Medium-Low,Medium-High,High,Medium-Low,High,Medium-High
INV00938,2025-05-19,Plant B,P002,Hydraulic Valve,Valves,4098,969,643,4424,669,Healthy,185,818440,2025,2025-05,Monday,High,Medium-High,Medium-Low,High,Medium-High,Medium-Low
INV00939,2025-07-12,Plant D,P002,Hydraulic Valve,Valves,2903,1689,1450,3142,530,Healthy,185,581270,2025,2025-07,Saturday,Medium-High,High,High,Medium-High,Medium-Low,Medium-Low
INV00940,2025-05-18,Plant D,P005,Control Panel,Electrical,4267,1447,1059,4655,394,Healthy,680,3165400,2025,2025-05,Sunday,High,High,Medium-High,High,Low,High
INV00941,2025-10-24,Plant A,P006,Bearing Unit,Components,4647,514,1511,3650,602,Healthy,125,456250,2025,2025-10,Friday,High,Medium-Low,High,High,Medium-Low,Medium-Low
INV00942,2025-04-26,Plant B,P005,Control Panel,Electrical,3058,363,905,2516,517,Healthy,680,1710880,2025,2025-04,Saturday,Medium-High,Low,Medium-Low,Medium-High,Medium-Low,Medium-High
INV00943,2025-02-13,Plant D,P006,Bearing Unit,Components,1878,776,1495,1159,851,Healthy,125,144875,2025,2025-02,Thursday,Medium-Low,Medium-Low,High,Low,High,Low
INV00944,2025-12-12,Plant C,P002,Hydraulic Valve,Valves,925,1474,1229,1170,686,Healthy,185,216450,2025,2025-12,Friday,Low,High,Medium-High,Low,Medium-High,Low
INV00945,2025-10-16,Plant B,P003,Electric Motor,Motors,3761,1539,1408,3892,390,Healthy,760,2957920,2025,2025-10,Thursday,High,High,High,High,Low,High
INV00946,2025-08-07,Plant C,P004,Gear Assembly,Assemblies,3469,773,1604,2638,357,Healthy,540,1424520,2025,2025-08,Thursday,Medium-High,Medium-Low,High,Medium-High,Low,Medium-High
INV00947,2025-02-25,Plant B,P001,Industrial Pump,Pumps,3195,328,1654,1869,733,Healthy,420,784980,2025,2025-02,Tuesday,Medium-High,Low,High,Medium-Low,Medium-High,Medium-Low
INV00948,2025-08-30,Plant C,P006,Bearing Unit,Components,2257,793,181,2869,821,Healthy,125,358625,2025,2025-08,Saturday,Medium-Low,Medium-Low,Low,Medium-High,High,Low
INV00949,2025-09-15,Plant C,P004,Gear Assembly,Assemblies,151,961,817,295,782,Reorder,540,159300,2025,2025-09,Monday,Low,Medium-High,Medium-Low,Low,High,Low
INV00950,2025-01-01,Plant B,P001,Industrial Pump,Pumps,3461,369,1794,2036,666,Healthy,420,855120,2025,2025-01,Wednesday,Medium-High,Low,High,Medium-Low,Medium-High,Medium-Low
INV00951,2025-10-16,Plant A,P003,Electric Motor,Motors,3615,596,550,3661,706,Healthy,760,2782360,2025,2025-10,Thursday,Medium-High,Medium-Low,Medium-Low,High,Medium-High,High
INV00952,2025-04-13,Plant A,P002,Hydraulic Valve,Valves,4662,1410,1595,4477,817,Healthy,185,828245,2025,2025-04,Sunday,High,High,High,High,High,Medium-Low
INV00953,2025-10-19,Plant B,P003,Electric Motor,Motors,3430,1570,1213,3787,630,Healthy,760,2878120,2025,2025-10,Sunday,Medium-High,High,Medium-High,High,Medium-High,High
INV00954,2025-05-29,Plant D,P006,Bearing Unit,Components,1774,1137,184,2727,534,Healthy,125,340875,2025,2025-05,Thursday,Medium-Low,Medium-High,Low,Medium-High,Medium-Low,Low
INV00955,2025-03-25,Plant B,P002,Hydraulic Valve,Valves,2965,570,816,2719,710,Healthy,185,503015,2025,2025-03,Tuesday,Medium-High,Medium-Low,Medium-Low,Medium-High,Medium-High,Medium-Low
INV00956,2025-01-26,Plant B,P005,Control Panel,Electrical,1461,1061,861,1661,482,Healthy,680,1129480,2025,2025-01,Sunday,Medium-Low,Medium-High,Medium-Low,Medium-Low,Medium-Low,Medium-High
INV00957,2025-06-24,Plant D,P001,Industrial Pump,Pumps,886,1568,1480,974,586,Healthy,420,409080,2025,2025-06,Tuesday,Low,High,High,Low,Medium-Low,Medium-Low
INV00958,2025-08-11,Plant B,P005,Control Panel,Electrical,655,376,819,212,422,Reorder,680,144160,2025,2025-08,Monday,Low,Low,Medium-Low,Low,Low,Low
INV00959,2025-05-09,Plant B,P002,Hydraulic Valve,Valves,2139,1422,143,3418,457,Healthy,185,632330,2025,2025-05,Friday,Medium-Low,High,Low,Medium-High,Low,Medium-Low
INV00960,2025-05-22,Plant D,P001,Industrial Pump,Pumps,1862,1226,1314,1774,622,Healthy,420,745080,2025,2025-05,Thursday,Medium-Low,Medium-High,Medium-High,Medium-Low,Medium-High,Medium-Low
INV00961,2025-12-12,Plant D,P001,Industrial Pump,Pumps,2212,1225,214,3223,312,Healthy,420,1353660,2025,2025-12,Friday,Medium-Low,Medium-High,Low,Medium-High,Low,Medium-High
INV00962,2025-10-29,Plant A,P005,Control Panel,Electrical,2310,99,374,2035,865,Healthy,680,1383800,2025,2025-10,Wednesday,Medium-Low,Low,Low,Medium-Low,High,Medium-High
INV00963,2025-10-25,Plant C,P001,Industrial Pump,Pumps,1801,1421,1733,1489,854,Healthy,420,625380,2025,2025-10,Saturday,Medium-Low,High,High,Medium-Low,High,Medium-Low
INV00964,2025-05-15,Plant C,P002,Hydraulic Valve,Valves,2186,1473,1291,2368,862,Healthy,185,438080,2025,2025-05,Thursday,Medium-Low,High,Medium-High,Medium-Low,High,Medium-Low
INV00965,2025-02-24,Plant A,P006,Bearing Unit,Components,2812,815,989,2638,503,Healthy,125,329750,2025,2025-02,Monday,Medium-High,Medium-Low,Medium-High,Medium-High,Medium-Low,Low
INV00966,2025-02-25,Plant A,P006,Bearing Unit,Components,2507,117,669,1955,601,Healthy,125,244375,2025,2025-02,Tuesday,Medium-Low,Low,Medium-Low,Medium-Low,Medium-Low,Low
INV00967,2025-03-17,Plant C,P002,Hydraulic Valve,Valves,2416,420,280,2556,342,Healthy,185,472860,2025,2025-03,Monday,Medium-Low,Low,Low,Medium-High,Low,Medium-Low
INV00968,2025-11-15,Plant A,P005,Control Panel,Electrical,1710,1266,631,2345,896,Healthy,680,1594600,2025,2025-11,Saturday,Medium-Low,Medium-High,Medium-Low,Medium-Low,High,Medium-High
INV00969,2025-12-05,Plant B,P003,Electric Motor,Motors,4452,540,782,4210,805,Healthy,760,3199600,2025,2025-12,Friday,High,Medium-Low,Medium-Low,High,High,High
INV00970,2025-12-21,Plant A,P002,Hydraulic Valve,Valves,4805,1250,1659,4396,490,Healthy,185,813260,2025,2025-12,Sunday,High,Medium-High,High,High,Medium-Low,Medium-Low
INV00971,2025-05-12,Plant A,P006,Bearing Unit,Components,1227,1524,1252,1499,359,Healthy,125,187375,2025,2025-05,Monday,Low,High,Medium-High,Medium-Low,Low,Low
INV00972,2025-02-11,Plant A,P002,Hydraulic Valve,Valves,1004,1236,1153,1087,765,Healthy,185,201095,2025,2025-02,Tuesday,Low,Medium-High,Medium-High,Low,High,Low
INV00973,2025-12-18,Plant A,P001,Industrial Pump,Pumps,263,929,1427,0,678,Reorder,420,0,2025,2025-12,Thursday,Low,Medium-High,High,Low,Medium-High,Low
INV00974,2025-04-20,Plant C,P001,Industrial Pump,Pumps,1236,698,720,1214,728,Healthy,420,509880,2025,2025-04,Sunday,Low,Medium-Low,Medium-Low,Low,Medium-High,Medium-Low
INV00975,2025-03-11,Plant D,P002,Hydraulic Valve,Valves,4810,112,1754,3168,361,Healthy,185,586080,2025,2025-03,Tuesday,High,Low,High,Medium-High,Low,Medium-Low
INV00976,2025-10-11,Plant C,P005,Control Panel,Electrical,2125,372,1234,1263,601,Healthy,680,858840,2025,2025-10,Saturday,Medium-Low,Low,Medium-High,Low,Medium-Low,Medium-Low
INV00977,2025-05-06,Plant C,P003,Electric Motor,Motors,205,298,1500,0,471,Reorder,760,0,2025,2025-05,Tuesday,Low,Low,High,Low,Medium-Low,Low
INV00978,2025-12-14,Plant D,P001,Industrial Pump,Pumps,4894,1696,452,6138,804,Healthy,420,2577960,2025,2025-12,Sunday,High,High,Low,High,High,High
INV00979,2025-10-23,Plant C,P006,Bearing Unit,Components,4559,1042,1105,4496,362,Healthy,125,562000,2025,2025-10,Thursday,High,Medium-High,Medium-High,High,Low,Medium-Low
INV00980,2025-06-28,Plant B,P001,Industrial Pump,Pumps,3192,775,170,3797,315,Healthy,420,1594740,2025,2025-06,Saturday,Medium-High,Medium-Low,Low,High,Low,Medium-High
INV00981,2025-10-25,Plant D,P006,Bearing Unit,Components,2121,670,776,2015,400,Healthy,125,251875,2025,2025-10,Saturday,Medium-Low,Medium-Low,Medium-Low,Medium-Low,Low,Low
INV00982,2025-07-16,Plant B,P003,Electric Motor,Motors,1252,10,1588,0,475,Reorder,760,0,2025,2025-07,Wednesday,Low,Low,High,Low,Medium-Low,Low
INV00983,2025-09-18,Plant C,P001,Industrial Pump,Pumps,798,7,434,371,492,Reorder,420,155820,2025,2025-09,Thursday,Low,Low,Low,Low,Medium-Low,Low
INV00984,2025-04-11,Plant C,P005,Control Panel,Electrical,3967,1176,1498,3645,572,Healthy,680,2478600,2025,2025-04,Friday,High,Medium-High,High,High,Medium-Low,High
INV00985,2025-03-02,Plant D,P006,Bearing Unit,Components,3370,1648,525,4493,766,Healthy,125,561625,2025,2025-03,Sunday,Medium-High,High,Medium-Low,High,High,Medium-Low
INV00986,2025-07-02,Plant C,P001,Industrial Pump,Pumps,846,1683,609,1920,474,Healthy,420,806400,2025,2025-07,Wednesday,Low,High,Medium-Low,Medium-Low,Medium-Low,Medium-Low
INV00987,2025-10-24,Plant A,P001,Industrial Pump,Pumps,1060,1573,1240,1393,533,Healthy,420,585060,2025,2025-10,Friday,Low,High,Medium-High,Medium-Low,Medium-Low,Medium-Low
INV00988,2025-01-09,Plant B,P002,Hydraulic Valve,Valves,3591,1158,438,4311,515,Healthy,185,797535,2025,2025-01,Thursday,Medium-High,Medium-High,Low,High,Medium-Low,Medium-Low
INV00989,2025-07-25,Plant B,P005,Control Panel,Electrical,3397,1396,1406,3387,790,Healthy,680,2303160,2025,2025-07,Friday,Medium-High,High,High,Medium-High,High,High
INV00990,2025-11-14,Plant A,P005,Control Panel,Electrical,3077,460,1596,1941,716,Healthy,680,1319880,2025,2025-11,Friday,Medium-High,Medium-Low,High,Medium-Low,Medium-High,Medium-High
INV00991,2025-02-23,Plant D,P002,Hydraulic Valve,Valves,308,1258,839,727,832,Reorder,185,134495,2025,2025-02,Sunday,Low,Medium-High,Medium-Low,Low,High,Low
INV00992,2025-06-29,Plant D,P006,Bearing Unit,Components,3416,254,802,2868,750,Healthy,125,358500,2025,2025-06,Sunday,Medium-High,Low,Medium-Low,Medium-High,Medium-High,Low
INV00993,2025-04-14,Plant A,P004,Gear Assembly,Assemblies,1991,585,1544,1032,579,Healthy,540,557280,2025,2025-04,Monday,Medium-Low,Medium-Low,High,Low,Medium-Low,Medium-Low
INV00994,2025-05-06,Plant A,P003,Electric Motor,Motors,1276,1351,753,1874,543,Healthy,760,1424240,2025,2025-05,Tuesday,Low,High,Medium-Low,Medium-Low,Medium-Low,Medium-High
INV00995,2025-02-03,Plant B,P005,Control Panel,Electrical,3606,361,1597,2370,445,Healthy,680,1611600,2025,2025-02,Monday,Medium-High,Low,High,Medium-Low,Low,Medium-High
INV00996,2025-06-14,Plant A,P004,Gear Assembly,Assemblies,2139,1397,102,3434,366,Healthy,540,1854360,2025,2025-06,Saturday,Medium-Low,High,Low,Medium-High,Low,Medium-High
INV00997,2025-10-25,Plant A,P006,Bearing Unit,Components,3389,1002,616,3775,402,Healthy,125,471875,2025,2025-10,Saturday,Medium-High,Medium-High,Medium-Low,High,Low,Medium-Low
INV00998,2025-09-27,Plant A,P003,Electric Motor,Motors,1552,787,870,1469,609,Healthy,760,1116440,2025,2025-09,Saturday,Medium-Low,Medium-Low,Medium-Low,Medium-Low,Medium-High,Medium-High
INV00999,2025-10-16,Plant C,P005,Control Panel,Electrical,4861,208,1094,3975,416,Healthy,680,2703000,2025,2025-10,Thursday,High,Low,Medium-High,High,Low,High
INV01000,2025-04-28,Plant A,P001,Industrial Pump,Pumps,3960,266,1092,3134,771,Healthy,420,1316280,2025,2025-04,Monday,High,Low,Medium-High,Medium-High,High,Medium-High
INV01001,2025-12-20,Plant C,P005,Control Panel,Electrical,1717,655,911,1461,620,Healthy,680,993480,2025,2025-12,Saturday,Medium-Low,Medium-Low,Medium-Low,Medium-Low,Medium-High,Medium-High
INV01002,2025-04-02,Plant B,P003,Electric Motor,Motors,534,996,1529,1,734,Reorder,760,760,2025,2025-04,Wednesday,Low,Medium-High,High,Low,Medium-High,Low
INV01003,2025-04-10,Plant B,P004,Gear Assembly,Assemblies,2427,553,371,2609,669,Healthy,540,1408860,2025,2025-04,Thursday,Medium-Low,Medium-Low,Low,Medium-High,Medium-High,Medium-High
INV01004,2025-03-28,Plant D,P001,Industrial Pump,Pumps,1746,735,876,1605,486,Healthy,420,674100,2025,2025-03,Friday,Medium-Low,Medium-Low,Medium-Low,Medium-Low,Medium-Low,Medium-Low
INV01005,2025-08-22,Plant B,P003,Electric Motor,Motors,3263,1529,482,4310,887,Healthy,760,3275600,2025,2025-08,Friday,Medium-High,High,Low,High,High,High
INV01006,2025-05-04,Plant D,P006,Bearing Unit,Components,4862,1587,1132,5317,768,Healthy,125,664625,2025,2025-05,Sunday,High,High,Medium-High,High,High,Medium-Low
INV01007,2025-07-22,Plant C,P003,Electric Motor,Motors,1540,420,1224,736,772,Reorder,760,559360,2025,2025-07,Tuesday,Medium-Low,Low,Medium-High,Low,High,Medium-Low
INV01008,2025-02-01,Plant A,P005,Control Panel,Electrical,4543,307,1513,3337,855,Healthy,680,2269160,2025,2025-02,Saturday,High,Low,High,Medium-High,High,High
INV01009,2025-12-23,Plant B,P006,Bearing Unit,Components,4960,136,107,4989,753,Healthy,125,623625,2025,2025-12,Tuesday,High,Low,Low,High,Medium-High,Medium-Low
INV01010,2025-02-08,Plant A,P002,Hydraulic Valve,Valves,1033,1442,1067,1408,745,Healthy,185,260480,2025,2025-02,Saturday,Low,High,Medium-High,Medium-Low,Medium-High,Low
INV01011,2025-04-04,Plant D,P002,Hydraulic Valve,Valves,4378,194,1647,2925,393,Healthy,185,541125,2025,2025-04,Friday,High,Low,High,Medium-High,Low,Medium-Low
INV01012,2025-01-10,Plant C,P001,Industrial Pump,Pumps,2655,1118,1731,2042,337,Healthy,420,857640,2025,2025-01,Friday,Medium-High,Medium-High,High,Medium-Low,Low,Medium-Low
INV01013,2025-08-03,Plant B,P003,Electric Motor,Motors,1246,1513,800,1959,781,Healthy,760,1488840,2025,2025-08,Sunday,Low,High,Medium-Low,Medium-Low,High,Medium-High
INV01014,2025-04-10,Plant A,P004,Gear Assembly,Assemblies,4096,1281,1366,4011,410,Healthy,540,2165940,2025,2025-04,Thursday,High,Medium-High,Medium-High,High,Low,High
INV01015,2025-09-01,Plant D,P001,Industrial Pump,Pumps,480,1048,231,1297,709,Healthy,420,544740,2025,2025-09,Monday,Low,Medium-High,Low,Medium-Low,Medium-High,Medium-Low
INV01016,2025-02-27,Plant A,P006,Bearing Unit,Components,924,1255,656,1523,467,Healthy,125,190375,2025,2025-02,Thursday,Low,Medium-High,Medium-Low,Medium-Low,Medium-Low,Low
INV01017,2025-12-23,Plant B,P001,Industrial Pump,Pumps,1638,1355,1151,1842,865,Healthy,420,773640,2025,2025-12,Tuesday,Medium-Low,High,Medium-High,Medium-Low,High,Medium-Low
INV01018,2025-11-16,Plant A,P005,Control Panel,Electrical,3475,605,1010,3070,696,Healthy,680,2087600,2025,2025-11,Sunday,Medium-High,Medium-Low,Medium-High,Medium-High,Medium-High,High
INV01019,2025-01-19,Plant C,P006,Bearing Unit,Components,1737,1013,1727,1023,426,Healthy,125,127875,2025,2025-01,Sunday,Medium-Low,Medium-High,High,Low,Low,Low
INV01020,2025-12-23,Plant B,P004,Gear Assembly,Assemblies,4387,861,154,5094,341,Healthy,540,2750760,2025,2025-12,Tuesday,High,Medium-Low,Low,High,Low,High
INV01021,2025-04-27,Plant D,P003,Electric Motor,Motors,624,220,1334,0,340,Reorder,760,0,2025,2025-04,Sunday,Low,Low,Medium-High,Low,Low,Low
INV01022,2025-05-16,Plant B,P006,Bearing Unit,Components,3207,296,656,2847,861,Healthy,125,355875,2025,2025-05,Friday,Medium-High,Low,Medium-Low,Medium-High,High,Low
INV01023,2025-11-23,Plant D,P003,Electric Motor,Motors,1193,1226,1296,1123,786,Healthy,760,853480,2025,2025-11,Sunday,Low,Medium-High,Medium-High,Low,High,Medium-Low
INV01024,2025-10-23,Plant D,P003,Electric Motor,Motors,204,1010,1039,175,698,Reorder,760,133000,2025,2025-10,Thursday,Low,Medium-High,Medium-High,Low,Medium-High,Low
INV01025,2025-01-13,Plant B,P001,Industrial Pump,Pumps,1839,342,533,1648,481,Healthy,420,692160,2025,2025-01,Monday,Medium-Low,Low,Medium-Low,Medium-Low,Medium-Low,Medium-Low
INV01026,2025-04-11,Plant D,P005,Control Panel,Electrical,2460,592,1775,1277,480,Healthy,680,868360,2025,2025-04,Friday,Medium-Low,Medium-Low,High,Medium-Low,Medium-Low,Medium-Low
INV01027,2025-06-04,Plant B,P001,Industrial Pump,Pumps,3226,1228,178,4276,763,Healthy,420,1795920,2025,2025-06,Wednesday,Medium-High,Medium-High,Low,High,Medium-High,Medium-High
INV01028,2025-03-23,Plant C,P002,Hydraulic Valve,Valves,1776,891,368,2299,349,Healthy,185,425315,2025,2025-03,Sunday,Medium-Low,Medium-High,Low,Medium-Low,Low,Medium-Low
INV01029,2025-03-29,Plant C,P002,Hydraulic Valve,Valves,2454,76,756,1774,707,Healthy,185,328190,2025,2025-03,Saturday,Medium-Low,Low,Medium-Low,Medium-Low,Medium-High,Low
INV01030,2025-04-15,Plant A,P003,Electric Motor,Motors,4231,1573,558,5246,700,Healthy,760,3986960,2025,2025-04,Tuesday,High,High,Medium-Low,High,Medium-High,High
INV01031,2025-05-10,Plant C,P005,Control Panel,Electrical,3034,706,69,3671,445,Healthy,680,2496280,2025,2025-05,Saturday,Medium-High,Medium-Low,Low,High,Low,High
INV01032,2025-09-29,Plant D,P006,Bearing Unit,Components,1972,1065,801,2236,597,Healthy,125,279500,2025,2025-09,Monday,Medium-Low,Medium-High,Medium-Low,Medium-Low,Medium-Low,Low
INV01033,2025-01-14,Plant A,P003,Electric Motor,Motors,1142,1478,284,2336,444,Healthy,760,1775360,2025,2025-01,Tuesday,Low,High,Low,Medium-Low,Low,Medium-High
INV01034,2025-05-08,Plant A,P006,Bearing Unit,Components,3534,1205,1670,3069,315,Healthy,125,383625,2025,2025-05,Thursday,Medium-High,Medium-High,High,Medium-High,Low,Medium-Low
INV01035,2025-03-01,Plant B,P003,Electric Motor,Motors,1541,756,655,1642,384,Healthy,760,1247920,2025,2025-03,Saturday,Medium-Low,Medium-Low,Medium-Low,Medium-Low,Low,Medium-High
INV01036,2025-08-15,Plant A,P001,Industrial Pump,Pumps,1945,1218,603,2560,515,Healthy,420,1075200,2025,2025-08,Friday,Medium-Low,Medium-High,Medium-Low,Medium-High,Medium-Low,Medium-High
INV01037,2025-01-17,Plant B,P003,Electric Motor,Motors,3601,589,1423,2767,781,Healthy,760,2102920,2025,2025-01,Friday,Medium-High,Medium-Low,High,Medium-High,High,High
INV01038,2025-02-14,Plant A,P003,Electric Motor,Motors,1641,387,502,1526,351,Healthy,760,1159760,2025,2025-02,Friday,Medium-Low,Low,Low,Medium-Low,Low,Medium-High
INV01039,2025-02-07,Plant C,P005,Control Panel,Electrical,566,926,635,857,847,Healthy,680,582760,2025,2025-02,Friday,Low,Medium-High,Medium-Low,Low,High,Medium-Low
INV01040,2025-05-04,Plant B,P005,Control Panel,Electrical,3044,636,1033,2647,406,Healthy,680,1799960,2025,2025-05,Sunday,Medium-High,Medium-Low,Medium-High,Medium-High,Low,Medium-High
INV01041,2025-12-26,Plant D,P006,Bearing Unit,Components,4394,140,1582,2952,518,Healthy,125,369000,2025,2025-12,Friday,High,Low,High,Medium-High,Medium-Low,Medium-Low
INV01042,2025-03-05,Plant A,P005,Control Panel,Electrical,1691,1050,1700,1041,636,Healthy,680,707880,2025,2025-03,Wednesday,Medium-Low,Medium-High,High,Low,Medium-High,Medium-Low
INV01043,2025-09-10,Plant C,P003,Electric Motor,Motors,2915,1338,472,3781,670,Healthy,760,2873560,2025,2025-09,Wednesday,Medium-High,High,Low,High,Medium-High,High
INV01044,2025-09-19,Plant C,P005,Control Panel,Electrical,4172,1344,1263,4253,553,Healthy,680,2892040,2025,2025-09,Friday,High,High,Medium-High,High,Medium-Low,High
INV01045,2025-04-22,Plant B,P005,Control Panel,Electrical,3672,447,1198,2921,704,Healthy,680,1986280,2025,2025-04,Tuesday,High,Low,Medium-High,Medium-High,Medium-High,High
INV01046,2025-04-12,Plant B,P004,Gear Assembly,Assemblies,4436,292,55,4673,879,Healthy,540,2523420,2025,2025-04,Saturday,High,Low,Low,High,High,High
INV01047,2025-02-18,Plant B,P004,Gear Assembly,Assemblies,1293,1777,507,2563,329,Healthy,540,1384020,2025,2025-02,Tuesday,Low,High,Medium-Low,Medium-High,Low,Medium-High
INV01048,2025-10-04,Plant D,P002,Hydraulic Valve,Valves,393,1259,603,1049,484,Healthy,185,194065,2025,2025-10,Saturday,Low,Medium-High,Medium-Low,Low,Medium-Low,Low
INV01049,2025-08-15,Plant D,P001,Industrial Pump,Pumps,1021,714,1643,92,588,Reorder,420,38640,2025,2025-08,Friday,Low,Medium-Low,High,Low,Medium-Low,Low
INV01050,2025-01-23,Plant D,P001,Industrial Pump,Pumps,1438,456,571,1323,658,Healthy,420,555660,2025,2025-01,Thursday,Medium-Low,Medium-Low,Medium-Low,Medium-Low,Medium-High,Medium-Low
INV01051,2025-11-28,Plant A,P005,Control Panel,Electrical,3298,891,1162,3027,773,Healthy,680,2058360,2025,2025-11,Friday,Medium-High,Medium-High,Medium-High,Medium-High,High,High
INV01052,2025-07-04,Plant D,P002,Hydraulic Valve,Valves,4663,838,895,4606,864,Healthy,185,852110,2025,2025-07,Friday,High,Medium-Low,Medium-Low,High,High,Medium-Low
INV01053,2025-03-05,Plant B,P002,Hydraulic Valve,Valves,2514,653,1184,1983,699,Healthy,185,366855,2025,2025-03,Wednesday,Medium-Low,Medium-Low,Medium-High,Medium-Low,Medium-High,Low
INV01054,2025-06-06,Plant C,P006,Bearing Unit,Components,4953,1629,600,5982,432,Healthy,125,747750,2025,2025-06,Friday,High,High,Medium-Low,High,Low,Medium-Low
INV01055,2025-10-10,Plant C,P004,Gear Assembly,Assemblies,3575,663,1470,2768,801,Healthy,540,1494720,2025,2025-10,Friday,Medium-High,Medium-Low,High,Medium-High,High,Medium-High
INV01056,2025-05-29,Plant B,P002,Hydraulic Valve,Valves,1641,764,1752,653,802,Reorder,185,120805,2025,2025-05,Thursday,Medium-Low,Medium-Low,High,Low,High,Low
INV01057,2025-11-23,Plant D,P003,Electric Motor,Motors,2598,1090,60,3628,376,Healthy,760,2757280,2025,2025-11,Sunday,Medium-High,Medium-High,Low,Medium-High,Low,High
INV01058,2025-12-29,Plant D,P006,Bearing Unit,Components,1007,175,1695,0,649,Reorder,125,0,2025,2025-12,Monday,Low,Low,High,Low,Medium-High,Low
INV01059,2025-06-18,Plant B,P005,Control Panel,Electrical,2593,509,546,2556,359,Healthy,680,1738080,2025,2025-06,Wednesday,Medium-High,Medium-Low,Medium-Low,Medium-High,Low,Medium-High
INV01060,2025-05-13,Plant C,P003,Electric Motor,Motors,2227,1638,1089,2776,754,Healthy,760,2109760,2025,2025-05,Tuesday,Medium-Low,High,Medium-High,Medium-High,Medium-High,High
INV01061,2025-11-10,Plant A,P001,Industrial Pump,Pumps,3188,1114,1106,3196,764,Healthy,420,1342320,2025,2025-11,Monday,Medium-High,Medium-High,Medium-High,Medium-High,High,Medium-High
INV01062,2025-05-12,Plant C,P004,Gear Assembly,Assemblies,4747,704,794,4657,610,Healthy,540,2514780,2025,2025-05,Monday,High,Medium-Low,Medium-Low,High,Medium-High,High
INV01063,2025-07-16,Plant D,P003,Electric Motor,Motors,4090,1189,538,4741,390,Healthy,760,3603160,2025,2025-07,Wednesday,High,Medium-High,Medium-Low,High,Low,High
INV01064,2025-05-15,Plant C,P005,Control Panel,Electrical,3851,601,1261,3191,597,Healthy,680,2169880,2025,2025-05,Thursday,High,Medium-Low,Medium-High,Medium-High,Medium-Low,High
INV01065,2025-02-04,Plant D,P003,Electric Motor,Motors,2197,837,785,2249,624,Healthy,760,1709240,2025,2025-02,Tuesday,Medium-Low,Medium-Low,Medium-Low,Medium-Low,Medium-High,Medium-High
INV01066,2025-08-08,Plant C,P003,Electric Motor,Motors,3274,1001,1644,2631,579,Healthy,760,1999560,2025,2025-08,Friday,Medium-High,Medium-High,High,Medium-High,Medium-Low,High
INV01067,2025-07-04,Plant B,P002,Hydraulic Valve,Valves,487,1461,507,1441,417,Healthy,185,266585,2025,2025-07,Friday,Low,High,Medium-Low,Medium-Low,Low,Low
INV01068,2025-01-05,Plant D,P004,Gear Assembly,Assemblies,398,50,1124,0,866,Reorder,540,0,2025,2025-01,Sunday,Low,Low,Medium-High,Low,High,Low
INV01069,2025-03-12,Plant A,P001,Industrial Pump,Pumps,4534,1701,1344,4891,570,Healthy,420,2054220,2025,2025-03,Wednesday,High,High,Medium-High,High,Medium-Low,High
INV01070,2025-12-08,Plant A,P005,Control Panel,Electrical,3560,685,513,3732,816,Healthy,680,2537760,2025,2025-12,Monday,Medium-High,Medium-Low,Medium-Low,High,High,High
INV01071,2025-08-29,Plant B,P006,Bearing Unit,Components,4161,1762,92,5831,400,Healthy,125,728875,2025,2025-08,Friday,High,High,Low,High,Low,Medium-Low
INV01072,2025-12-17,Plant C,P006,Bearing Unit,Components,573,265,588,250,687,Reorder,125,31250,2025,2025-12,Wednesday,Low,Low,Medium-Low,Low,Medium-High,Low
INV01073,2025-10-24,Plant B,P005,Control Panel,Electrical,4811,1544,617,5738,585,Healthy,680,3901840,2025,2025-10,Friday,High,High,Medium-Low,High,Medium-Low,High
INV01074,2025-11-27,Plant B,P001,Industrial Pump,Pumps,4987,1110,170,5927,352,Healthy,420,2489340,2025,2025-11,Thursday,High,Medium-High,Low,High,Low,High
INV01075,2025-07-12,Plant A,P005,Control Panel,Electrical,3313,605,674,3244,539,Healthy,680,2205920,2025,2025-07,Saturday,Medium-High,Medium-Low,Medium-Low,Medium-High,Medium-Low,High
INV01076,2025-06-17,Plant A,P002,Hydraulic Valve,Valves,4208,1075,365,4918,513,Healthy,185,909830,2025,2025-06,Tuesday,High,Medium-High,Low,High,Medium-Low,Medium-High
INV01077,2025-12-05,Plant D,P006,Bearing Unit,Components,548,1202,1071,679,660,Healthy,125,84875,2025,2025-12,Friday,Low,Medium-High,Medium-High,Low,Medium-High,Low
INV01078,2025-08-24,Plant D,P006,Bearing Unit,Components,2321,1301,1188,2434,663,Healthy,125,304250,2025,2025-08,Sunday,Medium-Low,Medium-High,Medium-High,Medium-Low,Medium-High,Low
INV01079,2025-10-21,Plant D,P003,Electric Motor,Motors,2082,1262,670,2674,626,Healthy,760,2032240,2025,2025-10,Tuesday,Medium-Low,Medium-High,Medium-Low,Medium-High,Medium-High,High
INV01080,2025-10-25,Plant B,P002,Hydraulic Valve,Valves,3711,584,503,3792,775,Healthy,185,701520,2025,2025-10,Saturday,High,Medium-Low,Medium-Low,High,High,Medium-Low
INV01081,2025-09-05,Plant B,P006,Bearing Unit,Components,2742,338,736,2344,396,Healthy,125,293000,2025,2025-09,Friday,Medium-High,Low,Medium-Low,Medium-Low,Low,Low
INV01082,2025-06-14,Plant D,P002,Hydraulic Valve,Valves,2020,1095,673,2442,626,Healthy,185,451770,2025,2025-06,Saturday,Medium-Low,Medium-High,Medium-Low,Medium-Low,Medium-High,Medium-Low
INV01083,2025-11-08,Plant A,P002,Hydraulic Valve,Valves,2416,373,661,2128,372,Healthy,185,393680,2025,2025-11,Saturday,Medium-Low,Low,Medium-Low,Medium-Low,Low,Medium-Low
INV01084,2025-03-12,Plant A,P001,Industrial Pump,Pumps,1374,579,1593,360,555,Reorder,420,151200,2025,2025-03,Wednesday,Medium-Low,Medium-Low,High,Low,Medium-Low,Low
INV01085,2025-08-19,Plant C,P006,Bearing Unit,Components,4968,516,1008,4476,469,Healthy,125,559500,2025,2025-08,Tuesday,High,Medium-Low,Medium-High,High,Medium-Low,Medium-Low
INV01086,2025-02-24,Plant D,P004,Gear Assembly,Assemblies,1715,1261,696,2280,632,Healthy,540,1231200,2025,2025-02,Monday,Medium-Low,Medium-High,Medium-Low,Medium-Low,Medium-High,Medium-High
INV01087,2025-07-01,Plant B,P001,Industrial Pump,Pumps,3718,1489,812,4395,456,Healthy,420,1845900,2025,2025-07,Tuesday,High,High,Medium-Low,High,Low,Medium-High
INV01088,2025-01-22,Plant C,P001,Industrial Pump,Pumps,2406,120,1410,1116,718,Healthy,420,468720,2025,2025-01,Wednesday,Medium-Low,Low,High,Low,Medium-High,Medium-Low
INV01089,2025-10-10,Plant C,P002,Hydraulic Valve,Valves,359,1436,289,1506,757,Healthy,185,278610,2025,2025-10,Friday,Low,High,Low,Medium-Low,Medium-High,Low
INV01090,2025-04-15,Plant C,P004,Gear Assembly,Assemblies,3306,1746,783,4269,398,Healthy,540,2305260,2025,2025-04,Tuesday,Medium-High,High,Medium-Low,High,Low,High
INV01091,2025-06-24,Plant D,P001,Industrial Pump,Pumps,1612,1797,1459,1950,543,Healthy,420,819000,2025,2025-06,Tuesday,Medium-Low,High,High,Medium-Low,Medium-Low,Medium-Low
INV01092,2025-10-21,Plant D,P004,Gear Assembly,Assemblies,4838,836,1218,4456,776,Healthy,540,2406240,2025,2025-10,Tuesday,High,Medium-Low,Medium-High,High,High,High
INV01093,2025-02-08,Plant D,P006,Bearing Unit,Components,2228,569,426,2371,740,Healthy,125,296375,2025,2025-02,Saturday,Medium-Low,Medium-Low,Low,Medium-Low,Medium-High,Low
INV01094,2025-03-01,Plant A,P002,Hydraulic Valve,Valves,3538,42,53,3527,493,Healthy,185,652495,2025,2025-03,Saturday,Medium-High,Low,Low,Medium-High,Medium-Low,Medium-Low
INV01095,2025-10-27,Plant C,P001,Industrial Pump,Pumps,2276,1527,843,2960,674,Healthy,420,1243200,2025,2025-10,Monday,Medium-Low,High,Medium-Low,Medium-High,Medium-High,Medium-High
INV01096,2025-10-26,Plant A,P004,Gear Assembly,Assemblies,4607,1220,895,4932,666,Healthy,540,2663280,2025,2025-10,Sunday,High,Medium-High,Medium-Low,High,Medium-High,High
INV01097,2025-07-31,Plant D,P005,Control Panel,Electrical,3608,71,1401,2278,454,Healthy,680,1549040,2025,2025-07,Thursday,Medium-High,Low,High,Medium-Low,Low,Medium-High
INV01098,2025-06-04,Plant A,P001,Industrial Pump,Pumps,4810,90,246,4654,798,Healthy,420,1954680,2025,2025-06,Wednesday,High,Low,Low,High,High,High
INV01099,2025-06-22,Plant A,P001,Industrial Pump,Pumps,3180,1572,438,4314,833,Healthy,420,1811880,2025,2025-06,Sunday,Medium-High,High,Low,High,High,Medium-High
INV01100,2025-01-23,Plant B,P001,Industrial Pump,Pumps,331,490,1713,0,757,Reorder,420,0,2025,2025-01,Thursday,Low,Medium-Low,High,Low,Medium-High,Low
INV01101,2025-08-28,Plant D,P004,Gear Assembly,Assemblies,829,748,310,1267,412,Healthy,540,684180,2025,2025-08,Thursday,Low,Medium-Low,Low,Low,Low,Medium-Low
INV01102,2025-07-28,Plant C,P003,Electric Motor,Motors,3112,997,652,3457,323,Healthy,760,2627320,2025,2025-07,Monday,Medium-High,Medium-High,Medium-Low,Medium-High,Low,High
INV01103,2025-05-02,Plant D,P006,Bearing Unit,Components,3029,382,143,3268,582,Healthy,125,408500,2025,2025-05,Friday,Medium-High,Low,Low,Medium-High,Medium-Low,Medium-Low
INV01104,2025-09-10,Plant A,P001,Industrial Pump,Pumps,417,804,1330,0,591,Reorder,420,0,2025,2025-09,Wednesday,Low,Medium-Low,Medium-High,Low,Medium-Low,Low
INV01105,2025-05-21,Plant D,P005,Control Panel,Electrical,1630,1489,185,2934,662,Healthy,680,1995120,2025,2025-05,Wednesday,Medium-Low,High,Low,Medium-High,Medium-High,High
INV01106,2025-12-06,Plant D,P005,Control Panel,Electrical,1210,1177,574,1813,700,Healthy,680,1232840,2025,2025-12,Saturday,Low,Medium-High,Medium-Low,Medium-Low,Medium-High,Medium-High
INV01107,2025-12-28,Plant B,P002,Hydraulic Valve,Valves,815,169,1783,0,867,Reorder,185,0,2025,2025-12,Sunday,Low,Low,High,Low,High,Low
INV01108,2025-11-16,Plant B,P003,Electric Motor,Motors,1441,1295,547,2189,565,Healthy,760,1663640,2025,2025-11,Sunday,Medium-Low,Medium-High,Medium-Low,Medium-Low,Medium-Low,Medium-High
INV01109,2025-06-02,Plant D,P003,Electric Motor,Motors,3504,917,1251,3170,353,Healthy,760,2409200,2025,2025-06,Monday,Medium-High,Medium-High,Medium-High,Medium-High,Low,High
INV01110,2025-08-02,Plant B,P004,Gear Assembly,Assemblies,3412,1133,161,4384,721,Healthy,540,2367360,2025,2025-08,Saturday,Medium-High,Medium-High,Low,High,Medium-High,High
INV01111,2025-11-04,Plant A,P002,Hydraulic Valve,Valves,3220,150,1337,2033,773,Healthy,185,376105,2025,2025-11,Tuesday,Medium-High,Low,Medium-High,Medium-Low,High,Medium-Low
INV01112,2025-02-17,Plant A,P004,Gear Assembly,Assemblies,3187,430,1487,2130,542,Healthy,540,1150200,2025,2025-02,Monday,Medium-High,Low,High,Medium-Low,Medium-Low,Medium-High
INV01113,2025-11-13,Plant A,P002,Hydraulic Valve,Valves,301,450,418,333,653,Reorder,185,61605,2025,2025-11,Thursday,Low,Medium-Low,Low,Low,Medium-High,Low
INV01114,2025-01-17,Plant B,P006,Bearing Unit,Components,2240,642,985,1897,687,Healthy,125,237125,2025,2025-01,Friday,Medium-Low,Medium-Low,Medium-High,Medium-Low,Medium-High,Low
INV01115,2025-10-23,Plant D,P003,Electric Motor,Motors,1772,779,1664,887,477,Healthy,760,674120,2025,2025-10,Thursday,Medium-Low,Medium-Low,High,Low,Medium-Low,Medium-Low
INV01116,2025-11-27,Plant A,P006,Bearing Unit,Components,1156,22,1451,0,774,Reorder,125,0,2025,2025-11,Thursday,Low,Low,High,Low,High,Low
INV01117,2025-12-11,Plant C,P004,Gear Assembly,Assemblies,3771,366,817,3320,872,Healthy,540,1792800,2025,2025-12,Thursday,High,Low,Medium-Low,Medium-High,High,Medium-High
INV01118,2025-03-10,Plant A,P002,Hydraulic Valve,Valves,518,650,635,533,704,Reorder,185,98605,2025,2025-03,Monday,Low,Medium-Low,Medium-Low,Low,Medium-High,Low
INV01119,2025-03-26,Plant D,P003,Electric Motor,Motors,2698,819,1456,2061,335,Healthy,760,1566360,2025,2025-03,Wednesday,Medium-High,Medium-Low,High,Medium-Low,Low,Medium-High
INV01120,2025-10-09,Plant A,P003,Electric Motor,Motors,725,238,722,241,657,Reorder,760,183160,2025,2025-10,Thursday,Low,Low,Medium-Low,Low,Medium-High,Low
INV01121,2025-07-27,Plant C,P001,Industrial Pump,Pumps,3930,433,560,3803,857,Healthy,420,1597260,2025,2025-07,Sunday,High,Low,Medium-Low,High,High,Medium-High
INV01122,2025-02-09,Plant A,P004,Gear Assembly,Assemblies,1978,703,762,1919,626,Healthy,540,1036260,2025,2025-02,Sunday,Medium-Low,Medium-Low,Medium-Low,Medium-Low,Medium-High,Medium-High
INV01123,2025-04-06,Plant A,P001,Industrial Pump,Pumps,2044,1150,869,2325,343,Healthy,420,976500,2025,2025-04,Sunday,Medium-Low,Medium-High,Medium-Low,Medium-Low,Low,Medium-High
INV01124,2025-09-07,Plant D,P003,Electric Motor,Motors,3029,941,426,3544,619,Healthy,760,2693440,2025,2025-09,Sunday,Medium-High,Medium-High,Low,Medium-High,Medium-High,High
INV01125,2025-05-16,Plant A,P004,Gear Assembly,Assemblies,2867,540,594,2813,771,Healthy,540,1519020,2025,2025-05,Friday,Medium-High,Medium-Low,Medium-Low,Medium-High,High,Medium-High
INV01126,2025-03-14,Plant A,P004,Gear Assembly,Assemblies,3483,632,122,3993,568,Healthy,540,2156220,2025,2025-03,Friday,Medium-High,Medium-Low,Low,High,Medium-Low,High
INV01127,2025-10-28,Plant B,P006,Bearing Unit,Components,3640,197,1023,2814,824,Healthy,125,351750,2025,2025-10,Tuesday,Medium-High,Low,Medium-High,Medium-High,High,Low
INV01128,2025-09-30,Plant D,P005,Control Panel,Electrical,493,1709,553,1649,324,Healthy,680,1121320,2025,2025-09,Tuesday,Low,High,Medium-Low,Medium-Low,Low,Medium-High
INV01129,2025-06-18,Plant D,P002,Hydraulic Valve,Valves,2956,1679,1425,3210,850,Healthy,185,593850,2025,2025-06,Wednesday,Medium-High,High,High,Medium-High,High,Medium-Low
INV01130,2025-11-29,Plant D,P005,Control Panel,Electrical,3019,481,854,2646,456,Healthy,680,1799280,2025,2025-11,Saturday,Medium-High,Medium-Low,Medium-Low,Medium-High,Low,Medium-High
INV01131,2025-07-17,Plant D,P005,Control Panel,Electrical,2718,1202,759,3161,484,Healthy,680,2149480,2025,2025-07,Thursday,Medium-High,Medium-High,Medium-Low,Medium-High,Medium-Low,High
INV01132,2025-12-13,Plant A,P003,Electric Motor,Motors,731,868,374,1225,473,Healthy,760,931000,2025,2025-12,Saturday,Low,Medium-High,Low,Low,Medium-Low,Medium-High
INV01133,2025-04-16,Plant C,P006,Bearing Unit,Components,2956,522,437,3041,693,Healthy,125,380125,2025,2025-04,Wednesday,Medium-High,Medium-Low,Low,Medium-High,Medium-High,Medium-Low
INV01134,2025-04-11,Plant C,P002,Hydraulic Valve,Valves,421,650,877,194,485,Reorder,185,35890,2025,2025-04,Friday,Low,Medium-Low,Medium-Low,Low,Medium-Low,Low
INV01135,2025-12-25,Plant B,P005,Control Panel,Electrical,3606,958,289,4275,580,Healthy,680,2907000,2025,2025-12,Thursday,Medium-High,Medium-High,Low,High,Medium-Low,High
INV01136,2025-08-23,Plant A,P005,Control Panel,Electrical,4769,436,1025,4180,885,Healthy,680,2842400,2025,2025-08,Saturday,High,Low,Medium-High,High,High,High
INV01137,2025-10-07,Plant D,P004,Gear Assembly,Assemblies,1793,1788,1147,2434,594,Healthy,540,1314360,2025,2025-10,Tuesday,Medium-Low,High,Medium-High,Medium-Low,Medium-Low,Medium-High
INV01138,2025-11-25,Plant D,P003,Electric Motor,Motors,1163,856,80,1939,827,Healthy,760,1473640,2025,2025-11,Tuesday,Low,Medium-Low,Low,Medium-Low,High,Medium-High
INV01139,2025-04-16,Plant C,P005,Control Panel,Electrical,3211,313,528,2996,487,Healthy,680,2037280,2025,2025-04,Wednesday,Medium-High,Low,Medium-Low,Medium-High,Medium-Low,High
INV01140,2025-02-04,Plant B,P002,Hydraulic Valve,Valves,1576,18,1087,507,711,Reorder,185,93795,2025,2025-02,Tuesday,Medium-Low,Low,Medium-High,Low,Medium-High,Low
INV01141,2025-06-06,Plant A,P001,Industrial Pump,Pumps,3017,1183,766,3434,485,Healthy,420,1442280,2025,2025-06,Friday,Medium-High,Medium-High,Medium-Low,Medium-High,Medium-Low,Medium-High
INV01142,2025-09-30,Plant B,P001,Industrial Pump,Pumps,3361,817,1389,2789,843,Healthy,420,1171380,2025,2025-09,Tuesday,Medium-High,Medium-Low,High,Medium-High,High,Medium-High
INV01143,2025-08-28,Plant A,P003,Electric Motor,Motors,2893,121,117,2897,874,Healthy,760,2201720,2025,2025-08,Thursday,Medium-High,Low,Low,Medium-High,High,High
INV01144,2025-07-26,Plant B,P001,Industrial Pump,Pumps,3186,71,1713,1544,600,Healthy,420,648480,2025,2025-07,Saturday,Medium-High,Low,High,Medium-Low,Medium-Low,Medium-Low
INV01145,2025-09-02,Plant B,P004,Gear Assembly,Assemblies,3911,1078,1055,3934,608,Healthy,540,2124360,2025,2025-09,Tuesday,High,Medium-High,Medium-High,High,Medium-Low,High
INV01146,2025-04-03,Plant D,P004,Gear Assembly,Assemblies,4070,459,587,3942,488,Healthy,540,2128680,2025,2025-04,Thursday,High,Medium-Low,Medium-Low,High,Medium-Low,High
INV01147,2025-04-19,Plant C,P002,Hydraulic Valve,Valves,3451,168,1769,1850,710,Healthy,185,342250,2025,2025-04,Saturday,Medium-High,Low,High,Medium-Low,Medium-High,Low
INV01148,2025-11-02,Plant D,P006,Bearing Unit,Components,1058,1634,1722,970,837,Healthy,125,121250,2025,2025-11,Sunday,Low,High,High,Low,High,Low
INV01149,2025-04-24,Plant C,P003,Electric Motor,Motors,4243,581,340,4484,686,Healthy,760,3407840,2025,2025-04,Thursday,High,Medium-Low,Low,High,Medium-High,High
INV01150,2025-01-24,Plant B,P003,Electric Motor,Motors,1682,1172,1691,1163,850,Healthy,760,883880,2025,2025-01,Friday,Medium-Low,Medium-High,High,Low,High,Medium-High
INV01151,2025-10-20,Plant A,P001,Industrial Pump,Pumps,3276,628,1024,2880,492,Healthy,420,1209600,2025,2025-10,Monday,Medium-High,Medium-Low,Medium-High,Medium-High,Medium-Low,Medium-High
INV01152,2025-09-09,Plant D,P005,Control Panel,Electrical,2516,25,73,2468,462,Healthy,680,1678240,2025,2025-09,Tuesday,Medium-High,Low,Low,Medium-Low,Medium-Low,Medium-High
INV01153,2025-09-24,Plant A,P005,Control Panel,Electrical,559,1271,464,1366,352,Healthy,680,928880,2025,2025-09,Wednesday,Low,Medium-High,Low,Medium-Low,Low,Medium-High
INV01154,2025-12-21,Plant D,P006,Bearing Unit,Components,2394,720,900,2214,774,Healthy,125,276750,2025,2025-12,Sunday,Medium-Low,Medium-Low,Medium-Low,Medium-Low,High,Low
INV01155,2025-07-28,Plant D,P005,Control Panel,Electrical,2411,1250,1011,2650,473,Healthy,680,1802000,2025,2025-07,Monday,Medium-Low,Medium-High,Medium-High,Medium-High,Medium-Low,Medium-High
INV01156,2025-02-24,Plant D,P006,Bearing Unit,Components,1329,1649,1779,1199,495,Healthy,125,149875,2025,2025-02,Monday,Low,High,High,Low,Medium-Low,Low
INV01157,2025-01-27,Plant A,P002,Hydraulic Valve,Valves,1630,1729,730,2629,510,Healthy,185,486365,2025,2025-01,Monday,Medium-Low,High,Medium-Low,Medium-High,Medium-Low,Medium-Low
INV01158,2025-11-19,Plant D,P003,Electric Motor,Motors,4725,1507,1109,5123,689,Healthy,760,3893480,2025,2025-11,Wednesday,High,High,Medium-High,High,Medium-High,High
INV01159,2025-01-02,Plant D,P001,Industrial Pump,Pumps,1487,1033,150,2370,607,Healthy,420,995400,2025,2025-01,Thursday,Medium-Low,Medium-High,Low,Medium-Low,Medium-Low,Medium-High
INV01160,2025-03-09,Plant D,P002,Hydraulic Valve,Valves,2897,1118,595,3420,756,Healthy,185,632700,2025,2025-03,Sunday,Medium-High,Medium-High,Medium-Low,Medium-High,Medium-High,Medium-Low
INV01161,2025-05-28,Plant A,P004,Gear Assembly,Assemblies,1463,120,88,1495,630,Healthy,540,807300,2025,2025-05,Wednesday,Medium-Low,Low,Low,Medium-Low,Medium-High,Medium-Low
INV01162,2025-11-15,Plant D,P004,Gear Assembly,Assemblies,4602,125,260,4467,794,Healthy,540,2412180,2025,2025-11,Saturday,High,Low,Low,High,High,High
INV01163,2025-11-24,Plant A,P004,Gear Assembly,Assemblies,552,548,791,309,628,Reorder,540,166860,2025,2025-11,Monday,Low,Medium-Low,Medium-Low,Low,Medium-High,Low
INV01164,2025-05-10,Plant C,P006,Bearing Unit,Components,4004,1092,641,4455,328,Healthy,125,556875,2025,2025-05,Saturday,High,Medium-High,Medium-Low,High,Low,Medium-Low
INV01165,2025-03-24,Plant D,P006,Bearing Unit,Components,677,296,799,174,421,Reorder,125,21750,2025,2025-03,Monday,Low,Low,Medium-Low,Low,Low,Low
INV01166,2025-02-11,Plant B,P003,Electric Motor,Motors,4019,685,221,4483,757,Healthy,760,3407080,2025,2025-02,Tuesday,High,Medium-Low,Low,High,Medium-High,High
INV01167,2025-06-05,Plant C,P004,Gear Assembly,Assemblies,3112,1524,887,3749,717,Healthy,540,2024460,2025,2025-06,Thursday,Medium-High,High,Medium-Low,High,Medium-High,High
INV01168,2025-06-06,Plant A,P006,Bearing Unit,Components,3364,972,491,3845,458,Healthy,125,480625,2025,2025-06,Friday,Medium-High,Medium-High,Low,High,Low,Medium-Low
INV01169,2025-04-17,Plant B,P006,Bearing Unit,Components,2031,1068,1132,1967,897,Healthy,125,245875,2025,2025-04,Thursday,Medium-Low,Medium-High,Medium-High,Medium-Low,High,Low
INV01170,2025-10-11,Plant A,P005,Control Panel,Electrical,4342,634,1483,3493,815,Healthy,680,2375240,2025,2025-10,Saturday,High,Medium-Low,High,Medium-High,High,High
INV01171,2025-07-07,Plant A,P006,Bearing Unit,Components,4601,381,583,4399,301,Healthy,125,549875,2025,2025-07,Monday,High,Low,Medium-Low,High,Low,Medium-Low
INV01172,2025-04-15,Plant D,P004,Gear Assembly,Assemblies,282,1050,414,918,601,Healthy,540,495720,2025,2025-04,Tuesday,Low,Medium-High,Low,Low,Medium-Low,Medium-Low
INV01173,2025-04-22,Plant B,P002,Hydraulic Valve,Valves,3277,704,416,3565,378,Healthy,185,659525,2025,2025-04,Tuesday,Medium-High,Medium-Low,Low,Medium-High,Low,Medium-Low
INV01174,2025-05-13,Plant A,P004,Gear Assembly,Assemblies,335,496,1417,0,614,Reorder,540,0,2025,2025-05,Tuesday,Low,Medium-Low,High,Low,Medium-High,Low
INV01175,2025-09-28,Plant C,P005,Control Panel,Electrical,737,851,345,1243,627,Healthy,680,845240,2025,2025-09,Sunday,Low,Medium-Low,Low,Low,Medium-High,Medium-Low
INV01176,2025-04-20,Plant D,P004,Gear Assembly,Assemblies,3105,1159,1414,2850,575,Healthy,540,1539000,2025,2025-04,Sunday,Medium-High,Medium-High,High,Medium-High,Medium-Low,Medium-High
INV01177,2025-03-14,Plant C,P001,Industrial Pump,Pumps,4374,706,655,4425,751,Healthy,420,1858500,2025,2025-03,Friday,High,Medium-Low,Medium-Low,High,Medium-High,Medium-High
INV01178,2025-12-12,Plant C,P005,Control Panel,Electrical,2579,1072,805,2846,864,Healthy,680,1935280,2025,2025-12,Friday,Medium-High,Medium-High,Medium-Low,Medium-High,High,High
INV01179,2025-10-20,Plant D,P003,Electric Motor,Motors,3572,1631,572,4631,785,Healthy,760,3519560,2025,2025-10,Monday,Medium-High,High,Medium-Low,High,High,High
INV01180,2025-05-23,Plant A,P004,Gear Assembly,Assemblies,624,1530,1702,452,406,Healthy,540,244080,2025,2025-05,Friday,Low,High,High,Low,Low,Low
INV01181,2025-09-17,Plant C,P006,Bearing Unit,Components,2890,120,314,2696,866,Healthy,125,337000,2025,2025-09,Wednesday,Medium-High,Low,Low,Medium-High,High,Low
INV01182,2025-09-02,Plant A,P002,Hydraulic Valve,Valves,2470,1784,1597,2657,545,Healthy,185,491545,2025,2025-09,Tuesday,Medium-Low,High,High,Medium-High,Medium-Low,Medium-Low
INV01183,2025-12-06,Plant A,P004,Gear Assembly,Assemblies,1384,1240,1739,885,463,Healthy,540,477900,2025,2025-12,Saturday,Medium-Low,Medium-High,High,Low,Medium-Low,Medium-Low
INV01184,2025-06-04,Plant D,P002,Hydraulic Valve,Valves,1735,625,1111,1249,826,Healthy,185,231065,2025,2025-06,Wednesday,Medium-Low,Medium-Low,Medium-High,Low,High,Low
INV01185,2025-05-29,Plant C,P001,Industrial Pump,Pumps,1823,525,1204,1144,300,Healthy,420,480480,2025,2025-05,Thursday,Medium-Low,Medium-Low,Medium-High,Low,Low,Medium-Low
INV01186,2025-03-01,Plant C,P003,Electric Motor,Motors,2546,1597,431,3712,436,Healthy,760,2821120,2025,2025-03,Saturday,Medium-High,High,Low,High,Low,High
INV01187,2025-03-27,Plant D,P006,Bearing Unit,Components,4532,1066,1298,4300,450,Healthy,125,537500,2025,2025-03,Thursday,High,Medium-High,Medium-High,High,Low,Medium-Low
INV01188,2025-07-11,Plant A,P005,Control Panel,Electrical,4314,751,1216,3849,479,Healthy,680,2617320,2025,2025-07,Friday,High,Medium-Low,Medium-High,High,Medium-Low,High
INV01189,2025-11-23,Plant A,P005,Control Panel,Electrical,1681,95,480,1296,786,Healthy,680,881280,2025,2025-11,Sunday,Medium-Low,Low,Low,Medium-Low,High,Medium-Low
INV01190,2025-07-01,Plant D,P003,Electric Motor,Motors,2560,26,438,2148,317,Healthy,760,1632480,2025,2025-07,Tuesday,Medium-High,Low,Low,Medium-Low,Low,Medium-High
INV01191,2025-10-14,Plant A,P001,Industrial Pump,Pumps,679,835,103,1411,524,Healthy,420,592620,2025,2025-10,Tuesday,Low,Medium-Low,Low,Medium-Low,Medium-Low,Medium-Low
INV01192,2025-09-30,Plant A,P001,Industrial Pump,Pumps,4041,1265,73,5233,404,Healthy,420,2197860,2025,2025-09,Tuesday,High,Medium-High,Low,High,Low,High
INV01193,2025-09-12,Plant C,P004,Gear Assembly,Assemblies,295,486,444,337,364,Reorder,540,181980,2025,2025-09,Friday,Low,Medium-Low,Low,Low,Low,Low
INV01194,2025-01-07,Plant A,P001,Industrial Pump,Pumps,432,239,682,0,632,Reorder,420,0,2025,2025-01,Tuesday,Low,Low,Medium-Low,Low,Medium-High,Low
INV01195,2025-05-06,Plant A,P004,Gear Assembly,Assemblies,3191,1327,168,4350,671,Healthy,540,2349000,2025,2025-05,Tuesday,Medium-High,High,Low,High,Medium-High,High
INV01196,2025-03-24,Plant A,P002,Hydraulic Valve,Valves,4818,66,1746,3138,506,Healthy,185,580530,2025,2025-03,Monday,High,Low,High,Medium-High,Medium-Low,Medium-Low
INV01197,2025-01-28,Plant A,P003,Electric Motor,Motors,757,1304,1032,1029,528,Healthy,760,782040,2025,2025-01,Tuesday,Low,Medium-High,Medium-High,Low,Medium-Low,Medium-Low
INV01198,2025-09-23,Plant D,P002,Hydraulic Valve,Valves,803,1215,1659,359,880,Reorder,185,66415,2025,2025-09,Tuesday,Low,Medium-High,High,Low,High,Low
INV01199,2025-10-10,Plant D,P002,Hydraulic Valve,Valves,1549,1142,1258,1433,441,Healthy,185,265105,2025,2025-10,Friday,Medium-Low,Medium-High,Medium-High,Medium-Low,Low,Low
INV01200,2025-09-08,Plant D,P002,Hydraulic Valve,Valves,1352,1175,241,2286,630,Healthy,185,422910,2025,2025-09,Monday,Low,Medium-High,Low,Medium-Low,Medium-High,Medium-Low
